request_id,hour,pickup_zone,dropoff_zone,vehicle_tier,distance_km,duration_min,weather_condition,precipitation_mm_h,visibility_km,temperature_c,congestion_index,traffic_incidents,active_drivers,open_requests,dsr_ratio,rider_loyalty,subtotal_base_fare,weather_multiplier,traffic_multiplier,dsr_multiplier,time_multiplier,total_surge_multiplier,final_fare,driver_payout,platform_commission,acceptance_probability,is_accepted,is_capped
REQ-000001,3,DOWNTOWN,FINANCIAL_DISTRICT,XL,8.37,16.7,DRIZZLE,0.0,10.0,29.1,0.22,1,21,39,1.86,REGULAR,33.6,0.1,0.121,0.301,0.15,1.67,56.11,44.33,11.78,0.6346,1,0
REQ-000002,0,FINANCIAL_DISTRICT,TECH_CORRIDOR,COMFORT,13.68,30.0,RAIN,4.9,5.7,12.5,0.36,1,32,22,0.69,REGULAR,40.57,0.305,0.159,0.0,0.15,1.61,65.32,51.46,13.86,0.6673,1,0
REQ-000003,12,AIRPORT,DOWNTOWN,PREMIUM,15.94,50.4,CLEAR,0.0,10.0,12.9,0.4,0,12,15,1.25,REGULAR,95.47,0.0,0.058,0.087,0.0,1.15,109.79,83.77,26.02,0.8581,1,0
REQ-000004,11,DOWNTOWN,AIRPORT,STANDARD,11.88,28.9,CLEAR,0.0,10.0,14.6,0.33,0,48,31,0.65,REGULAR,27.96,0.0,0.027,0.0,0.0,1.03,28.8,21.68,7.12,0.8897,1,0
REQ-000005,17,SUBURB_NORTH,TECH_CORRIDOR,XL,27.73,74.8,CLEAR,0.0,10.0,13.8,0.43,0,33,44,1.33,REGULAR,109.11,0.013,0.074,0.116,0.25,1.45,158.21,123.57,34.64,0.7465,0,0
REQ-000006,20,TECH_CORRIDOR,AIRPORT,COMFORT,19.04,44.8,CLEAR,0.0,10.0,12.2,0.27,0,45,61,1.36,REGULAR,56.08,0.0,0.009,0.126,0.0,1.13,63.37,48.26,15.11,0.8639,0,0
REQ-000007,4,FINANCIAL_DISTRICT,TECH_CORRIDOR,STANDARD,21.65,65.1,DRIZZLE,0.0,10.0,26.4,0.08,0,41,42,1.02,PLATINUM,52.84,0.1,0.0,0.0,0.0,1.1,58.12,44.12,14.0,0.9405,1,0
REQ-000008,9,DOWNTOWN,FINANCIAL_DISTRICT,XL,21.98,50.0,CLEAR,0.0,10.0,17.3,0.79,0,19,74,3.89,PLATINUM,82.16,0.068,0.599,1.012,0.2,2.88,236.62,192.91,43.71,0.1806,0,0
REQ-000009,16,AIRPORT,FINANCIAL_DISTRICT,COMFORT,11.72,23.7,THUNDERSTORM,44.0,1.7,8.0,0.44,0,23,20,0.87,REGULAR,34.5,1.2,0.08,0.0,0.0,2.28,78.66,63.41,15.25,0.2866,0,0
REQ-000010,5,DOWNTOWN,AIRPORT,COMFORT,19.15,59.9,CLEAR,0.0,10.0,28.6,0.13,0,20,49,2.45,REGULAR,63.05,0.0,0.0,0.508,0.0,1.51,95.21,74.62,20.59,0.7183,1,0
REQ-000011,10,AIRPORT,TECH_CORRIDOR,PREMIUM,5.15,10.9,CLEAR,0.0,10.0,20.0,0.05,0,12,14,1.17,GOLD,31.69,0.0,0.0,0.0,0.0,1.0,31.69,23.77,7.92,0.9334,1,0
REQ-000012,18,FINANCIAL_DISTRICT,SUBURB_NORTH,PREMIUM,7.57,15.0,DRIZZLE,0.0,10.0,11.6,0.58,1,50,65,1.3,REGULAR,41.95,0.1,0.446,0.105,0.25,1.9,79.7,63.55,16.15,0.5,1,0
REQ-000013,3,DOWNTOWN,FINANCIAL_DISTRICT,STANDARD,12.47,28.4,CLEAR,0.0,10.0,10.1,0.22,0,12,66,5.5,GOLD,28.53,0.0,0.001,1.2,0.15,2.35,67.05,54.14,12.91,0.3543,0,0
REQ-000014,7,DOWNTOWN,FINANCIAL_DISTRICT,STANDARD,27.19,84.2,CLEAR,0.0,10.0,18.1,0.58,1,32,10,0.31,PLATINUM,66.46,0.0,0.445,0.0,0.2,1.65,109.66,86.56,23.1,0.8085,1,0
REQ-000015,17,SUBURB_NORTH,AIRPORT,PREMIUM,20.11,56.8,DRIZZLE,0.0,10.0,18.1,0.5,1,55,79,1.44,REGULAR,112.59,0.1,0.24,0.154,0.25,1.74,195.91,155.26,40.65,0.5948,1,0
REQ-000016,5,DOWNTOWN,TECH_CORRIDOR,COMFORT,3.48,8.7,CLEAR,0.0,10.0,6.8,0.21,0,45,15,0.33,REGULAR,14.15,0.04,0.0,0.0,0.0,1.04,14.72,11.1,3.62,0.8874,1,0
REQ-000017,7,TECH_CORRIDOR,AIRPORT,XL,7.31,20.5,CLEAR,0.0,10.0,8.5,0.61,0,8,68,8.5,REGULAR,33.65,0.0,0.359,1.2,0.2,2.76,92.87,75.57,17.3,0.1126,0,0
REQ-000018,11,DOWNTOWN,FINANCIAL_DISTRICT,COMFORT,15.15,30.1,HEAVY_RAIN,55.2,1.4,9.3,0.33,0,49,77,1.57,REGULAR,43.05,1.2,0.027,0.2,0.0,2.43,104.61,84.61,20.0,0.2189,0,0
REQ-000019,23,AIRPORT,DOWNTOWN,COMFORT,8.88,27.0,DRIZZLE,0.0,10.0,12.4,0.34,0,24,74,3.08,REGULAR,31.3,0.1,0.03,0.728,0.15,2.01,62.91,50.34,12.57,0.4344,0,0
REQ-000020,10,DOWNTOWN,FINANCIAL_DISTRICT,PREMIUM,23.56,43.9,RAIN,10.6,5.0,25.0,0.22,1,12,29,2.42,REGULAR,111.28,0.369,0.121,0.497,0.0,1.99,221.45,177.1,44.35,0.4462,0,0
REQ-000021,1,TECH_CORRIDOR,FINANCIAL_DISTRICT,PREMIUM,5.31,11.8,HEAVY_RAIN,28.4,1.1,7.8,0.4,0,17,40,2.35,GOLD,32.9,1.025,0.058,0.472,0.15,2.7,88.83,72.22,16.61,0.1915,0,0
REQ-000022,13,FINANCIAL_DISTRICT,TECH_CORRIDOR,STANDARD,6.66,20.6,RAIN,13.4,7.2,12.2,0.09,0,22,35,1.59,GOLD,18.53,0.419,0.0,0.207,0.0,1.63,30.2,23.82,6.38,0.7555,1,0
REQ-000023,10,AIRPORT,FINANCIAL_DISTRICT,COMFORT,2.62,5.4,CLEAR,0.0,10.0,6.9,0.19,0,42,52,1.24,PLATINUM,11.25,0.014,0.0,0.084,0.0,1.1,12.38,9.4,2.98,0.9405,1,0
REQ-000024,11,AIRPORT,FINANCIAL_DISTRICT,XL,2.99,7.9,RAIN,6.8,6.4,18.8,0.28,0,8,76,9.5,PLATINUM,17.02,0.327,0.011,1.2,0.0,2.54,43.23,35.04,8.19,0.3327,0,0
REQ-000025,10,FINANCIAL_DISTRICT,SUBURB_NORTH,PREMIUM,3.82,10.4,DRIZZLE,0.0,10.0,22.9,0.41,0,28,61,2.18,REGULAR,27.54,0.1,0.063,0.413,0.0,1.58,43.51,34.23,9.28,0.6831,1,0
REQ-000026,19,FINANCIAL_DISTRICT,TECH_CORRIDOR,PREMIUM,19.61,60.1,DRIZZLE,0.0,10.0,16.0,0.54,0,46,51,1.11,REGULAR,114.0,0.132,0.282,0.0,0.25,1.66,189.24,149.45,39.79,0.6401,1,0
REQ-000027,21,FINANCIAL_DISTRICT,TECH_CORRIDOR,COMFORT,19.13,42.0,DRIZZLE,0.0,10.0,14.1,0.35,0,20,28,1.4,REGULAR,54.96,0.127,0.034,0.14,0.0,1.3,71.45,55.24,16.21,0.8085,1,0
REQ-000028,6,SUBURB_NORTH,DOWNTOWN,PREMIUM,12.78,34.3,RAIN,7.6,5.6,9.0,0.41,0,57,64,1.12,REGULAR,72.93,0.336,0.063,0.0,0.0,1.4,102.1,79.49,22.61,0.7685,0,0
REQ-000029,3,TECH_CORRIDOR,SUBURB_NORTH,STANDARD,16.49,50.9,CLEAR,0.0,10.0,26.6,0.45,0,36,74,2.06,REGULAR,41.42,0.0,0.086,0.371,0.15,1.61,66.69,52.54,14.15,0.6673,0,0
REQ-000030,20,SUBURB_NORTH,FINANCIAL_DISTRICT,PREMIUM,13.7,39.1,CLEAR,0.0,10.0,26.0,0.15,0,23,44,1.91,REGULAR,79.59,0.0,0.0,0.318,0.0,1.32,105.06,81.34,23.72,0.8009,0,0
REQ-000031,22,DOWNTOWN,AIRPORT,COMFORT,8.01,22.2,CLEAR,0.0,10.0,16.2,0.24,1,34,59,1.74,PLATINUM,27.71,0.0,0.123,0.259,0.0,1.38,38.24,29.73,8.51,0.8897,1,0
REQ-000032,12,DOWNTOWN,TECH_CORRIDOR,PREMIUM,2.15,4.9,HEAVY_RAIN,58.1,1.5,25.2,0.29,0,35,72,2.06,REGULAR,18.19,1.2,0.014,0.371,0.0,2.58,46.93,38.07,8.86,0.1636,0,0
REQ-000033,17,SUBURB_NORTH,FINANCIAL_DISTRICT,PREMIUM,25.91,82.2,CLEAR,0.0,10.0,15.6,0.41,0,37,33,0.89,REGULAR,150.42,0.0,0.063,0.0,0.25,1.31,197.05,152.45,44.6,0.8047,1,0
REQ-000034,8,FINANCIAL_DISTRICT,TECH_CORRIDOR,XL,10.78,32.7,RAIN,13.0,5.0,7.2,0.64,0,49,18,0.37,GOLD,48.26,0.396,0.396,0.0,0.2,1.99,96.04,76.81,19.23,0.5656,0,0
REQ-000035,7,DOWNTOWN,AIRPORT,COMFORT,23.82,63.6,CLEAR,0.0,10.0,23.1,0.5,0,18,24,1.33,GOLD,72.42,0.0,0.12,0.116,0.2,1.44,104.28,81.4,22.88,0.8298,1,0
REQ-000036,12,AIRPORT,DOWNTOWN,STANDARD,26.15,68.1,CLEAR,0.0,10.0,24.3,0.33,0,57,48,0.84,GOLD,59.52,0.0,0.027,0.0,0.0,1.03,61.31,46.16,15.15,0.9288,1,0
REQ-000037,2,DOWNTOWN,FINANCIAL_DISTRICT,XL,15.85,43.2,CLEAR,0.0,10.0,14.2,0.38,1,31,68,2.19,GOLD,65.21,0.037,0.168,0.416,0.15,1.77,115.42,91.59,23.83,0.6883,1,0
REQ-000038,18,TECH_CORRIDOR,AIRPORT,PREMIUM,14.09,41.7,CLEAR,0.0,10.0,28.0,0.44,0,37,58,1.57,REGULAR,82.9,0.031,0.08,0.2,0.25,1.56,129.32,101.63,27.69,0.6934,1,0
REQ-000039,10,AIRPORT,FINANCIAL_DISTRICT,PREMIUM,7.52,21.9,CLEAR,0.0,10.0,21.1,0.27,0,23,62,2.7,REGULAR,47.67,0.046,0.009,0.595,0.0,1.65,78.66,62.09,16.57,0.6457,0,0
REQ-000040,7,SUBURB_NORTH,TECH_CORRIDOR,PREMIUM,22.62,43.7,CLEAR,0.0,10.0,11.6,0.57,0,55,80,1.45,REGULAR,108.49,0.0,0.313,0.157,0.2,1.67,181.18,143.15,38.03,0.6346,0,0
REQ-000041,10,AIRPORT,SUBURB_NORTH,XL,7.99,22.5,CLEAR,0.0,10.0,19.5,0.12,0,54,77,1.43,REGULAR,36.28,0.01,0.0,0.15,0.0,1.16,42.08,32.14,9.94,0.8552,0,0
REQ-000042,22,FINANCIAL_DISTRICT,SUBURB_NORTH,COMFORT,11.38,25.3,CLEAR,0.0,10.0,12.4,0.27,0,56,72,1.29,REGULAR,34.66,0.074,0.009,0.102,0.0,1.19,41.25,31.6,9.65,0.8461,1,0
REQ-000043,1,AIRPORT,TECH_CORRIDOR,PREMIUM,13.45,27.7,CLEAR,0.0,10.0,28.3,0.08,0,51,16,0.31,REGULAR,69.2,0.0,0.0,0.0,0.15,1.15,79.58,60.72,18.86,0.8581,1,0
REQ-000044,19,AIRPORT,DOWNTOWN,COMFORT,5.08,14.6,DRIZZLE,0.0,10.0,21.7,0.57,0,45,64,1.42,REGULAR,19.45,0.115,0.315,0.147,0.25,1.83,35.59,28.31,7.28,0.5419,0,0
REQ-000045,2,TECH_CORRIDOR,DOWNTOWN,COMFORT,18.26,39.6,CLEAR,0.0,10.0,9.7,0.05,0,26,14,0.54,REGULAR,52.45,0.0,0.0,0.0,0.15,1.15,60.32,46.03,14.29,0.8581,1,0
REQ-000046,20,SUBURB_NORTH,DOWNTOWN,COMFORT,26.02,75.5,DRIZZLE,0.0,10.0,26.7,0.1,0,25,28,1.12,REGULAR,81.41,0.1,0.0,0.0,0.0,1.1,89.55,67.98,21.57,0.8721,1,0
REQ-000047,22,AIRPORT,SUBURB_NORTH,PREMIUM,5.23,14.5,CLEAR,0.0,10.0,12.4,0.23,0,55,51,0.93,REGULAR,34.96,0.0,0.002,0.0,0.0,1.0,34.96,26.22,8.74,0.8966,1,0
REQ-000048,5,FINANCIAL_DISTRICT,DOWNTOWN,XL,16.98,48.7,CLEAR,0.0,10.0,22.6,0.12,0,39,21,0.54,REGULAR,70.88,0.057,0.0,0.0,0.0,1.06,75.13,56.77,18.36,0.8825,1,0
REQ-000049,9,AIRPORT,DOWNTOWN,COMFORT,10.57,29.3,DRIZZLE,0.0,10.0,15.8,0.42,1,24,51,2.12,REGULAR,35.13,0.11,0.189,0.392,0.2,1.89,66.4,52.93,13.47,0.506,0,0
REQ-000050,11,TECH_CORRIDOR,DOWNTOWN,PREMIUM,12.74,26.3,DRIZZLE,0.0,10.0,18.5,0.07,0,26,66,2.54,GOLD,66.03,0.1,0.0,0.539,0.0,1.64,108.29,85.44,22.85,0.751,1,0
REQ-000051,13,DOWNTOWN,AIRPORT,COMFORT,10.08,18.3,CLEAR,0.0,10.0,31.8,0.23,1,17,73,4.29,PLATINUM,29.37,0.056,0.122,1.151,0.0,2.33,68.43,55.23,13.2,0.4521,1,0
REQ-000052,17,AIRPORT,TECH_CORRIDOR,PREMIUM,27.49,58.9,CLEAR,0.0,10.0,10.1,0.74,1,12,45,3.75,GOLD,135.03,0.0,0.646,0.962,0.25,2.86,386.19,314.76,71.43,0.139,0,0
REQ-000053,18,AIRPORT,SUBURB_NORTH,STANDARD,9.35,20.7,DRIZZLE,0.0,10.0,22.8,0.6,0,56,79,1.41,REGULAR,21.93,0.141,0.348,0.143,0.25,1.88,41.23,32.85,8.38,0.512,0,0
REQ-000054,1,FINANCIAL_DISTRICT,AIRPORT,PREMIUM,8.07,23.3,CLEAR,0.0,10.0,17.8,0.2,0,49,29,0.59,REGULAR,50.4,0.056,0.0,0.0,0.15,1.21,60.98,46.79,14.19,0.8397,1,0
REQ-000055,16,TECH_CORRIDOR,AIRPORT,STANDARD,24.73,59.8,THUNDERSTORM,20.6,0.9,28.5,0.08,0,47,60,1.28,REGULAR,54.84,1.2,0.0,0.098,0.0,2.3,126.13,101.73,24.4,0.2769,0,0
REQ-000056,15,TECH_CORRIDOR,SUBURB_NORTH,XL,18.3,55.7,HEAVY_RAIN,21.4,0.7,22.0,0.45,0,14,22,1.57,REGULAR,77.85,1.029,0.086,0.2,0.0,2.31,179.83,145.07,34.76,0.2721,0,0
REQ-000057,11,DOWNTOWN,FINANCIAL_DISTRICT,XL,22.7,50.2,CLEAR,0.0,10.0,11.6,0.32,0,47,58,1.23,REGULAR,83.79,0.0,0.023,0.08,0.0,1.1,92.17,69.97,22.2,0.8721,1,0
REQ-000058,8,TECH_CORRIDOR,FINANCIAL_DISTRICT,COMFORT,13.99,30.2,DRIZZLE,0.0,10.0,29.3,0.53,0,30,48,1.6,REGULAR,41.17,0.1,0.272,0.21,0.2,1.78,73.28,58.17,15.11,0.5715,1,0
REQ-000059,15,AIRPORT,TECH_CORRIDOR,XL,7.18,16.8,CLEAR,0.0,10.0,15.3,0.17,2,50,60,1.2,REGULAR,31.16,0.0,0.24,0.0,0.0,1.24,38.64,29.73,8.91,0.8298,1,0
REQ-000060,11,DOWNTOWN,TECH_CORRIDOR,XL,22.17,47.0,CLEAR,0.0,10.0,10.1,0.35,0,16,22,1.38,PLATINUM,80.76,0.0,0.034,0.133,0.0,1.17,94.49,72.24,22.25,0.9303,1,0
REQ-000061,2,AIRPORT,TECH_CORRIDOR,STANDARD,17.07,48.2,THUNDERSTORM,33.1,1.5,10.4,0.4,0,25,31,1.24,REGULAR,41.21,1.2,0.058,0.084,0.15,2.49,102.61,83.1,19.51,0.1953,0,0
REQ-000062,2,SUBURB_NORTH,AIRPORT,XL,22.91,56.3,CLEAR,0.0,10.0,31.1,0.34,0,59,56,0.95,REGULAR,87.89,0.04,0.03,0.0,0.15,1.22,107.23,82.36,24.87,0.8364,1,0
REQ-000063,8,AIRPORT,DOWNTOWN,PREMIUM,11.58,33.0,DRIZZLE,0.0,10.0,27.2,0.45,2,43,51,1.19,PLATINUM,68.47,0.164,0.326,0.0,0.2,1.69,115.71,91.51,24.2,0.7931,1,0
REQ-000064,1,DOWNTOWN,TECH_CORRIDOR,XL,18.88,37.1,SNOW,6.7,6.0,-1.7,0.23,0,42,63,1.5,REGULAR,67.91,0.509,0.002,0.175,0.15,1.84,124.95,99.42,25.53,0.5359,0,0
REQ-000065,8,SUBURB_NORTH,DOWNTOWN,PREMIUM,18.01,56.1,CLEAR,0.0,10.0,15.0,0.83,0,51,57,1.12,REGULAR,106.12,0.0,0.658,0.0,0.2,1.86,197.38,157.16,40.22,0.524,0,0
REQ-000066,14,AIRPORT,DOWNTOWN,PREMIUM,9.17,28.9,CLEAR,0.0,10.0,10.7,0.44,1,29,41,1.41,PLATINUM,58.24,0.0,0.2,0.143,0.0,1.34,78.04,60.51,17.53,0.8988,1,0
REQ-000067,7,FINANCIAL_DISTRICT,DOWNTOWN,COMFORT,17.25,50.7,CLEAR,0.0,10.0,9.0,0.4,0,16,79,4.94,REGULAR,55.78,0.052,0.058,1.2,0.2,2.51,140.01,113.43,26.58,0.1879,1,0
REQ-000068,18,DOWNTOWN,AIRPORT,STANDARD,11.31,32.8,CLEAR,0.0,10.0,9.7,0.73,0,38,67,1.76,GOLD,28.62,0.0,0.514,0.266,0.25,2.03,58.1,46.52,11.58,0.5419,1,0
REQ-000069,21,DOWNTOWN,TECH_CORRIDOR,COMFORT,26.58,49.5,CLEAR,0.0,10.0,17.4,0.07,0,51,23,0.45,REGULAR,70.64,0.071,0.0,0.0,0.0,1.07,75.58,57.18,18.4,0.88,0,0
REQ-000070,8,DOWNTOWN,FINANCIAL_DISTRICT,XL,17.82,33.7,DRIZZLE,0.0,10.0,20.8,0.57,0,40,65,1.62,REGULAR,63.64,0.1,0.315,0.217,0.2,1.83,116.46,92.63,23.83,0.5419,0,0
REQ-000071,10,TECH_CORRIDOR,FINANCIAL_DISTRICT,PREMIUM,13.74,29.1,HEAVY_RAIN,35.9,2.3,13.4,0.15,0,38,18,0.47,REGULAR,71.2,0.974,0.0,0.0,0.0,1.97,140.26,112.1,28.16,0.4581,1,0
REQ-000072,18,SUBURB_NORTH,DOWNTOWN,XL,23.11,59.6,SNOW,9.7,6.7,-1.9,0.59,0,26,49,1.88,REGULAR,90.29,0.611,0.337,0.308,0.25,2.51,226.63,183.61,43.02,0.1879,0,0
REQ-000073,17,FINANCIAL_DISTRICT,AIRPORT,PREMIUM,7.83,15.3,CLEAR,0.0,10.0,25.6,0.76,0,60,13,0.22,REGULAR,42.93,0.0,0.555,0.0,0.25,1.81,77.7,61.75,15.95,0.5538,0,0
REQ-000074,10,AIRPORT,DOWNTOWN,COMFORT,9.11,26.1,CLEAR,0.0,10.0,9.9,0.31,1,55,13,0.24,REGULAR,31.28,0.0,0.14,0.0,0.0,1.14,35.66,27.18,8.48,0.861,1,0
REQ-000075,23,SUBURB_NORTH,TECH_CORRIDOR,PREMIUM,10.86,25.2,CLEAR,0.0,10.0,30.4,0.4,0,11,20,1.82,REGULAR,59.83,0.0,0.058,0.287,0.15,1.49,89.15,69.79,19.36,0.7279,1,0
REQ-000076,3,SUBURB_NORTH,TECH_CORRIDOR,PREMIUM,9.1,26.0,CLEAR,0.0,10.0,8.0,0.29,0,22,60,2.73,PLATINUM,55.58,0.0,0.014,0.605,0.15,1.77,98.38,78.06,20.32,0.7599,1,0
REQ-000077,9,FINANCIAL_DISTRICT,SUBURB_NORTH,COMFORT,21.95,63.0,CLEAR,0.0,10.0,5.2,0.48,0,40,55,1.38,REGULAR,69.07,0.006,0.106,0.133,0.2,1.45,100.15,78.22,21.93,0.7465,0,0
REQ-000078,10,DOWNTOWN,TECH_CORRIDOR,STANDARD,13.95,26.6,DRIZZLE,0.0,10.0,20.5,0.22,1,9,51,5.67,REGULAR,29.75,0.1,0.121,1.2,0.0,2.42,72.0,58.23,13.77,0.223,0,0
REQ-000079,13,SUBURB_NORTH,AIRPORT,STANDARD,13.35,26.0,DRIZZLE,0.0,10.0,19.1,0.17,0,18,19,1.06,REGULAR,28.79,0.1,0.0,0.0,0.0,1.1,31.67,24.04,7.63,0.8721,1,0
REQ-000080,20,TECH_CORRIDOR,FINANCIAL_DISTRICT,XL,11.13,35.0,RAIN,5.8,4.6,10.3,0.35,0,57,73,1.28,REGULAR,50.37,0.315,0.034,0.098,0.0,1.45,73.04,57.05,15.99,0.7465,1,0
REQ-000081,4,TECH_CORRIDOR,SUBURB_NORTH,XL,24.47,65.5,CLEAR,0.0,10.0,17.7,0.37,0,12,49,4.08,REGULAR,96.69,0.0,0.043,1.078,0.0,2.12,204.98,164.56,40.42,0.371,1,0
REQ-000082,2,AIRPORT,SUBURB_NORTH,STANDARD,18.76,59.4,DRIZZLE,0.0,10.0,18.7,0.27,0,36,34,0.94,REGULAR,47.24,0.1,0.009,0.0,0.15,1.26,59.52,45.87,13.65,0.8229,1,0
REQ-000083,10,FINANCIAL_DISTRICT,DOWNTOWN,PREMIUM,4.69,14.3,FOG,0.0,10.0,7.3,0.07,0,41,76,1.85,REGULAR,33.29,0.2,0.0,0.297,0.0,1.5,49.94,39.12,10.82,0.7231,1,0
REQ-000084,1,AIRPORT,TECH_CORRIDOR,PREMIUM,22.14,60.9,RAIN,10.8,4.3,7.6,0.16,0,46,29,0.63,REGULAR,121.76,0.371,0.0,0.0,0.15,1.52,185.08,145.14,39.94,0.7134,1,0
REQ-000085,12,FINANCIAL_DISTRICT,SUBURB_NORTH,XL,27.16,75.4,CLEAR,0.0,10.0,24.1,0.27,0,16,77,4.81,REGULAR,108.28,0.0,0.009,1.2,0.0,2.21,239.3,192.58,46.72,0.3221,0,0
REQ-000086,6,TECH_CORRIDOR,AIRPORT,STANDARD,11.43,23.5,CLEAR,0.0,10.0,25.7,0.45,0,58,22,0.38,REGULAR,25.51,0.0,0.086,0.0,0.0,1.09,27.81,21.09,6.72,0.8748,1,0
REQ-000087,19,TECH_CORRIDOR,DOWNTOWN,XL,24.79,66.1,CLEAR,0.0,10.0,9.4,0.75,0,36,15,0.42,REGULAR,97.72,0.031,0.539,0.0,0.25,1.82,177.85,141.4,36.45,0.5479,0,0
REQ-000088,7,FINANCIAL_DISTRICT,TECH_CORRIDOR,XL,21.56,62.5,CLEAR,0.0,10.0,13.4,0.61,0,44,66,1.5,REGULAR,88.78,0.025,0.36,0.175,0.2,1.76,156.25,123.93,32.32,0.5832,1,0
REQ-000089,4,SUBURB_NORTH,TECH_CORRIDOR,COMFORT,23.24,67.9,HEAVY_RAIN,22.1,1.7,15.0,0.33,0,13,30,2.31,REGULAR,73.41,0.941,0.027,0.458,0.0,2.43,178.39,144.29,34.1,0.2189,0,0
REQ-000090,14,FINANCIAL_DISTRICT,TECH_CORRIDOR,STANDARD,26.61,56.2,HEAVY_RAIN,57.2,1.5,15.7,0.2,1,22,13,0.59,REGULAR,55.93,1.2,0.12,0.0,0.0,2.32,129.76,104.7,25.06,0.2674,1,0
REQ-000091,15,AIRPORT,FINANCIAL_DISTRICT,COMFORT,3.0,9.3,DRIZZLE,0.0,10.0,8.7,0.23,1,13,12,0.92,REGULAR,13.64,0.1,0.122,0.0,0.0,1.22,16.64,12.78,3.86,0.8364,1,0
REQ-000092,3,TECH_CORRIDOR,SUBURB_NORTH,STANDARD,22.18,47.3,CLEAR,0.0,10.0,16.3,0.23,1,39,78,2.0,REGULAR,47.28,0.02,0.122,0.35,0.15,1.64,77.54,61.18,16.36,0.6511,1,0
REQ-000093,7,FINANCIAL_DISTRICT,AIRPORT,XL,13.16,35.0,DRIZZLE,0.0,10.0,10.1,0.64,0,42,74,1.76,GOLD,54.64,0.1,0.394,0.266,0.2,1.96,107.09,85.56,21.53,0.5832,1,0
REQ-000094,11,DOWNTOWN,TECH_CORRIDOR,PREMIUM,3.13,7.3,CLEAR,0.0,10.0,5.4,0.19,0,57,52,0.91,REGULAR,22.97,0.019,0.0,0.0,0.0,1.02,23.43,17.62,5.81,0.8921,1,0
REQ-000095,5,AIRPORT,FINANCIAL_DISTRICT,PREMIUM,27.5,67.9,RAIN,3.8,7.1,17.4,0.07,0,27,75,2.78,REGULAR,142.72,0.293,0.0,0.623,0.0,1.92,274.02,218.64,55.38,0.488,0,0
REQ-000096,11,SUBURB_NORTH,AIRPORT,STANDARD,21.59,44.6,HEAVY_RAIN,21.9,2.1,12.4,0.22,0,32,53,1.66,PLATINUM,45.6,0.858,0.001,0.231,0.0,2.09,95.3,76.44,18.86,0.5948,1,0
REQ-000097,2,SUBURB_NORTH,AIRPORT,XL,22.83,64.3,CLEAR,0.0,10.0,31.9,0.17,1,28,47,1.68,REGULAR,92.52,0.0,0.12,0.238,0.15,1.51,139.71,109.5,30.21,0.7183,1,0
REQ-000098,11,SUBURB_NORTH,FINANCIAL_DISTRICT,PREMIUM,11.14,20.7,DRIZZLE,0.0,10.0,16.7,0.37,1,50,61,1.22,REGULAR,56.78,0.1,0.163,0.077,0.0,1.34,76.09,59.0,17.09,0.7931,0,0
REQ-000099,14,FINANCIAL_DISTRICT,DOWNTOWN,COMFORT,24.07,66.2,CLEAR,0.0,10.0,6.8,0.2,0,46,29,0.63,REGULAR,74.01,0.015,0.0,0.0,0.0,1.01,74.75,56.14,18.61,0.8944,0,0
REQ-000100,12,AIRPORT,TECH_CORRIDOR,STANDARD,16.92,43.0,CLEAR,0.0,10.0,12.5,0.06,0,43,25,0.58,REGULAR,39.2,0.07,0.0,0.0,0.0,1.07,41.94,31.73,10.21,0.88,1,0
REQ-000101,6,SUBURB_NORTH,FINANCIAL_DISTRICT,XL,20.04,64.1,CLEAR,0.0,10.0,28.0,0.41,0,51,50,0.98,REGULAR,86.54,0.0,0.063,0.0,0.0,1.06,91.73,69.32,22.41,0.8825,1,0
REQ-000102,22,TECH_CORRIDOR,AIRPORT,XL,24.14,67.5,DRIZZLE,0.0,10.0,26.4,0.1,0,58,73,1.26,REGULAR,97.19,0.1,0.0,0.091,0.0,1.19,115.66,88.59,27.07,0.8461,1,0
REQ-000103,9,AIRPORT,TECH_CORRIDOR,COMFORT,17.91,34.4,CLEAR,0.0,10.0,24.4,0.58,0,16,50,3.12,REGULAR,49.53,0.0,0.327,0.742,0.2,2.27,112.43,90.61,21.82,0.2915,0,0
REQ-000104,20,TECH_CORRIDOR,AIRPORT,COMFORT,24.83,71.8,DRIZZLE,0.0,10.0,25.7,0.25,0,41,29,0.71,REGULAR,77.78,0.1,0.005,0.0,0.0,1.1,85.56,64.95,20.61,0.8721,1,0
REQ-000105,20,FINANCIAL_DISTRICT,SUBURB_NORTH,XL,23.99,51.6,SNOW,6.3,6.5,-13.6,0.29,0,47,53,1.13,GOLD,87.34,0.743,0.014,0.0,0.0,1.76,153.72,121.93,31.79,0.6934,1,0
REQ-000106,8,DOWNTOWN,FINANCIAL_DISTRICT,STANDARD,26.66,76.8,DRIZZLE,0.0,10.0,25.7,0.69,0,26,48,1.85,REGULAR,63.21,0.1,0.458,0.297,0.2,2.06,130.21,104.36,25.85,0.4052,0,0
REQ-000107,14,SUBURB_NORTH,AIRPORT,PREMIUM,3.9,7.3,CLEAR,0.0,10.0,17.5,0.11,0,30,61,2.03,REGULAR,25.13,0.0,0.0,0.36,0.0,1.36,34.18,26.54,7.64,0.7852,1,0
REQ-000108,14,TECH_CORRIDOR,DOWNTOWN,XL,8.29,16.3,CLEAR,0.0,10.0,7.6,0.2,0,18,51,2.83,PLATINUM,33.19,0.0,0.0,0.64,0.0,1.64,54.43,42.95,11.48,0.8121,1,0
REQ-000109,9,FINANCIAL_DISTRICT,AIRPORT,PREMIUM,27.9,68.5,CLEAR,0.0,10.0,7.4,0.61,0,11,16,1.45,REGULAR,144.35,0.0,0.359,0.157,0.2,1.72,248.28,196.6,51.68,0.6064,1,0
REQ-000110,8,SUBURB_NORTH,AIRPORT,STANDARD,24.03,57.8,RAIN,12.2,5.5,15.8,0.49,0,40,67,1.68,GOLD,53.27,0.387,0.113,0.238,0.2,1.94,103.34,82.51,20.83,0.5948,1,0
REQ-000111,10,TECH_CORRIDOR,DOWNTOWN,COMFORT,27.35,64.3,DRIZZLE,0.0,10.0,14.9,0.29,0,10,27,2.7,GOLD,78.56,0.1,0.014,0.595,0.0,1.71,134.34,106.33,28.01,0.7183,0,0
REQ-000112,10,TECH_CORRIDOR,SUBURB_NORTH,COMFORT,17.76,44.8,THUNDERSTORM,32.7,1.5,21.6,0.29,0,39,48,1.23,REGULAR,53.96,1.2,0.014,0.08,0.0,2.29,123.57,99.64,23.93,0.2817,1,0
REQ-000113,23,AIRPORT,DOWNTOWN,PREMIUM,17.18,50.1,HEAVY_RAIN,45.2,2.0,12.2,0.44,0,11,71,6.45,REGULAR,98.69,1.109,0.08,1.2,0.15,3.5,345.41,283.73,61.68,0.021,0,1
REQ-000114,18,TECH_CORRIDOR,SUBURB_NORTH,COMFORT,23.36,50.0,SNOW,4.3,4.1,-12.7,0.58,0,55,17,0.31,GOLD,65.54,0.702,0.327,0.0,0.25,2.28,149.43,120.46,28.97,0.3936,0,0
REQ-000115,5,TECH_CORRIDOR,AIRPORT,PREMIUM,15.66,35.1,CLEAR,0.0,10.0,19.4,0.32,0,59,43,0.73,REGULAR,81.69,0.0,0.023,0.0,0.0,1.02,83.32,62.65,20.67,0.8921,1,0
REQ-000116,9,FINANCIAL_DISTRICT,SUBURB_NORTH,XL,7.85,24.8,RAIN,11.5,6.8,18.2,0.65,0,26,25,0.96,REGULAR,37.36,0.379,0.408,0.0,0.2,1.99,74.35,59.46,14.89,0.4462,0,0
REQ-000117,22,SUBURB_NORTH,AIRPORT,COMFORT,9.55,21.0,CLEAR,0.0,10.0,29.9,0.35,0,25,44,1.76,REGULAR,29.71,0.0,0.034,0.266,0.0,1.3,38.62,29.86,8.76,0.8085,1,0
REQ-000118,7,TECH_CORRIDOR,FINANCIAL_DISTRICT,COMFORT,3.32,10.2,DRIZZLE,0.0,10.0,6.4,0.72,1,57,27,0.47,REGULAR,14.57,0.1,0.619,0.0,0.2,1.92,27.97,22.32,5.65,0.488,0,0
REQ-000119,9,FINANCIAL_DISTRICT,TECH_CORRIDOR,PREMIUM,14.41,30.0,CLEAR,0.0,10.0,22.4,0.44,0,54,14,0.26,PLATINUM,73.85,0.054,0.08,0.0,0.2,1.33,98.22,76.1,22.12,0.901,1,0
REQ-000120,23,FINANCIAL_DISTRICT,DOWNTOWN,PREMIUM,22.49,46.3,SNOW,14.1,7.5,-6.5,0.44,0,42,77,1.83,REGULAR,110.32,0.689,0.08,0.29,0.15,2.21,243.81,196.21,47.6,0.3221,0,0
REQ-000121,5,TECH_CORRIDOR,SUBURB_NORTH,XL,7.01,13.7,RAIN,10.8,6.9,5.4,0.17,0,47,61,1.3,GOLD,28.94,0.371,0.0,0.105,0.0,1.48,42.83,33.51,9.32,0.8158,1,0
REQ-000122,10,DOWNTOWN,TECH_CORRIDOR,STANDARD,6.8,13.6,THUNDERSTORM,20.3,1.5,17.1,0.18,0,24,56,2.33,REGULAR,16.26,1.128,0.0,0.465,0.0,2.59,42.11,34.17,7.94,0.1603,1,0
REQ-000123,22,DOWNTOWN,TECH_CORRIDOR,XL,6.15,17.0,RAIN,11.3,6.6,30.4,0.14,0,37,57,1.54,REGULAR,29.12,0.377,0.0,0.189,0.0,1.57,45.72,35.95,9.77,0.6883,1,0
REQ-000124,2,SUBURB_NORTH,FINANCIAL_DISTRICT,COMFORT,19.69,51.9,CLEAR,0.0,10.0,19.3,0.42,1,43,74,1.72,REGULAR,60.35,0.0,0.189,0.252,0.15,1.59,95.96,75.53,20.43,0.6779,1,0
REQ-000125,18,FINANCIAL_DISTRICT,SUBURB_NORTH,PREMIUM,5.02,10.5,CLEAR,0.0,10.0,29.3,0.43,1,34,68,2.0,REGULAR,30.98,0.0,0.194,0.35,0.25,1.79,55.45,44.03,11.42,0.5656,1,0
REQ-000126,6,AIRPORT,DOWNTOWN,PREMIUM,8.62,15.6,DRIZZLE,0.0,10.0,6.2,0.08,0,12,70,5.83,REGULAR,45.4,0.1,0.0,1.2,0.0,2.3,104.42,84.22,20.2,0.2769,0,0
REQ-000127,12,FINANCIAL_DISTRICT,TECH_CORRIDOR,XL,27.81,64.9,CLEAR,0.0,10.0,23.4,0.27,0,19,78,4.11,REGULAR,103.34,0.0,0.009,1.089,0.0,2.1,217.01,174.12,42.89,0.3823,1,0
REQ-000128,23,FINANCIAL_DISTRICT,DOWNTOWN,STANDARD,27.44,67.2,CLEAR,0.0,10.0,19.4,0.15,0,54,24,0.44,REGULAR,60.82,0.029,0.0,0.0,0.15,1.18,71.77,54.92,16.85,0.8492,1,0
REQ-000129,1,TECH_CORRIDOR,DOWNTOWN,COMFORT,7.36,14.3,CLEAR,0.0,10.0,23.1,0.15,1,36,39,1.08,REGULAR,23.08,0.044,0.12,0.0,0.15,1.31,30.23,23.39,6.84,0.8047,1,0
REQ-000130,18,DOWNTOWN,AIRPORT,XL,8.09,24.9,CLEAR,0.0,10.0,21.1,0.54,0,50,76,1.52,REGULAR,37.93,0.0,0.284,0.182,0.25,1.72,65.24,51.66,13.58,0.6064,1,0
REQ-000131,11,DOWNTOWN,AIRPORT,PREMIUM,16.45,30.7,SNOW,11.1,7.1,-8.8,0.2,0,22,48,2.18,GOLD,80.15,0.701,0.0,0.413,0.0,2.11,169.12,135.74,33.38,0.494,1,0
REQ-000132,4,SUBURB_NORTH,DOWNTOWN,PREMIUM,27.16,70.1,CLEAR,0.0,10.0,11.9,0.08,0,42,34,0.81,REGULAR,143.63,0.0,0.0,0.0,0.0,1.0,143.63,107.72,35.91,0.8966,1,0
REQ-000133,23,TECH_CORRIDOR,DOWNTOWN,STANDARD,6.89,19.7,DRIZZLE,0.0,10.0,10.9,0.41,0,21,34,1.62,PLATINUM,18.5,0.1,0.063,0.217,0.15,1.53,28.3,22.2,6.1,0.8492,1,0
REQ-000134,10,SUBURB_NORTH,FINANCIAL_DISTRICT,COMFORT,12.31,26.3,RAIN,7.6,6.1,14.7,0.26,0,54,70,1.3,GOLD,36.65,0.336,0.007,0.105,0.0,1.45,53.14,41.5,11.64,0.8264,1,0
REQ-000135,7,FINANCIAL_DISTRICT,SUBURB_NORTH,XL,12.76,33.0,RAIN,3.2,6.2,20.8,0.53,0,44,41,0.93,REGULAR,52.6,0.286,0.272,0.0,0.2,1.76,92.58,73.43,19.15,0.5832,0,0
REQ-000136,15,AIRPORT,SUBURB_NORTH,PREMIUM,27.13,73.2,CLEAR,0.0,10.0,24.8,0.11,0,42,17,0.4,REGULAR,146.18,0.0,0.0,0.0,0.0,1.0,146.18,109.64,36.54,0.8966,1,0
REQ-000137,7,DOWNTOWN,FINANCIAL_DISTRICT,STANDARD,12.72,37.9,CLEAR,0.0,10.0,9.1,0.61,1,48,71,1.48,REGULAR,32.16,0.0,0.479,0.168,0.2,1.85,59.5,47.36,12.14,0.53,1,0
REQ-000138,17,TECH_CORRIDOR,SUBURB_NORTH,STANDARD,2.43,6.8,BLIZZARD,20.7,2.5,-2.9,0.45,1,17,40,2.35,REGULAR,8.42,1.2,0.206,0.472,0.25,3.13,26.35,21.56,4.79,0.0496,0,0
REQ-000139,14,AIRPORT,SUBURB_NORTH,PREMIUM,4.05,12.7,DRIZZLE,0.0,10.0,31.7,0.32,0,49,14,0.29,REGULAR,30.13,0.1,0.023,0.0,0.0,1.12,33.75,25.67,8.08,0.8667,1,0
REQ-000140,2,TECH_CORRIDOR,SUBURB_NORTH,STANDARD,18.56,51.7,CLEAR,0.0,10.0,16.7,0.28,0,41,15,0.37,REGULAR,44.29,0.017,0.011,0.0,0.15,1.18,52.26,39.99,12.27,0.8492,0,0
REQ-000141,8,TECH_CORRIDOR,SUBURB_NORTH,XL,3.21,6.1,HEAVY_RAIN,42.5,0.6,30.1,0.83,0,53,60,1.13,PLATINUM,16.4,1.2,0.659,0.0,0.2,3.06,50.18,41.01,9.17,0.1252,0,0
REQ-000142,12,TECH_CORRIDOR,FINANCIAL_DISTRICT,PREMIUM,19.6,50.1,RAIN,4.7,8.0,24.6,0.44,1,35,39,1.11,GOLD,105.47,0.303,0.2,0.0,0.0,1.5,158.2,123.92,34.28,0.8085,1,0
REQ-000143,14,TECH_CORRIDOR,SUBURB_NORTH,XL,2.77,6.0,CLEAR,0.0,10.0,14.6,0.22,0,13,47,3.62,GOLD,15.42,0.064,0.001,0.917,0.0,1.98,30.53,24.41,6.12,0.5715,0,0
REQ-000144,4,DOWNTOWN,SUBURB_NORTH,COMFORT,11.88,34.4,RAIN,6.8,4.4,5.1,0.19,0,19,65,3.42,REGULAR,39.58,0.327,0.0,0.847,0.0,2.17,85.89,69.05,16.84,0.3434,0,0
REQ-000145,19,SUBURB_NORTH,DOWNTOWN,STANDARD,4.33,11.2,DRIZZLE,0.0,10.0,13.8,0.53,0,43,41,0.95,REGULAR,12.33,0.1,0.272,0.0,0.25,1.62,19.97,15.74,4.23,0.662,1,0
REQ-000146,4,SUBURB_NORTH,FINANCIAL_DISTRICT,COMFORT,8.99,19.6,CLEAR,0.0,10.0,16.7,0.24,1,24,41,1.71,GOLD,28.15,0.0,0.123,0.248,0.0,1.37,38.57,29.97,8.6,0.8522,1,0
REQ-000147,12,TECH_CORRIDOR,FINANCIAL_DISTRICT,PREMIUM,4.78,10.6,CLEAR,0.0,10.0,21.7,0.18,0,49,27,0.55,REGULAR,30.39,0.023,0.0,0.0,0.0,1.02,31.0,23.31,7.69,0.8921,1,0
REQ-000148,10,FINANCIAL_DISTRICT,TECH_CORRIDOR,XL,6.62,15.6,CLEAR,0.0,10.0,23.8,0.28,0,60,60,1.0,REGULAR,29.26,0.0,0.011,0.0,0.0,1.01,29.55,22.19,7.36,0.8944,0,0
REQ-000149,22,FINANCIAL_DISTRICT,AIRPORT,STANDARD,26.78,65.5,CLEAR,0.0,10.0,26.5,0.08,0,51,73,1.43,REGULAR,59.4,0.031,0.0,0.15,0.0,1.18,70.09,53.64,16.45,0.8492,1,0
REQ-000150,19,AIRPORT,FINANCIAL_DISTRICT,PREMIUM,22.52,42.9,CLEAR,0.0,10.0,15.8,0.81,0,58,56,0.97,GOLD,107.52,0.0,0.629,0.0,0.25,1.88,202.14,161.07,41.07,0.629,0,0
REQ-000151,11,TECH_CORRIDOR,DOWNTOWN,STANDARD,21.99,59.8,CLEAR,0.0,10.0,21.5,0.31,0,29,65,2.24,REGULAR,51.42,0.0,0.02,0.434,0.0,1.45,74.56,58.23,16.33,0.7465,1,0
REQ-000152,21,FINANCIAL_DISTRICT,AIRPORT,PREMIUM,11.73,28.7,DRIZZLE,0.0,10.0,18.5,0.06,1,34,20,0.59,REGULAR,65.23,0.1,0.12,0.0,0.0,1.22,79.58,61.12,18.46,0.8364,0,0
REQ-000153,16,FINANCIAL_DISTRICT,SUBURB_NORTH,XL,10.92,31.6,CLEAR,0.0,10.0,17.9,0.33,0,59,24,0.41,REGULAR,47.89,0.0,0.027,0.0,0.0,1.03,49.33,37.14,12.19,0.8897,1,0
REQ-000154,10,DOWNTOWN,AIRPORT,COMFORT,15.42,39.7,DRIZZLE,0.0,10.0,30.9,0.21,0,35,60,1.71,REGULAR,47.81,0.1,0.0,0.248,0.0,1.35,64.54,50.08,14.46,0.7892,1,0
REQ-000155,6,FINANCIAL_DISTRICT,TECH_CORRIDOR,PREMIUM,12.11,33.7,CLEAR,0.0,10.0,24.0,0.28,0,31,51,1.65,REGULAR,70.56,0.021,0.011,0.227,0.0,1.26,88.91,68.52,20.39,0.8229,1,0
REQ-000156,11,SUBURB_NORTH,AIRPORT,PREMIUM,17.89,46.9,CLEAR,0.0,10.0,17.4,0.32,0,45,20,0.44,REGULAR,97.95,0.0,0.023,0.0,0.0,1.02,99.91,75.13,24.78,0.8921,1,0
REQ-000157,16,FINANCIAL_DISTRICT,SUBURB_NORTH,STANDARD,6.76,18.7,CLEAR,0.0,10.0,21.1,0.22,0,49,32,0.65,REGULAR,17.99,0.0,0.001,0.0,0.0,1.0,17.99,13.49,4.5,0.8966,1,0
REQ-000158,11,FINANCIAL_DISTRICT,AIRPORT,XL,23.89,63.7,SNOW,8.8,4.8,-6.6,0.21,0,36,72,2.0,REGULAR,94.39,0.631,0.0,0.35,0.0,1.98,186.89,149.42,37.47,0.4521,0,0
REQ-000159,5,FINANCIAL_DISTRICT,SUBURB_NORTH,STANDARD,9.15,23.4,RAIN,9.8,7.1,18.4,0.28,0,31,79,2.55,GOLD,22.63,0.36,0.011,0.542,0.0,1.91,43.22,34.47,8.75,0.6121,1,0
REQ-000160,7,SUBURB_NORTH,FINANCIAL_DISTRICT,PREMIUM,4.66,13.8,CLEAR,0.0,10.0,32.0,0.56,0,15,40,2.67,REGULAR,32.78,0.0,0.303,0.584,0.2,2.09,68.51,54.96,13.55,0.3879,0,0
REQ-000161,6,AIRPORT,TECH_CORRIDOR,COMFORT,18.02,52.2,RAIN,9.8,6.1,21.1,0.44,0,40,22,0.55,REGULAR,57.72,0.36,0.08,0.0,0.0,1.44,83.12,64.88,18.24,0.751,1,0
REQ-000162,4,SUBURB_NORTH,DOWNTOWN,XL,24.54,48.5,CLEAR,0.0,10.0,24.2,0.35,0,44,44,1.0,REGULAR,86.63,0.031,0.034,0.0,0.0,1.06,91.83,69.39,22.44,0.8825,1,0
REQ-000163,11,DOWNTOWN,FINANCIAL_DISTRICT,PREMIUM,15.41,33.7,CLEAR,0.0,10.0,18.2,0.4,0,37,55,1.49,GOLD,79.8,0.0,0.058,0.171,0.0,1.23,98.15,75.45,22.7,0.8897,1,0
REQ-000164,10,SUBURB_NORTH,FINANCIAL_DISTRICT,PREMIUM,23.45,58.5,HEAVY_RAIN,33.5,1.9,20.3,0.19,0,14,68,4.86,REGULAR,123.39,0.987,0.0,1.2,0.0,3.19,393.61,322.23,71.38,0.0433,0,0
REQ-000165,6,FINANCIAL_DISTRICT,TECH_CORRIDOR,PREMIUM,2.02,6.3,FOG,0.0,10.0,29.6,0.17,0,13,56,4.31,REGULAR,19.01,0.246,0.0,1.158,0.0,2.4,45.62,36.88,8.74,0.2315,0,0
REQ-000166,7,FINANCIAL_DISTRICT,DOWNTOWN,PREMIUM,18.27,51.5,CLEAR,0.0,10.0,7.5,0.5,1,45,38,0.84,REGULAR,102.93,0.0,0.24,0.0,0.2,1.44,148.22,115.69,32.53,0.751,1,0
REQ-000167,4,DOWNTOWN,SUBURB_NORTH,STANDARD,27.69,66.2,CLEAR,0.0,10.0,11.2,0.37,1,31,48,1.55,REGULAR,60.78,0.0,0.163,0.193,0.0,1.36,82.66,64.18,18.48,0.7852,1,0
REQ-000168,20,FINANCIAL_DISTRICT,AIRPORT,STANDARD,15.79,28.6,CLEAR,0.0,10.0,14.5,0.35,0,36,37,1.03,REGULAR,32.75,0.0,0.034,0.0,0.0,1.03,33.73,25.4,8.33,0.8897,1,0
REQ-000169,4,DOWNTOWN,TECH_CORRIDOR,XL,27.04,60.6,CLEAR,0.0,10.0,22.4,0.29,0,52,13,0.25,GOLD,99.14,0.0,0.014,0.0,0.0,1.01,100.13,75.2,24.93,0.9319,1,0
REQ-000170,1,AIRPORT,FINANCIAL_DISTRICT,COMFORT,21.44,47.5,RAIN,12.5,5.0,15.4,0.31,1,8,56,7.0,PLATINUM,61.26,0.391,0.14,1.2,0.15,2.88,176.43,143.84,32.59,0.1806,1,0
REQ-000171,15,TECH_CORRIDOR,SUBURB_NORTH,XL,16.21,33.1,SNOW,12.2,4.1,-11.1,0.07,0,48,74,1.54,GOLD,59.9,0.759,0.0,0.189,0.0,1.95,116.8,93.29,23.51,0.589,1,0
REQ-000172,16,SUBURB_NORTH,DOWNTOWN,COMFORT,9.21,20.6,THUNDERSTORM,59.0,0.9,13.8,0.36,0,27,65,2.41,GOLD,28.97,1.2,0.039,0.493,0.0,2.73,79.09,64.33,14.76,0.1806,0,0
REQ-000173,19,DOWNTOWN,AIRPORT,STANDARD,26.04,51.1,DRIZZLE,0.0,10.0,13.4,0.73,1,53,27,0.51,GOLD,53.43,0.104,0.634,0.0,0.25,1.99,106.33,85.04,21.29,0.5656,1,0
REQ-000174,8,AIRPORT,SUBURB_NORTH,COMFORT,11.67,33.3,RAIN,4.4,7.6,14.0,0.64,0,48,19,0.4,REGULAR,38.74,0.299,0.395,0.0,0.2,1.89,73.22,58.36,14.86,0.506,0,0
REQ-000175,3,DOWNTOWN,TECH_CORRIDOR,COMFORT,11.56,24.9,HEAVY_RAIN,47.0,0.8,25.0,0.39,1,10,70,7.0,REGULAR,34.78,1.2,0.173,1.2,0.15,3.5,121.73,99.99,21.74,0.021,0,1
REQ-000176,23,FINANCIAL_DISTRICT,DOWNTOWN,PREMIUM,7.84,16.8,CLEAR,0.0,10.0,27.3,0.1,0,22,76,3.45,PLATINUM,44.23,0.0,0.0,0.858,0.15,2.01,88.9,71.14,17.76,0.6401,0,0
REQ-000177,2,DOWNTOWN,TECH_CORRIDOR,XL,22.11,49.4,DRIZZLE,0.0,10.0,5.2,0.28,0,37,57,1.54,REGULAR,82.07,0.1,0.011,0.189,0.15,1.45,119.0,92.94,26.06,0.7465,1,0
REQ-000178,7,FINANCIAL_DISTRICT,AIRPORT,COMFORT,2.17,5.2,CLEAR,0.0,10.0,22.2,0.4,0,32,49,1.53,REGULAR,10.42,0.0,0.058,0.185,0.2,1.44,15.0,11.71,3.29,0.751,1,0
REQ-000179,4,FINANCIAL_DISTRICT,TECH_CORRIDOR,PREMIUM,26.99,85.3,RAIN,4.1,7.7,29.2,0.33,0,13,22,1.69,REGULAR,156.07,0.296,0.027,0.241,0.0,1.56,243.47,191.34,52.13,0.6934,1,0
REQ-000180,7,SUBURB_NORTH,DOWNTOWN,STANDARD,13.31,41.9,CLEAR,0.0,10.0,28.0,0.58,0,36,44,1.22,REGULAR,34.3,0.059,0.325,0.077,0.2,1.66,56.94,44.97,11.97,0.6401,0,0
REQ-000181,10,FINANCIAL_DISTRICT,DOWNTOWN,COMFORT,4.75,11.5,CLEAR,0.0,10.0,19.5,0.13,0,15,21,1.4,REGULAR,17.51,0.071,0.0,0.14,0.0,1.21,21.19,16.26,4.93,0.8397,1,0
REQ-000182,2,TECH_CORRIDOR,DOWNTOWN,COMFORT,23.73,53.6,RAIN,14.6,5.6,6.3,0.38,0,36,80,2.22,REGULAR,67.77,0.414,0.048,0.427,0.15,2.04,138.25,110.74,27.51,0.4168,0,0
REQ-000183,7,FINANCIAL_DISTRICT,DOWNTOWN,STANDARD,3.6,10.4,CLEAR,0.0,10.0,27.2,0.68,0,24,19,0.79,REGULAR,11.14,0.0,0.446,0.0,0.2,1.65,18.38,14.51,3.87,0.6457,1,0
REQ-000184,10,SUBURB_NORTH,FINANCIAL_DISTRICT,STANDARD,25.53,75.6,CLEAR,0.0,10.0,30.4,0.42,0,39,13,0.33,REGULAR,61.37,0.0,0.069,0.0,0.0,1.07,65.67,49.68,15.99,0.88,1,0
REQ-000185,4,AIRPORT,FINANCIAL_DISTRICT,COMFORT,9.15,22.2,CLEAR,0.0,10.0,21.7,0.17,0,11,21,1.91,REGULAR,29.59,0.0,0.0,0.318,0.0,1.32,39.06,30.24,8.82,0.8009,1,0
REQ-000186,11,FINANCIAL_DISTRICT,AIRPORT,STANDARD,27.72,80.2,CLEAR,0.0,10.0,26.1,0.28,0,9,50,5.56,REGULAR,65.72,0.0,0.011,1.2,0.0,2.21,145.24,116.88,28.36,0.3221,1,0
REQ-000187,7,AIRPORT,DOWNTOWN,PREMIUM,15.77,45.3,BLIZZARD,24.0,2.1,-2.8,0.43,0,59,59,1.0,REGULAR,90.66,1.2,0.074,0.0,0.2,2.47,223.93,181.27,42.66,0.2029,0,0
REQ-000188,22,FINANCIAL_DISTRICT,AIRPORT,COMFORT,17.41,51.0,CLEAR,0.0,10.0,21.0,0.19,0,20,73,3.65,REGULAR,56.18,0.0,0.0,0.927,0.0,1.93,108.43,86.55,21.88,0.482,1,0
REQ-000189,16,DOWNTOWN,FINANCIAL_DISTRICT,STANDARD,8.05,17.0,CLEAR,0.0,10.0,14.0,0.37,0,59,51,0.86,REGULAR,19.01,0.0,0.043,0.0,0.0,1.04,19.77,14.9,4.87,0.8874,1,0
REQ-000190,21,FINANCIAL_DISTRICT,DOWNTOWN,XL,26.97,62.7,CLEAR,0.0,10.0,7.7,0.1,0,58,72,1.24,REGULAR,100.26,0.0,0.0,0.084,0.0,1.08,108.28,82.01,26.27,0.8774,1,0
REQ-000191,12,TECH_CORRIDOR,AIRPORT,COMFORT,19.3,56.7,CLEAR,0.0,10.0,23.6,0.34,0,33,14,0.42,REGULAR,61.86,0.0,0.03,0.0,0.0,1.03,63.72,47.98,15.74,0.8897,1,0
REQ-000192,23,TECH_CORRIDOR,FINANCIAL_DISTRICT,STANDARD,26.35,52.6,CLEAR,0.0,10.0,14.4,0.3,0,50,52,1.04,REGULAR,54.35,0.0,0.017,0.0,0.15,1.17,63.59,48.62,14.97,0.8522,1,0
REQ-000193,0,FINANCIAL_DISTRICT,DOWNTOWN,XL,8.67,16.9,CLEAR,0.0,10.0,16.8,0.12,0,30,79,2.63,REGULAR,34.35,0.0,0.0,0.57,0.15,1.72,59.08,46.78,12.3,0.6064,0,0
REQ-000194,1,TECH_CORRIDOR,FINANCIAL_DISTRICT,COMFORT,13.73,40.1,CLEAR,0.0,10.0,13.6,0.08,0,54,19,0.35,REGULAR,45.2,0.067,0.0,0.0,0.15,1.22,55.14,42.35,12.79,0.8364,0,0
REQ-000195,20,DOWNTOWN,SUBURB_NORTH,PREMIUM,20.32,48.8,CLEAR,0.0,10.0,29.0,0.09,0,52,80,1.54,GOLD,106.38,0.0,0.0,0.189,0.0,1.19,126.59,96.96,29.63,0.8988,1,0
REQ-000196,18,AIRPORT,SUBURB_NORTH,XL,8.18,15.3,CLEAR,0.0,10.0,18.3,0.4,1,60,71,1.18,REGULAR,32.36,0.0,0.178,0.0,0.25,1.43,46.27,36.09,10.18,0.7555,1,0
REQ-000197,12,FINANCIAL_DISTRICT,SUBURB_NORTH,STANDARD,14.31,28.1,CLEAR,0.0,10.0,29.2,0.31,0,32,57,1.78,REGULAR,30.72,0.0,0.02,0.273,0.0,1.29,39.63,30.61,9.02,0.8121,1,0
REQ-000198,1,SUBURB_NORTH,TECH_CORRIDOR,XL,7.88,17.1,CLEAR,0.0,10.0,23.8,0.32,0,56,39,0.7,REGULAR,32.81,0.0,0.023,0.0,0.15,1.17,38.39,29.35,9.04,0.8522,1,0
REQ-000199,9,TECH_CORRIDOR,SUBURB_NORTH,PREMIUM,16.89,36.0,CLEAR,0.0,10.0,29.4,0.63,0,51,28,0.55,REGULAR,85.89,0.0,0.382,0.0,0.2,1.58,135.71,106.76,28.95,0.6831,0,0
REQ-000200,13,FINANCIAL_DISTRICT,AIRPORT,COMFORT,23.02,45.5,CLEAR,0.0,10.0,23.4,0.38,1,46,43,0.93,REGULAR,62.96,0.0,0.168,0.0,0.0,1.17,73.66,56.31,17.35,0.8522,1,0
REQ-000201,8,DOWNTOWN,FINANCIAL_DISTRICT,PREMIUM,16.47,42.4,CLEAR,0.0,10.0,29.8,0.72,0,15,63,4.2,REGULAR,90.16,0.0,0.497,1.12,0.2,2.82,254.25,207.1,47.15,0.099,0,0
REQ-000202,9,TECH_CORRIDOR,DOWNTOWN,STANDARD,16.63,32.3,HEAVY_RAIN,55.2,2.7,12.1,0.66,0,33,28,0.85,REGULAR,35.09,1.13,0.42,0.0,0.2,2.75,96.5,78.52,17.98,0.1151,0,0
REQ-000203,7,SUBURB_NORTH,DOWNTOWN,PREMIUM,25.13,56.9,CLEAR,0.0,10.0,17.8,0.57,0,27,45,1.67,GOLD,126.72,0.0,0.314,0.234,0.2,1.75,221.76,175.82,45.94,0.6985,0,0
REQ-000204,10,DOWNTOWN,AIRPORT,COMFORT,9.81,27.9,CLEAR,0.0,10.0,16.3,0.13,0,55,72,1.31,GOLD,33.24,0.0,0.0,0.109,0.0,1.11,36.9,28.04,8.86,0.915,1,0
REQ-000205,4,DOWNTOWN,AIRPORT,STANDARD,10.09,25.3,RAIN,9.3,6.3,9.7,0.13,1,10,68,6.8,REGULAR,24.47,0.399,0.12,1.2,0.0,2.72,66.56,54.13,12.43,0.1226,0,0
REQ-000206,20,FINANCIAL_DISTRICT,SUBURB_NORTH,XL,23.41,58.7,THUNDERSTORM,47.2,1.1,18.2,0.43,0,30,30,1.0,GOLD,90.38,1.2,0.074,0.0,0.0,2.27,205.16,165.35,39.81,0.3994,1,0
REQ-000207,18,DOWNTOWN,SUBURB_NORTH,STANDARD,12.05,24.4,RAIN,5.6,4.9,11.1,0.69,0,57,11,0.19,REGULAR,26.6,0.313,0.46,0.0,0.25,2.02,53.73,43.01,10.72,0.4285,1,0
REQ-000208,9,FINANCIAL_DISTRICT,DOWNTOWN,COMFORT,8.56,25.1,RAIN,11.5,5.1,29.2,0.61,0,41,60,1.46,REGULAR,29.92,0.416,0.359,0.161,0.2,2.14,64.03,51.43,12.6,0.3599,1,0
REQ-000209,10,AIRPORT,SUBURB_NORTH,XL,19.79,49.0,FOG,0.0,10.0,22.3,0.15,0,27,34,1.26,REGULAR,76.96,0.24,0.0,0.091,0.0,1.33,102.36,79.31,23.05,0.7971,1,0
REQ-000210,20,DOWNTOWN,TECH_CORRIDOR,XL,19.7,55.4,CLEAR,0.0,10.0,13.0,0.21,0,44,34,0.77,REGULAR,80.61,0.054,0.0,0.0,0.0,1.05,84.64,63.88,20.76,0.8849,1,0
REQ-000211,21,TECH_CORRIDOR,SUBURB_NORTH,XL,15.19,45.3,HEAVY_RAIN,27.2,0.7,8.5,0.37,0,51,52,1.02,REGULAR,65.08,1.036,0.043,0.0,0.0,2.08,135.37,108.56,26.81,0.3936,1,0
REQ-000212,8,FINANCIAL_DISTRICT,SUBURB_NORTH,PREMIUM,22.49,50.9,DRIZZLE,0.0,10.0,17.5,0.42,0,47,19,0.4,REGULAR,114.24,0.1,0.069,0.0,0.2,1.37,156.51,121.61,34.9,0.7811,1,0
REQ-000213,4,DOWNTOWN,TECH_CORRIDOR,XL,12.74,38.5,CLEAR,0.0,10.0,10.4,0.28,0,28,33,1.18,GOLD,55.85,0.0,0.011,0.0,0.0,1.01,56.41,42.36,14.05,0.9319,1,0
REQ-000214,5,FINANCIAL_DISTRICT,SUBURB_NORTH,STANDARD,2.12,4.6,DRIZZLE,0.0,10.0,9.3,0.36,1,35,64,1.83,REGULAR,7.26,0.117,0.159,0.29,0.0,1.57,11.4,8.96,2.44,0.6883,0,0
REQ-000215,0,SUBURB_NORTH,DOWNTOWN,STANDARD,15.88,44.8,HEAVY_RAIN,50.3,1.8,5.5,0.34,0,27,26,0.96,REGULAR,38.53,1.186,0.03,0.0,0.15,2.37,91.32,73.77,17.55,0.2445,0,0
REQ-000216,9,AIRPORT,FINANCIAL_DISTRICT,STANDARD,23.42,51.9,CLEAR,0.0,10.0,19.0,0.6,0,39,55,1.41,GOLD,50.44,0.0,0.347,0.143,0.2,1.69,85.24,67.41,17.83,0.7279,1,0
REQ-000217,6,SUBURB_NORTH,DOWNTOWN,COMFORT,7.83,24.9,RAIN,10.1,4.7,14.9,0.06,0,42,16,0.38,REGULAR,28.63,0.364,0.0,0.0,0.0,1.36,38.94,30.24,8.7,0.7852,1,0
REQ-000218,12,DOWNTOWN,FINANCIAL_DISTRICT,STANDARD,19.93,47.5,CLEAR,0.0,10.0,11.8,0.13,2,34,22,0.65,REGULAR,44.53,0.0,0.24,0.0,0.0,1.24,55.22,42.48,12.74,0.8298,1,0
REQ-000219,23,TECH_CORRIDOR,FINANCIAL_DISTRICT,PREMIUM,23.6,45.9,DRIZZLE,0.0,10.0,12.6,0.25,0,41,35,0.85,REGULAR,113.1,0.117,0.005,0.0,0.15,1.27,143.64,110.78,32.86,0.8194,1,0
REQ-000220,15,FINANCIAL_DISTRICT,DOWNTOWN,PREMIUM,25.67,70.9,CLEAR,0.0,10.0,5.1,0.41,0,17,21,1.24,GOLD,140.15,0.0,0.063,0.084,0.0,1.15,161.17,122.98,38.19,0.9072,1,0
REQ-000221,8,DOWNTOWN,SUBURB_NORTH,COMFORT,13.88,44.0,CLEAR,0.0,10.0,7.7,0.42,0,28,64,2.29,GOLD,47.2,0.0,0.069,0.451,0.2,1.72,81.18,64.28,16.9,0.7134,1,0
REQ-000222,11,DOWNTOWN,FINANCIAL_DISTRICT,COMFORT,19.25,39.2,HEAVY_RAIN,58.2,1.2,24.8,0.19,1,33,68,2.06,REGULAR,53.9,1.2,0.12,0.371,0.0,2.69,144.99,117.85,27.14,0.1306,0,0
REQ-000223,1,SUBURB_NORTH,TECH_CORRIDOR,COMFORT,4.94,13.7,FOG,0.0,10.0,27.8,0.41,0,36,33,0.92,REGULAR,18.82,0.2,0.063,0.0,0.15,1.41,26.54,20.68,5.86,0.7642,0,0
REQ-000224,13,TECH_CORRIDOR,DOWNTOWN,COMFORT,14.56,36.2,CLEAR,0.0,10.0,6.7,0.05,0,55,38,0.69,PLATINUM,44.81,0.0,0.0,0.0,0.0,1.0,44.81,33.61,11.2,0.9526,1,0
REQ-000225,11,AIRPORT,DOWNTOWN,PREMIUM,19.2,41.2,DRIZZLE,0.0,10.0,22.3,0.38,0,8,30,3.75,REGULAR,96.78,0.1,0.048,0.962,0.0,2.11,204.21,163.9,40.31,0.3766,0,0
REQ-000226,10,SUBURB_NORTH,FINANCIAL_DISTRICT,STANDARD,21.54,48.4,BLIZZARD,22.0,1.1,-9.0,0.23,0,39,67,1.72,REGULAR,46.86,1.2,0.002,0.252,0.0,2.45,114.81,92.9,21.91,0.2108,0,0
REQ-000227,0,DOWNTOWN,FINANCIAL_DISTRICT,PREMIUM,12.72,32.8,HEAVY_RAIN,51.7,2.9,22.2,0.27,0,29,56,1.93,GOLD,71.5,1.141,0.009,0.325,0.15,2.62,187.33,152.08,35.25,0.223,0,0
REQ-000228,14,SUBURB_NORTH,AIRPORT,PREMIUM,20.63,47.6,CLEAR,0.0,10.0,25.5,0.19,0,26,80,3.08,REGULAR,106.22,0.0,0.0,0.728,0.0,1.73,183.76,145.57,38.19,0.6006,0,0
REQ-000229,23,DOWNTOWN,AIRPORT,PREMIUM,5.65,15.8,CLEAR,0.0,10.0,11.9,0.1,0,60,34,0.57,GOLD,37.25,0.0,0.0,0.0,0.15,1.15,42.84,32.69,10.15,0.9072,1,0
REQ-000230,21,SUBURB_NORTH,DOWNTOWN,STANDARD,22.08,53.7,DRIZZLE,0.0,10.0,18.6,0.05,0,35,71,2.03,PLATINUM,49.39,0.171,0.0,0.36,0.0,1.53,75.57,59.3,16.27,0.8492,1,0
REQ-000231,19,FINANCIAL_DISTRICT,AIRPORT,COMFORT,4.69,12.8,HEAVY_RAIN,40.2,1.5,31.4,0.74,0,26,67,2.58,GOLD,18.0,1.159,0.527,0.553,0.25,3.49,62.82,51.6,11.22,0.0344,0,0
REQ-000232,20,TECH_CORRIDOR,AIRPORT,XL,20.51,63.8,CLEAR,0.0,10.0,10.7,0.32,0,53,32,0.6,REGULAR,87.35,0.0,0.023,0.0,0.0,1.02,89.1,67.0,22.1,0.8921,1,0
REQ-000233,21,AIRPORT,DOWNTOWN,XL,16.62,43.5,RAIN,11.1,7.6,19.4,0.22,1,14,13,0.93,REGULAR,67.0,0.42,0.121,0.0,0.0,1.54,103.18,81.0,22.18,0.7035,1,0
REQ-000234,9,DOWNTOWN,AIRPORT,XL,21.5,43.5,DRIZZLE,0.0,10.0,9.0,0.75,0,30,67,2.23,REGULAR,77.25,0.1,0.541,0.43,0.2,2.27,175.36,141.33,34.03,0.2915,0,0
REQ-000235,22,TECH_CORRIDOR,FINANCIAL_DISTRICT,PREMIUM,8.18,23.7,CLEAR,0.0,10.0,22.9,0.21,0,28,80,2.86,REGULAR,51.04,0.06,0.0,0.651,0.0,1.71,87.28,69.08,18.2,0.6121,0,0
REQ-000236,20,FINANCIAL_DISTRICT,TECH_CORRIDOR,COMFORT,25.7,71.6,CLEAR,0.0,10.0,20.9,0.13,0,36,32,0.89,PLATINUM,79.12,0.003,0.0,0.0,0.0,1.0,79.12,59.34,19.78,0.9526,1,0
REQ-000237,8,FINANCIAL_DISTRICT,DOWNTOWN,PREMIUM,3.06,6.7,CLEAR,0.0,10.0,20.8,0.55,0,17,51,3.0,REGULAR,22.27,0.0,0.292,0.7,0.2,2.19,48.77,39.23,9.54,0.3327,0,0
REQ-000238,2,TECH_CORRIDOR,AIRPORT,PREMIUM,22.54,57.9,RAIN,6.8,4.9,10.0,0.25,0,13,54,4.15,REGULAR,120.32,0.327,0.005,1.103,0.15,2.58,310.43,251.83,58.6,0.1636,0,0
REQ-000239,19,AIRPORT,SUBURB_NORTH,XL,9.63,30.1,CLEAR,0.0,10.0,31.9,0.84,1,50,54,1.08,REGULAR,44.28,0.029,0.795,0.0,0.25,2.07,91.66,73.48,18.18,0.3994,0,0
REQ-000240,3,TECH_CORRIDOR,FINANCIAL_DISTRICT,STANDARD,19.75,44.4,CLEAR,0.0,10.0,19.6,0.41,0,59,75,1.27,REGULAR,43.23,0.0,0.063,0.095,0.15,1.31,56.63,43.81,12.82,0.8047,1,0
REQ-000241,17,FINANCIAL_DISTRICT,SUBURB_NORTH,STANDARD,26.65,54.2,CLEAR,0.0,10.0,21.9,0.68,0,14,36,2.57,REGULAR,55.28,0.0,0.446,0.549,0.25,2.25,124.38,100.19,24.19,0.3015,0,0
REQ-000242,1,SUBURB_NORTH,DOWNTOWN,COMFORT,2.62,7.3,CLEAR,0.0,10.0,6.5,0.27,0,24,62,2.58,REGULAR,12.11,0.02,0.009,0.553,0.15,1.73,20.95,16.6,4.35,0.6006,0,0
REQ-000243,0,SUBURB_NORTH,AIRPORT,STANDARD,12.13,23.8,DRIZZLE,0.0,10.0,21.7,0.28,0,40,23,0.57,REGULAR,26.49,0.109,0.011,0.0,0.15,1.27,33.64,25.95,7.69,0.8194,1,0
REQ-000244,12,TECH_CORRIDOR,DOWNTOWN,XL,21.9,52.8,HEAVY_RAIN,21.2,0.9,10.9,0.37,0,48,28,0.58,REGULAR,83.67,0.955,0.043,0.0,0.0,2.0,167.34,133.87,33.47,0.4403,0,0
REQ-000245,19,AIRPORT,DOWNTOWN,COMFORT,5.2,9.4,CLEAR,0.0,10.0,19.8,0.49,0,21,62,2.95,PLATINUM,17.31,0.0,0.113,0.682,0.25,2.04,35.31,28.28,7.03,0.6234,0,0
REQ-000246,6,FINANCIAL_DISTRICT,AIRPORT,COMFORT,7.74,23.0,CLEAR,0.0,10.0,23.1,0.07,0,43,69,1.6,REGULAR,27.62,0.0,0.0,0.21,0.0,1.21,33.42,25.64,7.78,0.8397,1,0
REQ-000247,10,DOWNTOWN,SUBURB_NORTH,STANDARD,7.13,18.6,CLEAR,0.0,10.0,23.1,0.16,1,20,50,2.5,REGULAR,18.42,0.0,0.12,0.525,0.0,1.65,30.39,23.99,6.4,0.6457,1,0
REQ-000248,5,AIRPORT,FINANCIAL_DISTRICT,XL,23.0,72.3,CLEAR,0.0,10.0,11.6,0.35,0,16,52,3.25,GOLD,97.68,0.0,0.034,0.787,0.0,1.82,177.78,141.34,36.44,0.662,1,0
REQ-000249,19,AIRPORT,SUBURB_NORTH,PREMIUM,16.34,33.4,CLEAR,0.0,10.0,12.6,0.8,0,48,19,0.4,GOLD,82.14,0.03,0.613,0.0,0.25,1.89,155.24,123.74,31.5,0.6234,0,0
REQ-000250,1,TECH_CORRIDOR,DOWNTOWN,PREMIUM,22.0,46.2,DRIZZLE,0.0,10.0,19.7,0.24,0,22,47,2.14,REGULAR,108.87,0.181,0.003,0.399,0.15,1.73,188.35,149.21,39.14,0.6006,1,0
REQ-000251,19,DOWNTOWN,TECH_CORRIDOR,XL,15.06,41.1,DRIZZLE,0.0,10.0,25.4,0.47,0,17,71,4.18,PLATINUM,62.29,0.1,0.099,1.113,0.25,2.56,159.46,129.31,30.15,0.3221,1,0
REQ-000252,21,SUBURB_NORTH,FINANCIAL_DISTRICT,STANDARD,8.87,18.9,CLEAR,0.0,10.0,29.5,0.24,0,49,51,1.04,REGULAR,20.7,0.0,0.003,0.0,0.0,1.0,20.7,15.52,5.18,0.8966,0,0
REQ-000253,18,AIRPORT,SUBURB_NORTH,COMFORT,11.79,27.5,DRIZZLE,0.0,10.0,27.6,0.57,0,30,54,1.8,REGULAR,36.33,0.1,0.314,0.28,0.25,1.94,70.48,56.28,14.2,0.476,0,0
REQ-000254,16,TECH_CORRIDOR,DOWNTOWN,COMFORT,13.44,28.5,DRIZZLE,0.0,10.0,10.7,0.19,0,22,63,2.86,GOLD,39.51,0.1,0.0,0.651,0.0,1.75,69.14,54.82,14.32,0.6985,0,0
REQ-000255,13,SUBURB_NORTH,TECH_CORRIDOR,PREMIUM,7.48,15.2,CLEAR,0.0,10.0,6.2,0.11,0,44,28,0.64,REGULAR,41.86,0.0,0.0,0.0,0.0,1.0,41.86,31.39,10.47,0.8966,1,0
REQ-000256,9,FINANCIAL_DISTRICT,TECH_CORRIDOR,STANDARD,24.84,70.0,SNOW,5.6,6.4,-7.8,0.58,1,45,33,0.73,REGULAR,58.55,0.619,0.447,0.0,0.2,2.27,132.91,107.12,25.79,0.2915,0,0
REQ-000257,12,FINANCIAL_DISTRICT,SUBURB_NORTH,PREMIUM,17.51,33.2,CLEAR,0.0,10.0,7.9,0.39,0,17,22,1.29,REGULAR,85.25,0.0,0.053,0.102,0.0,1.16,98.89,75.53,23.36,0.8552,0,0
REQ-000258,19,TECH_CORRIDOR,DOWNTOWN,STANDARD,4.42,12.0,CLEAR,0.0,10.0,5.0,0.71,0,10,77,7.7,REGULAR,12.73,0.063,0.484,1.2,0.25,3.0,38.19,31.19,7.0,0.0666,0,0
REQ-000259,22,SUBURB_NORTH,TECH_CORRIDOR,XL,17.32,49.2,DRIZZLE,0.0,10.0,16.5,0.36,0,46,79,1.72,REGULAR,71.89,0.1,0.039,0.252,0.0,1.39,99.93,77.75,22.18,0.7728,1,0
REQ-000260,10,DOWNTOWN,FINANCIAL_DISTRICT,STANDARD,11.75,24.5,CLEAR,0.0,10.0,7.9,0.28,0,44,56,1.27,REGULAR,26.26,0.0,0.011,0.095,0.0,1.11,29.15,22.15,7.0,0.8694,0,0
REQ-000261,5,SUBURB_NORTH,FINANCIAL_DISTRICT,PREMIUM,16.35,42.2,CLEAR,0.0,10.0,20.0,0.17,0,55,27,0.49,GOLD,89.65,0.0,0.0,0.0,0.0,1.0,89.65,67.24,22.41,0.9334,1,0
REQ-000262,10,FINANCIAL_DISTRICT,TECH_CORRIDOR,COMFORT,4.61,11.6,RAIN,10.4,6.7,6.4,0.3,0,38,65,1.71,REGULAR,17.33,0.367,0.017,0.248,0.0,1.63,28.25,22.28,5.97,0.6566,1,0
REQ-000263,12,AIRPORT,DOWNTOWN,STANDARD,20.84,64.7,DRIZZLE,0.0,10.0,19.1,0.29,0,48,73,1.52,REGULAR,51.69,0.1,0.014,0.182,0.0,1.3,67.2,51.95,15.25,0.8085,1,0
REQ-000264,16,TECH_CORRIDOR,AIRPORT,COMFORT,2.87,7.6,DRIZZLE,0.0,10.0,21.6,0.19,0,13,45,3.46,GOLD,12.66,0.1,0.0,0.861,0.0,1.96,24.81,19.82,4.99,0.5832,1,0
REQ-000265,2,SUBURB_NORTH,TECH_CORRIDOR,COMFORT,15.46,43.8,THUNDERSTORM,42.0,2.3,20.1,0.19,0,20,68,3.4,PLATINUM,49.72,1.2,0.0,0.84,0.15,3.19,158.61,129.85,28.76,0.0948,0,0
REQ-000266,16,AIRPORT,FINANCIAL_DISTRICT,PREMIUM,15.16,39.1,CLEAR,0.0,10.0,30.6,0.43,0,44,42,0.95,REGULAR,83.68,0.023,0.074,0.0,0.0,1.1,92.05,69.87,22.18,0.8721,0,0
REQ-000267,14,TECH_CORRIDOR,SUBURB_NORTH,COMFORT,21.69,68.2,DRIZZLE,0.0,10.0,29.2,0.24,0,58,38,0.66,REGULAR,70.98,0.14,0.003,0.0,0.0,1.14,80.92,61.68,19.24,0.861,1,0
REQ-000268,8,AIRPORT,TECH_CORRIDOR,XL,15.43,28.0,CLEAR,0.0,10.0,7.5,0.77,1,19,70,3.68,REGULAR,55.2,0.0,0.689,0.938,0.2,2.83,156.22,127.27,28.95,0.0969,0,0
REQ-000269,6,TECH_CORRIDOR,AIRPORT,COMFORT,26.63,73.4,CLEAR,0.0,10.0,10.4,0.4,0,23,55,2.39,REGULAR,81.47,0.002,0.058,0.486,0.0,1.55,126.28,99.19,27.09,0.6985,1,0
REQ-000270,1,DOWNTOWN,TECH_CORRIDOR,STANDARD,21.87,55.9,HEAVY_RAIN,34.8,1.3,29.2,0.28,0,56,75,1.34,REGULAR,49.9,1.108,0.011,0.119,0.15,2.39,119.26,96.38,22.88,0.2358,1,0
REQ-000271,17,TECH_CORRIDOR,FINANCIAL_DISTRICT,STANDARD,15.67,37.5,CLEAR,0.0,10.0,14.4,0.75,0,41,68,1.66,REGULAR,35.71,0.04,0.54,0.231,0.25,2.06,73.56,58.95,14.61,0.4052,1,0
REQ-000272,8,FINANCIAL_DISTRICT,TECH_CORRIDOR,STANDARD,10.46,27.8,CLEAR,0.0,10.0,12.1,0.83,0,35,36,1.03,REGULAR,25.81,0.0,0.659,0.0,0.2,1.86,48.01,38.23,9.78,0.524,0,0
REQ-000273,18,AIRPORT,TECH_CORRIDOR,XL,13.72,35.7,DRIZZLE,0.0,10.0,27.0,0.76,0,20,28,1.4,GOLD,56.23,0.1,0.555,0.14,0.25,2.05,115.27,92.36,22.91,0.53,0,0
REQ-000274,20,SUBURB_NORTH,DOWNTOWN,COMFORT,12.96,25.8,CLEAR,0.0,10.0,24.5,0.17,0,33,22,0.67,REGULAR,37.49,0.017,0.0,0.0,0.0,1.02,38.24,28.75,9.49,0.8921,1,0
REQ-000275,11,AIRPORT,TECH_CORRIDOR,STANDARD,13.7,31.1,CLEAR,0.0,10.0,20.1,0.19,0,51,35,0.69,REGULAR,31.0,0.025,0.0,0.0,0.0,1.02,31.62,23.78,7.84,0.8921,1,0
REQ-000276,15,TECH_CORRIDOR,FINANCIAL_DISTRICT,XL,11.23,30.8,RAIN,8.4,4.3,21.6,0.43,0,29,63,2.17,REGULAR,48.06,0.345,0.074,0.409,0.0,1.83,87.95,69.95,18.0,0.5419,0,0
REQ-000277,20,DOWNTOWN,FINANCIAL_DISTRICT,COMFORT,10.93,24.5,CLEAR,0.0,10.0,12.2,0.16,0,31,76,2.45,PLATINUM,33.56,0.0,0.0,0.508,0.0,1.51,50.68,39.72,10.96,0.8552,1,0
REQ-000278,23,FINANCIAL_DISTRICT,DOWNTOWN,COMFORT,20.92,57.0,RAIN,4.0,4.7,7.8,0.4,2,33,77,2.33,GOLD,64.67,0.295,0.298,0.465,0.15,2.21,142.92,115.01,27.91,0.4344,1,0
REQ-000279,9,AIRPORT,FINANCIAL_DISTRICT,STANDARD,19.03,57.8,CLEAR,0.0,10.0,24.9,0.46,0,10,55,5.5,GOLD,47.02,0.0,0.093,1.2,0.2,2.49,117.08,94.82,22.26,0.2817,0,0
REQ-000280,22,SUBURB_NORTH,TECH_CORRIDOR,XL,16.26,32.3,CLEAR,0.0,10.0,21.0,0.35,0,48,78,1.62,REGULAR,59.53,0.0,0.034,0.217,0.0,1.25,74.41,57.3,17.11,0.8264,1,0
REQ-000281,8,TECH_CORRIDOR,FINANCIAL_DISTRICT,STANDARD,13.49,31.2,CLEAR,0.0,10.0,5.3,0.74,1,26,70,2.69,REGULAR,30.78,0.0,0.646,0.591,0.2,2.44,75.1,60.76,14.34,0.2148,0,0
REQ-000282,9,SUBURB_NORTH,TECH_CORRIDOR,XL,2.24,5.4,DRIZZLE,0.0,10.0,26.5,0.48,0,23,30,1.3,GOLD,13.94,0.1,0.106,0.105,0.2,1.51,21.05,16.5,4.55,0.8047,1,0
REQ-000283,16,SUBURB_NORTH,FINANCIAL_DISTRICT,XL,4.06,10.9,RAIN,13.9,7.2,23.5,0.35,0,12,33,2.75,REGULAR,21.07,0.406,0.034,0.612,0.0,2.05,43.19,34.6,8.59,0.411,1,0
REQ-000284,10,SUBURB_NORTH,TECH_CORRIDOR,XL,20.21,50.3,CLEAR,0.0,10.0,6.3,0.12,1,25,26,1.04,GOLD,78.62,0.0,0.12,0.0,0.0,1.12,88.05,66.98,21.07,0.9131,1,0
REQ-000285,13,FINANCIAL_DISTRICT,DOWNTOWN,COMFORT,2.38,5.0,CLEAR,0.0,10.0,26.6,0.24,0,56,28,0.5,REGULAR,10.68,0.081,0.003,0.0,0.0,1.08,11.53,8.73,2.8,0.8774,1,0
REQ-000286,12,DOWNTOWN,TECH_CORRIDOR,COMFORT,7.0,20.8,HEAVY_RAIN,24.9,2.4,11.7,0.23,0,37,22,0.59,REGULAR,25.41,0.853,0.002,0.0,0.0,1.85,47.01,37.42,9.59,0.53,0,0
REQ-000287,23,SUBURB_NORTH,TECH_CORRIDOR,XL,26.34,53.3,CLEAR,0.0,10.0,30.3,0.15,0,11,37,3.36,PLATINUM,93.29,0.0,0.0,0.826,0.15,1.98,184.71,147.67,37.04,0.6566,1,0
REQ-000288,3,SUBURB_NORTH,AIRPORT,STANDARD,6.35,13.9,CLEAR,0.0,10.0,11.6,0.28,0,17,57,3.35,GOLD,15.81,0.073,0.011,0.823,0.15,2.06,32.57,26.1,6.47,0.524,1,0
REQ-000289,20,SUBURB_NORTH,DOWNTOWN,XL,26.2,83.7,CLEAR,0.0,10.0,14.6,0.26,1,39,39,1.0,REGULAR,111.24,0.0,0.127,0.0,0.0,1.13,125.7,95.72,29.98,0.8639,1,0
REQ-000290,23,AIRPORT,TECH_CORRIDOR,COMFORT,2.56,6.0,CLEAR,0.0,10.0,29.3,0.23,0,20,33,1.65,REGULAR,11.42,0.0,0.002,0.227,0.15,1.38,15.76,12.25,3.51,0.777,1,0
REQ-000291,9,SUBURB_NORTH,AIRPORT,COMFORT,3.79,7.6,RAIN,9.5,5.8,25.9,0.73,0,31,40,1.29,REGULAR,14.17,0.357,0.513,0.102,0.2,2.17,30.75,24.72,6.03,0.3434,1,0
REQ-000292,17,TECH_CORRIDOR,SUBURB_NORTH,COMFORT,15.63,39.0,CLEAR,0.0,10.0,12.6,0.54,1,50,18,0.36,REGULAR,47.84,0.0,0.404,0.0,0.25,1.65,78.94,62.31,16.63,0.6457,0,0
REQ-000293,1,FINANCIAL_DISTRICT,DOWNTOWN,COMFORT,4.78,9.9,DRIZZLE,0.0,10.0,27.6,0.26,0,31,38,1.23,REGULAR,16.85,0.1,0.007,0.08,0.15,1.34,22.58,17.51,5.07,0.7931,1,0
REQ-000294,11,FINANCIAL_DISTRICT,TECH_CORRIDOR,STANDARD,14.17,38.2,DRIZZLE,0.0,10.0,30.3,0.2,0,25,77,3.08,REGULAR,34.08,0.1,0.0,0.728,0.0,1.83,62.37,49.61,12.76,0.5419,1,0
REQ-000295,23,AIRPORT,DOWNTOWN,COMFORT,26.98,52.2,CLEAR,0.0,10.0,15.4,0.31,0,43,63,1.47,GOLD,72.51,0.0,0.02,0.164,0.15,1.33,96.44,74.72,21.72,0.8639,1,0
REQ-000296,3,TECH_CORRIDOR,AIRPORT,PREMIUM,20.27,48.6,CLEAR,0.0,10.0,9.9,0.19,0,36,55,1.53,PLATINUM,106.07,0.0,0.0,0.185,0.15,1.33,141.07,109.3,31.77,0.901,1,0
REQ-000297,23,AIRPORT,SUBURB_NORTH,PREMIUM,21.87,52.5,CLEAR,0.0,10.0,11.5,0.2,0,31,67,2.16,REGULAR,113.86,0.0,0.0,0.406,0.15,1.56,177.62,139.59,38.03,0.6934,1,0
REQ-000298,9,DOWNTOWN,SUBURB_NORTH,STANDARD,15.46,49.3,CLEAR,0.0,10.0,31.6,0.54,0,60,45,0.75,PLATINUM,39.58,0.0,0.283,0.0,0.2,1.48,58.58,45.83,12.75,0.8639,1,0
REQ-000299,4,TECH_CORRIDOR,FINANCIAL_DISTRICT,STANDARD,2.98,6.8,CLEAR,0.0,10.0,29.0,0.15,0,44,37,0.84,GOLD,9.11,0.0,0.0,0.0,0.0,1.0,9.11,6.83,2.28,0.9334,1,0
REQ-000300,18,SUBURB_NORTH,FINANCIAL_DISTRICT,PREMIUM,23.47,64.9,RAIN,4.1,6.6,6.0,0.57,0,29,54,1.86,GOLD,128.89,0.321,0.315,0.301,0.25,2.19,282.27,227.04,55.23,0.4462,1,0
REQ-000301,1,DOWNTOWN,AIRPORT,STANDARD,18.48,49.6,CLEAR,0.0,10.0,6.1,0.11,0,11,60,5.45,PLATINUM,43.46,0.0,0.0,1.2,0.15,2.35,102.13,82.46,19.67,0.4403,0,0
REQ-000302,4,TECH_CORRIDOR,DOWNTOWN,COMFORT,13.23,38.4,CLEAR,0.0,10.0,7.2,0.07,0,40,65,1.62,GOLD,43.61,0.0,0.0,0.217,0.0,1.22,53.2,40.86,12.34,0.8921,1,0
REQ-000303,6,FINANCIAL_DISTRICT,TECH_CORRIDOR,COMFORT,14.68,39.8,DRIZZLE,0.0,10.0,31.9,0.15,0,51,21,0.41,REGULAR,46.63,0.1,0.0,0.0,0.0,1.1,51.29,38.93,12.36,0.8721,1,0
REQ-000304,0,AIRPORT,SUBURB_NORTH,COMFORT,10.34,27.2,RAIN,5.0,5.4,27.2,0.3,0,22,35,1.59,REGULAR,33.8,0.329,0.017,0.207,0.15,1.7,57.46,45.46,12.0,0.6177,1,0
REQ-000305,4,DOWNTOWN,FINANCIAL_DISTRICT,STANDARD,8.32,22.2,HEAVY_RAIN,52.8,0.5,23.7,0.23,1,21,78,3.71,REGULAR,21.17,1.2,0.122,0.948,0.0,3.27,69.23,56.73,12.5,0.036,0,0
REQ-000306,12,AIRPORT,TECH_CORRIDOR,COMFORT,20.07,54.9,DRIZZLE,0.0,10.0,22.9,0.12,0,47,44,0.94,REGULAR,62.32,0.1,0.0,0.0,0.0,1.1,68.55,52.04,16.51,0.8721,1,0
REQ-000307,21,DOWNTOWN,FINANCIAL_DISTRICT,PREMIUM,19.17,52.3,CLEAR,0.0,10.0,7.9,0.4,0,40,22,0.55,PLATINUM,106.13,0.0,0.058,0.0,0.0,1.06,112.5,85.01,27.49,0.9456,1,0
REQ-000308,17,TECH_CORRIDOR,DOWNTOWN,COMFORT,7.17,22.6,THUNDERSTORM,20.9,1.1,19.3,0.58,0,30,55,1.83,REGULAR,26.5,1.175,0.325,0.29,0.25,3.04,80.56,65.83,14.73,0.0609,0,0
REQ-000309,0,TECH_CORRIDOR,AIRPORT,STANDARD,18.27,55.4,SNOW,14.4,4.9,-9.1,0.34,0,48,39,0.81,REGULAR,45.23,0.744,0.03,0.0,0.15,1.92,86.84,69.29,17.55,0.488,0,0
REQ-000310,20,SUBURB_NORTH,AIRPORT,XL,13.68,27.1,CLEAR,0.0,10.0,19.6,0.4,0,41,27,0.66,REGULAR,50.99,0.022,0.058,0.0,0.0,1.08,55.07,41.71,13.36,0.8774,0,0
REQ-000311,23,FINANCIAL_DISTRICT,AIRPORT,XL,3.76,9.6,CLEAR,0.0,10.0,13.6,0.34,0,34,62,1.82,REGULAR,19.66,0.046,0.03,0.287,0.15,1.51,29.69,23.27,6.42,0.7183,0,0
REQ-000312,19,AIRPORT,FINANCIAL_DISTRICT,COMFORT,4.78,9.8,DRIZZLE,0.0,10.0,21.4,0.67,2,13,71,5.46,REGULAR,16.8,0.1,0.673,1.2,0.25,3.22,54.1,44.3,9.8,0.0404,0,0
REQ-000313,4,SUBURB_NORTH,AIRPORT,COMFORT,24.16,60.1,CLEAR,0.0,10.0,11.1,0.44,0,22,35,1.59,GOLD,71.41,0.0,0.08,0.207,0.0,1.29,92.12,71.16,20.96,0.8748,1,0
REQ-000314,13,SUBURB_NORTH,TECH_CORRIDOR,XL,24.54,74.7,CLEAR,0.0,10.0,6.1,0.2,0,55,78,1.42,REGULAR,102.35,0.002,0.0,0.147,0.0,1.15,117.7,89.81,27.89,0.8581,0,0
REQ-000315,7,DOWNTOWN,FINANCIAL_DISTRICT,PREMIUM,13.88,42.0,CLEAR,0.0,10.0,15.7,0.65,0,11,34,3.09,REGULAR,82.56,0.002,0.408,0.731,0.2,2.34,193.19,155.96,37.23,0.2581,0,0
REQ-000316,1,AIRPORT,SUBURB_NORTH,PREMIUM,6.33,14.0,DRIZZLE,0.0,10.0,29.4,0.31,1,40,24,0.6,REGULAR,37.62,0.1,0.14,0.0,0.15,1.39,52.29,40.68,11.61,0.7728,1,0
REQ-000317,5,TECH_CORRIDOR,FINANCIAL_DISTRICT,PREMIUM,12.75,31.0,CLEAR,0.0,10.0,29.2,0.4,1,28,30,1.07,GOLD,70.05,0.051,0.178,0.0,0.0,1.23,86.16,66.23,19.93,0.8897,1,0
REQ-000318,23,DOWNTOWN,TECH_CORRIDOR,XL,4.22,11.8,RAIN,9.1,7.8,15.2,0.36,0,50,29,0.58,REGULAR,21.94,0.352,0.039,0.0,0.15,1.54,33.79,26.53,7.26,0.7035,1,0
REQ-000319,14,DOWNTOWN,TECH_CORRIDOR,XL,10.05,28.9,CLEAR,0.0,10.0,9.9,0.43,1,56,42,0.75,REGULAR,44.45,0.051,0.194,0.0,0.0,1.24,55.12,42.41,12.71,0.8298,1,0
REQ-000320,15,SUBURB_NORTH,DOWNTOWN,PREMIUM,8.18,21.5,CLEAR,0.0,10.0,16.9,0.05,0,48,36,0.75,REGULAR,49.17,0.0,0.0,0.0,0.0,1.0,49.17,36.88,12.29,0.8966,1,0
REQ-000321,19,AIRPORT,DOWNTOWN,COMFORT,24.2,66.2,CLEAR,0.0,10.0,29.9,0.59,0,47,32,0.68,PLATINUM,74.22,0.0,0.336,0.0,0.25,1.59,118.01,92.89,25.12,0.8298,1,0
REQ-000322,12,AIRPORT,DOWNTOWN,STANDARD,21.98,49.5,HEAVY_RAIN,50.3,2.6,6.8,0.1,0,34,77,2.26,REGULAR,47.8,1.106,0.0,0.441,0.0,2.55,121.89,98.83,23.06,0.1736,0,0
REQ-000323,22,DOWNTOWN,FINANCIAL_DISTRICT,STANDARD,14.58,40.3,CLEAR,0.0,10.0,21.4,0.26,0,16,73,4.56,REGULAR,35.33,0.0,0.007,1.2,0.0,2.21,78.08,62.83,15.25,0.3221,0,0
REQ-000324,0,SUBURB_NORTH,FINANCIAL_DISTRICT,COMFORT,20.42,64.8,CLEAR,0.0,10.0,17.6,0.34,0,34,62,1.82,REGULAR,67.35,0.021,0.03,0.287,0.15,1.49,100.35,78.56,21.79,0.7279,1,0
REQ-000325,2,FINANCIAL_DISTRICT,DOWNTOWN,COMFORT,19.94,43.0,CLEAR,0.0,10.0,18.7,0.05,0,54,13,0.24,GOLD,56.75,0.0,0.0,0.0,0.15,1.15,65.26,49.8,15.46,0.9072,1,0
REQ-000326,15,AIRPORT,TECH_CORRIDOR,PREMIUM,22.73,61.5,CLEAR,0.0,10.0,17.4,0.41,0,55,17,0.31,GOLD,123.91,0.041,0.063,0.0,0.0,1.1,136.3,103.46,32.84,0.9168,1,0
REQ-000327,11,AIRPORT,DOWNTOWN,COMFORT,17.01,38.5,CLEAR,0.0,10.0,9.0,0.19,0,18,59,3.28,REGULAR,49.89,0.034,0.0,0.798,0.0,1.83,91.3,72.62,18.68,0.5419,1,0
REQ-000328,7,AIRPORT,SUBURB_NORTH,STANDARD,9.06,17.4,CLEAR,0.0,10.0,27.4,0.64,0,10,35,3.5,PLATINUM,20.42,0.0,0.395,0.875,0.2,2.47,50.44,40.83,9.61,0.371,0,0
REQ-000329,23,DOWNTOWN,TECH_CORRIDOR,COMFORT,6.95,21.5,HEAVY_RAIN,32.4,1.3,25.8,0.44,0,21,14,0.67,REGULAR,25.65,1.034,0.08,0.0,0.15,2.26,57.97,46.71,11.26,0.2965,0,0
REQ-000330,19,TECH_CORRIDOR,DOWNTOWN,STANDARD,10.09,18.8,HEAVY_RAIN,33.3,2.7,7.8,0.74,1,56,49,0.88,REGULAR,22.19,0.916,0.645,0.0,0.25,2.81,62.35,50.78,11.57,0.1012,0,0
REQ-000331,14,FINANCIAL_DISTRICT,AIRPORT,XL,9.19,20.6,DRIZZLE,0.0,10.0,12.4,0.1,0,14,36,2.57,REGULAR,37.66,0.1,0.0,0.549,0.0,1.65,62.14,49.05,13.09,0.6457,1,0
REQ-000332,9,AIRPORT,FINANCIAL_DISTRICT,XL,16.93,34.5,DRIZZLE,0.0,10.0,14.1,0.46,0,14,59,4.21,REGULAR,62.25,0.1,0.093,1.123,0.2,2.52,156.87,127.11,29.76,0.1842,0,0
REQ-000333,22,FINANCIAL_DISTRICT,TECH_CORRIDOR,XL,10.12,29.8,RAIN,12.7,4.3,29.9,0.28,1,59,69,1.17,REGULAR,45.13,0.404,0.131,0.0,0.0,1.53,69.05,54.18,14.87,0.7085,1,0
REQ-000334,19,SUBURB_NORTH,TECH_CORRIDOR,COMFORT,26.63,53.3,CLEAR,0.0,10.0,14.8,0.81,0,28,68,2.43,REGULAR,72.42,0.0,0.628,0.501,0.25,2.38,172.36,139.26,33.1,0.2401,1,0
REQ-000335,11,DOWNTOWN,SUBURB_NORTH,PREMIUM,13.99,28.5,DRIZZLE,0.0,10.0,8.4,0.38,0,49,19,0.39,GOLD,71.39,0.1,0.048,0.0,0.0,1.15,82.1,62.65,19.45,0.9072,1,0
REQ-000336,15,SUBURB_NORTH,TECH_CORRIDOR,COMFORT,18.14,46.6,CLEAR,0.0,10.0,14.2,0.29,0,58,53,0.91,REGULAR,55.4,0.026,0.014,0.0,0.0,1.04,57.62,43.44,14.18,0.8874,1,0
REQ-000337,17,DOWNTOWN,TECH_CORRIDOR,STANDARD,17.4,42.6,CLEAR,0.0,10.0,17.0,0.58,0,46,58,1.26,REGULAR,39.66,0.0,0.326,0.091,0.25,1.67,66.23,52.33,13.9,0.6346,0,0
REQ-000338,20,DOWNTOWN,FINANCIAL_DISTRICT,COMFORT,23.24,70.7,RAIN,12.1,6.6,17.2,0.3,0,28,48,1.71,REGULAR,74.67,0.386,0.017,0.248,0.0,1.65,123.21,97.26,25.95,0.6457,0,0
REQ-000339,19,AIRPORT,TECH_CORRIDOR,XL,27.75,72.6,FOG,0.0,10.0,15.9,0.53,0,11,10,0.91,GOLD,107.84,0.2,0.272,0.0,0.25,1.72,185.48,146.87,38.61,0.7134,0,0
REQ-000340,22,AIRPORT,DOWNTOWN,XL,24.51,52.2,DRIZZLE,0.0,10.0,21.9,0.21,0,19,70,3.68,REGULAR,88.79,0.1,0.0,0.938,0.0,2.04,181.13,145.08,36.05,0.4168,0,0
REQ-000341,4,AIRPORT,TECH_CORRIDOR,COMFORT,9.5,28.7,CLEAR,0.0,10.0,6.9,0.34,0,16,20,1.25,REGULAR,33.08,0.0,0.03,0.087,0.0,1.12,37.05,28.18,8.87,0.8667,1,0
REQ-000342,14,SUBURB_NORTH,TECH_CORRIDOR,COMFORT,13.81,33.1,CLEAR,0.0,10.0,11.1,0.05,0,53,74,1.4,REGULAR,42.19,0.0,0.0,0.14,0.0,1.14,48.1,36.67,11.43,0.861,0,0
REQ-000343,22,TECH_CORRIDOR,AIRPORT,STANDARD,27.43,71.2,CLEAR,0.0,10.0,20.7,0.08,0,56,45,0.8,REGULAR,62.21,0.07,0.0,0.0,0.0,1.07,66.56,50.35,16.21,0.88,1,0
REQ-000344,21,TECH_CORRIDOR,DOWNTOWN,COMFORT,14.28,40.5,CLEAR,0.0,10.0,22.1,0.17,1,29,78,2.69,GOLD,46.29,0.021,0.12,0.591,0.0,1.73,80.08,63.44,16.64,0.7085,1,0
REQ-000345,9,TECH_CORRIDOR,SUBURB_NORTH,XL,12.95,40.7,CLEAR,0.0,10.0,6.0,0.74,0,11,70,6.36,REGULAR,57.62,0.059,0.526,1.2,0.2,2.99,172.28,140.68,31.6,0.0681,0,0
REQ-000346,2,AIRPORT,DOWNTOWN,XL,14.6,28.9,HEAVY_RAIN,31.1,0.8,12.6,0.06,1,19,29,1.53,REGULAR,54.0,1.109,0.12,0.185,0.15,2.56,138.24,112.1,26.14,0.1702,0,0
REQ-000347,1,FINANCIAL_DISTRICT,SUBURB_NORTH,COMFORT,14.61,42.6,CLEAR,0.0,10.0,7.3,0.42,0,34,59,1.74,REGULAR,47.78,0.0,0.069,0.259,0.15,1.48,70.71,55.33,15.38,0.7326,1,0
REQ-000348,3,FINANCIAL_DISTRICT,AIRPORT,XL,3.41,7.4,CLEAR,0.0,10.0,17.5,0.24,0,22,58,2.64,REGULAR,17.6,0.0,0.003,0.574,0.15,1.73,30.45,24.12,6.33,0.6006,1,0
REQ-000349,14,AIRPORT,FINANCIAL_DISTRICT,PREMIUM,2.31,7.2,CLEAR,0.0,10.0,13.5,0.43,1,42,55,1.31,PLATINUM,20.59,0.0,0.194,0.109,0.0,1.3,26.77,20.7,6.07,0.9072,1,0
REQ-000350,20,AIRPORT,SUBURB_NORTH,XL,8.94,17.3,DRIZZLE,0.0,10.0,17.4,0.15,0,41,53,1.29,REGULAR,35.15,0.1,0.0,0.102,0.0,1.2,42.18,32.34,9.84,0.8429,0,0
REQ-000351,3,AIRPORT,DOWNTOWN,STANDARD,23.62,42.9,CLEAR,0.0,10.0,23.5,0.34,0,47,21,0.45,REGULAR,47.54,0.0,0.03,0.0,0.15,1.18,56.1,42.93,13.17,0.8492,1,0
REQ-000352,12,FINANCIAL_DISTRICT,DOWNTOWN,STANDARD,4.25,11.2,DRIZZLE,0.0,10.0,29.3,0.44,0,24,47,1.96,REGULAR,12.23,0.1,0.08,0.336,0.0,1.52,18.59,14.58,4.01,0.7134,0,0
REQ-000353,10,SUBURB_NORTH,AIRPORT,PREMIUM,20.0,54.7,CLEAR,0.0,10.0,26.1,0.07,0,24,43,1.79,REGULAR,110.5,0.0,0.0,0.276,0.0,1.28,141.44,109.17,32.27,0.8158,1,0
REQ-000354,17,FINANCIAL_DISTRICT,TECH_CORRIDOR,COMFORT,18.78,36.7,RAIN,5.6,6.6,29.6,0.45,1,44,42,0.95,GOLD,52.01,0.313,0.206,0.0,0.25,1.77,92.06,73.05,19.01,0.6883,1,0
REQ-000355,8,SUBURB_NORTH,FINANCIAL_DISTRICT,STANDARD,26.26,71.7,CLEAR,0.0,10.0,13.9,0.4,0,38,65,1.71,REGULAR,60.92,0.0,0.058,0.248,0.2,1.51,91.99,72.1,19.89,0.7183,0,0
REQ-000356,15,DOWNTOWN,AIRPORT,STANDARD,12.0,33.2,CLEAR,0.0,10.0,19.5,0.18,0,49,21,0.43,REGULAR,29.62,0.079,0.0,0.0,0.0,1.08,31.99,24.23,7.76,0.8774,1,0
REQ-000357,6,AIRPORT,DOWNTOWN,PREMIUM,21.77,48.0,CLEAR,0.0,10.0,6.1,0.13,0,48,55,1.15,REGULAR,109.76,0.0,0.0,0.0,0.0,1.0,109.76,82.32,27.44,0.8966,1,0
REQ-000358,18,SUBURB_NORTH,FINANCIAL_DISTRICT,COMFORT,2.93,5.4,CLEAR,0.0,10.0,15.5,0.69,0,59,67,1.14,PLATINUM,11.76,0.02,0.458,0.0,0.25,1.73,20.34,16.11,4.23,0.777,1,0
REQ-000359,3,AIRPORT,DOWNTOWN,XL,22.48,41.8,CLEAR,0.0,10.0,22.7,0.43,0,55,39,0.71,PLATINUM,78.29,0.0,0.074,0.0,0.15,1.22,95.51,73.35,22.16,0.9222,1,0
REQ-000360,1,FINANCIAL_DISTRICT,TECH_CORRIDOR,STANDARD,14.25,44.0,CLEAR,0.0,10.0,22.5,0.3,0,14,68,4.86,REGULAR,36.21,0.0,0.017,1.2,0.15,2.37,85.82,69.33,16.49,0.2445,0,0
REQ-000361,7,DOWNTOWN,FINANCIAL_DISTRICT,STANDARD,14.93,43.6,CLEAR,0.0,10.0,10.5,0.78,0,15,79,5.27,REGULAR,36.92,0.0,0.583,1.2,0.2,2.98,110.02,89.82,20.2,0.0697,0,0
REQ-000362,4,FINANCIAL_DISTRICT,DOWNTOWN,COMFORT,10.72,21.1,RAIN,5.0,5.5,9.5,0.28,1,58,58,1.0,GOLD,31.69,0.306,0.131,0.0,0.0,1.44,45.63,35.62,10.01,0.8298,1,0
REQ-000363,22,SUBURB_NORTH,DOWNTOWN,STANDARD,2.19,6.8,DRIZZLE,0.0,10.0,28.9,0.37,0,21,28,1.33,REGULAR,8.12,0.1,0.043,0.116,0.0,1.26,10.23,7.88,2.35,0.8229,1,0
REQ-000364,5,SUBURB_NORTH,FINANCIAL_DISTRICT,COMFORT,17.87,33.1,RAIN,10.3,4.4,27.3,0.22,0,41,22,0.54,REGULAR,48.89,0.366,0.001,0.0,0.0,1.37,66.98,52.04,14.94,0.7811,0,0
REQ-000365,8,TECH_CORRIDOR,FINANCIAL_DISTRICT,PREMIUM,22.03,60.0,CLEAR,0.0,10.0,8.0,0.78,0,18,15,0.83,REGULAR,120.68,0.0,0.583,0.0,0.2,1.78,214.81,170.52,44.29,0.5715,1,0
REQ-000366,14,FINANCIAL_DISTRICT,TECH_CORRIDOR,XL,10.69,31.3,CLEAR,0.0,10.0,25.0,0.12,0,15,19,1.27,GOLD,47.23,0.059,0.0,0.095,0.0,1.15,54.31,41.44,12.87,0.9072,1,0
REQ-000367,10,TECH_CORRIDOR,AIRPORT,PREMIUM,7.17,19.7,CLEAR,0.0,10.0,8.0,0.14,0,22,19,0.86,REGULAR,44.82,0.0,0.0,0.0,0.0,1.0,44.82,33.62,11.2,0.8966,1,0
REQ-000368,12,SUBURB_NORTH,FINANCIAL_DISTRICT,COMFORT,26.13,63.7,CLEAR,0.0,10.0,17.4,0.19,0,10,17,1.7,REGULAR,76.28,0.0,0.0,0.245,0.0,1.25,95.35,73.42,21.93,0.8264,1,0
REQ-000369,9,SUBURB_NORTH,TECH_CORRIDOR,PREMIUM,6.45,14.7,DRIZZLE,0.0,10.0,26.3,0.68,0,22,21,0.95,REGULAR,38.55,0.1,0.444,0.0,0.2,1.74,67.08,53.16,13.92,0.5948,1,0
REQ-000370,23,FINANCIAL_DISTRICT,TECH_CORRIDOR,PREMIUM,9.26,26.1,HEAVY_RAIN,29.9,1.6,11.0,0.43,0,34,15,0.44,REGULAR,56.12,1.036,0.074,0.0,0.15,2.26,126.83,102.19,24.64,0.2965,0,0
REQ-000371,22,TECH_CORRIDOR,DOWNTOWN,PREMIUM,15.81,39.1,HEAVY_RAIN,38.1,1.1,20.1,0.34,0,26,40,1.54,REGULAR,85.5,1.119,0.03,0.189,0.0,2.34,200.07,161.51,38.56,0.2581,1,0
REQ-000372,23,SUBURB_NORTH,AIRPORT,COMFORT,20.29,60.9,DRIZZLE,0.0,10.0,31.4,0.11,0,31,69,2.23,GOLD,65.39,0.1,0.0,0.43,0.15,1.68,109.86,86.84,23.02,0.7326,1,0
REQ-000373,8,DOWNTOWN,TECH_CORRIDOR,XL,15.8,35.0,DRIZZLE,0.0,10.0,21.5,0.49,0,29,17,0.59,REGULAR,60.18,0.1,0.113,0.0,0.2,1.41,84.85,66.1,18.75,0.7642,0,0
REQ-000374,1,AIRPORT,DOWNTOWN,STANDARD,11.96,29.3,CLEAR,0.0,10.0,9.7,0.08,0,29,40,1.38,REGULAR,28.2,0.0,0.0,0.133,0.15,1.28,36.1,27.87,8.23,0.8158,1,0
REQ-000375,16,TECH_CORRIDOR,FINANCIAL_DISTRICT,COMFORT,10.33,31.6,DRIZZLE,0.0,10.0,12.5,0.19,0,15,70,4.67,GOLD,35.76,0.1,0.0,1.2,0.0,2.3,82.25,66.34,15.91,0.3823,0,0
REQ-000376,22,TECH_CORRIDOR,AIRPORT,PREMIUM,18.14,53.0,RAIN,14.3,4.3,29.1,0.08,0,12,23,1.92,REGULAR,103.84,0.411,0.0,0.322,0.0,1.73,179.64,142.31,37.33,0.6006,1,0
REQ-000377,20,FINANCIAL_DISTRICT,TECH_CORRIDOR,COMFORT,24.75,62.6,CLEAR,0.0,10.0,16.2,0.42,0,55,12,0.22,REGULAR,73.51,0.0,0.069,0.0,0.0,1.07,78.66,59.51,19.15,0.88,1,0
REQ-000378,10,FINANCIAL_DISTRICT,SUBURB_NORTH,PREMIUM,17.05,46.3,CLEAR,0.0,10.0,23.0,0.27,0,58,49,0.84,REGULAR,95.09,0.0,0.009,0.0,0.0,1.01,96.04,72.12,23.92,0.8944,1,0
REQ-000379,11,SUBURB_NORTH,AIRPORT,XL,22.01,41.1,CLEAR,0.0,10.0,30.8,0.11,0,19,29,1.53,REGULAR,76.88,0.0,0.0,0.185,0.0,1.19,91.49,70.08,21.41,0.8461,1,0
REQ-000380,17,AIRPORT,FINANCIAL_DISTRICT,PREMIUM,8.77,18.1,RAIN,11.0,7.9,9.0,0.84,0,9,61,6.78,PLATINUM,47.95,0.374,0.674,1.2,0.25,3.5,167.83,137.86,29.97,0.0474,0,0
REQ-000381,16,SUBURB_NORTH,AIRPORT,COMFORT,2.11,6.0,CLEAR,0.0,10.0,24.0,0.17,0,44,28,0.64,GOLD,10.68,0.0,0.0,0.0,0.0,1.0,10.68,8.01,2.67,0.9334,1,0
REQ-000382,4,SUBURB_NORTH,AIRPORT,STANDARD,21.02,64.3,DRIZZLE,0.0,10.0,8.2,0.3,0,28,17,0.61,REGULAR,51.77,0.1,0.017,0.0,0.0,1.12,57.98,44.11,13.87,0.8667,1,0
REQ-000383,14,TECH_CORRIDOR,FINANCIAL_DISTRICT,XL,7.09,13.6,DRIZZLE,0.0,10.0,30.9,0.21,0,40,17,0.42,PLATINUM,29.05,0.175,0.0,0.0,0.0,1.18,34.28,26.23,8.05,0.9288,1,0
REQ-000384,11,FINANCIAL_DISTRICT,TECH_CORRIDOR,XL,12.04,21.9,CLEAR,0.0,10.0,31.4,0.09,0,34,66,1.94,REGULAR,44.42,0.044,0.0,0.329,0.0,1.37,60.86,47.29,13.57,0.7811,0,0
REQ-000385,4,SUBURB_NORTH,TECH_CORRIDOR,COMFORT,23.72,62.6,CLEAR,0.0,10.0,17.8,0.44,1,45,58,1.29,REGULAR,71.81,0.042,0.2,0.102,0.0,1.34,96.23,74.61,21.62,0.7931,1,0
REQ-000386,4,AIRPORT,TECH_CORRIDOR,COMFORT,16.45,46.0,CLEAR,0.0,10.0,27.5,0.25,0,45,48,1.07,REGULAR,52.34,0.0,0.005,0.0,0.0,1.0,52.34,39.26,13.08,0.8966,1,0
REQ-000387,20,FINANCIAL_DISTRICT,DOWNTOWN,STANDARD,6.0,13.3,HEAVY_RAIN,38.9,2.1,29.1,0.25,0,15,45,3.0,REGULAR,15.16,1.028,0.005,0.7,0.0,2.73,41.39,33.67,7.72,0.12,0,0
REQ-000388,20,TECH_CORRIDOR,AIRPORT,PREMIUM,16.7,50.4,DRIZZLE,0.0,10.0,31.3,0.2,2,24,30,1.25,REGULAR,97.6,0.127,0.24,0.087,0.0,1.45,141.52,110.53,30.99,0.7465,1,0
REQ-000389,13,SUBURB_NORTH,FINANCIAL_DISTRICT,XL,6.25,13.6,DRIZZLE,0.0,10.0,30.8,0.17,0,20,33,1.65,GOLD,27.28,0.1,0.0,0.227,0.0,1.33,36.28,28.11,8.17,0.8639,1,0
REQ-000390,9,FINANCIAL_DISTRICT,SUBURB_NORTH,XL,23.5,64.8,CLEAR,0.0,10.0,23.8,0.64,0,16,76,4.75,REGULAR,94.23,0.0,0.395,1.2,0.2,2.79,262.9,214.04,48.86,0.1056,0,0
REQ-000391,7,SUBURB_NORTH,AIRPORT,COMFORT,4.66,9.4,HEAVY_RAIN,51.8,1.9,23.6,0.78,0,59,24,0.41,REGULAR,16.42,1.2,0.583,0.0,0.2,2.98,48.93,39.95,8.98,0.0697,0,0
REQ-000392,11,DOWNTOWN,AIRPORT,STANDARD,14.47,32.4,CLEAR,0.0,10.0,16.9,0.26,0,27,13,0.48,GOLD,32.43,0.078,0.007,0.0,0.0,1.08,35.02,26.52,8.5,0.9204,1,0
REQ-000393,2,FINANCIAL_DISTRICT,AIRPORT,COMFORT,9.99,20.9,CLEAR,0.0,10.0,25.6,0.06,0,20,23,1.15,REGULAR,30.38,0.0,0.0,0.0,0.15,1.15,34.94,26.66,8.28,0.8581,1,0
REQ-000394,2,TECH_CORRIDOR,DOWNTOWN,PREMIUM,5.09,11.0,CLEAR,0.0,10.0,5.3,0.1,0,20,33,1.65,REGULAR,31.6,0.0,0.0,0.227,0.15,1.38,43.61,33.91,9.7,0.777,1,0
REQ-000395,23,FINANCIAL_DISTRICT,SUBURB_NORTH,XL,11.16,33.4,DRIZZLE,0.0,10.0,18.6,0.38,0,53,34,0.64,PLATINUM,49.48,0.1,0.048,0.0,0.15,1.3,64.32,49.72,14.6,0.9072,1,0
REQ-000396,22,TECH_CORRIDOR,DOWNTOWN,STANDARD,26.03,80.4,CLEAR,0.0,10.0,23.8,0.32,1,30,58,1.93,REGULAR,63.68,0.0,0.143,0.325,0.0,1.47,93.61,73.2,20.41,0.7373,1,0
REQ-000397,4,SUBURB_NORTH,DOWNTOWN,XL,5.21,10.2,CLEAR,0.0,10.0,14.8,0.34,1,39,24,0.62,REGULAR,23.06,0.0,0.15,0.0,0.0,1.15,26.52,20.24,6.28,0.8581,1,0
REQ-000398,13,AIRPORT,TECH_CORRIDOR,COMFORT,16.4,36.2,CLEAR,0.0,10.0,6.9,0.24,0,51,72,1.41,REGULAR,47.85,0.034,0.003,0.143,0.0,1.18,56.46,43.21,13.25,0.8492,1,0
REQ-000399,18,TECH_CORRIDOR,DOWNTOWN,STANDARD,5.73,13.5,BLIZZARD,49.7,2.7,-9.5,0.49,0,22,64,2.91,GOLD,14.88,1.2,0.113,0.668,0.25,3.23,48.06,39.36,8.7,0.0623,0,0
REQ-000400,12,TECH_CORRIDOR,AIRPORT,PREMIUM,11.26,30.8,FOG,0.0,10.0,18.8,0.23,1,39,73,1.87,REGULAR,65.71,0.2,0.122,0.304,0.0,1.63,107.11,84.47,22.64,0.6566,0,0
REQ-000401,0,DOWNTOWN,FINANCIAL_DISTRICT,STANDARD,23.59,58.9,BLIZZARD,35.3,2.2,-5.7,0.08,0,58,69,1.19,REGULAR,53.1,1.2,0.0,0.0,0.15,2.35,124.79,100.76,24.03,0.2535,0,0
REQ-000402,0,SUBURB_NORTH,AIRPORT,XL,23.05,58.9,SNOW,3.4,5.7,-9.2,0.2,0,43,48,1.12,GOLD,89.75,0.622,0.0,0.0,0.15,1.77,158.86,126.06,32.8,0.6883,1,0
REQ-000403,3,SUBURB_NORTH,FINANCIAL_DISTRICT,XL,20.61,51.2,DRIZZLE,0.0,10.0,18.2,0.27,0,18,74,4.11,REGULAR,80.0,0.1,0.009,1.089,0.15,2.35,188.0,151.8,36.2,0.2535,0,0
REQ-000404,1,TECH_CORRIDOR,SUBURB_NORTH,XL,21.93,48.2,CLEAR,0.0,10.0,6.2,0.19,2,48,53,1.1,REGULAR,80.97,0.033,0.24,0.0,0.15,1.42,114.98,89.64,25.34,0.7599,1,0
REQ-000405,7,AIRPORT,TECH_CORRIDOR,XL,3.47,7.4,DRIZZLE,0.0,10.0,21.0,0.43,0,9,78,8.67,REGULAR,17.73,0.155,0.074,1.2,0.2,2.63,46.63,37.86,8.77,0.1478,0,0
REQ-000406,0,SUBURB_NORTH,TECH_CORRIDOR,XL,2.53,6.2,FOG,0.0,10.0,15.2,0.28,0,51,36,0.71,REGULAR,15.03,0.2,0.011,0.0,0.15,1.36,20.44,15.87,4.57,0.7852,1,0
REQ-000407,15,AIRPORT,FINANCIAL_DISTRICT,XL,11.45,27.6,DRIZZLE,0.0,10.0,31.3,0.39,0,27,61,2.26,GOLD,46.6,0.1,0.053,0.441,0.0,1.59,74.09,58.32,15.77,0.7728,1,0
REQ-000408,16,DOWNTOWN,FINANCIAL_DISTRICT,XL,9.11,23.6,CLEAR,0.0,10.0,10.7,0.31,0,35,79,2.26,REGULAR,39.29,0.021,0.02,0.441,0.0,1.48,58.15,45.5,12.65,0.7326,1,0
REQ-000409,16,AIRPORT,TECH_CORRIDOR,COMFORT,24.9,66.7,HEAVY_RAIN,43.1,1.0,31.0,0.24,0,47,65,1.38,PLATINUM,75.6,1.189,0.003,0.133,0.0,2.33,176.15,142.17,33.98,0.4521,0,0
REQ-000410,23,DOWNTOWN,AIRPORT,XL,14.02,30.0,DRIZZLE,0.0,10.0,13.1,0.18,0,21,62,2.95,REGULAR,53.44,0.1,0.0,0.682,0.15,1.93,103.14,82.33,20.81,0.482,1,0
REQ-000411,6,FINANCIAL_DISTRICT,SUBURB_NORTH,COMFORT,12.55,24.6,CLEAR,0.0,10.0,26.5,0.24,0,10,35,3.5,REGULAR,36.28,0.0,0.003,0.875,0.0,1.88,68.21,54.35,13.86,0.512,1,0
REQ-000412,23,AIRPORT,SUBURB_NORTH,COMFORT,18.75,34.9,CLEAR,0.0,10.0,5.5,0.08,0,34,56,1.65,REGULAR,51.15,0.04,0.0,0.227,0.15,1.42,72.63,56.62,16.01,0.7599,0,0
REQ-000413,3,SUBURB_NORTH,FINANCIAL_DISTRICT,COMFORT,4.91,13.9,CLEAR,0.0,10.0,27.4,0.42,0,23,25,1.09,GOLD,18.85,0.067,0.069,0.0,0.15,1.29,24.32,18.79,5.53,0.8748,1,0
REQ-000414,3,TECH_CORRIDOR,SUBURB_NORTH,COMFORT,26.32,55.4,CLEAR,0.0,10.0,31.2,0.15,0,31,24,0.77,REGULAR,72.86,0.0,0.0,0.0,0.15,1.15,83.79,63.94,19.85,0.8581,1,0
REQ-000415,9,FINANCIAL_DISTRICT,SUBURB_NORTH,COMFORT,11.44,32.1,CLEAR,0.0,10.0,31.1,0.78,0,52,40,0.77,REGULAR,37.83,0.0,0.583,0.0,0.2,1.78,67.34,53.46,13.88,0.5715,1,0
REQ-000416,12,AIRPORT,DOWNTOWN,COMFORT,24.3,57.0,THUNDERSTORM,56.7,1.3,30.3,0.17,0,36,50,1.39,GOLD,70.24,1.2,0.0,0.136,0.0,2.34,164.36,132.68,31.68,0.3599,0,0
REQ-000417,15,SUBURB_NORTH,DOWNTOWN,XL,24.53,72.4,CLEAR,0.0,10.0,16.1,0.34,0,60,30,0.5,REGULAR,100.95,0.034,0.03,0.0,0.0,1.06,107.01,80.86,26.15,0.8825,1,0
REQ-000418,1,AIRPORT,TECH_CORRIDOR,XL,13.78,25.3,DRIZZLE,0.0,10.0,10.0,0.31,1,20,49,2.45,REGULAR,50.12,0.1,0.14,0.508,0.15,1.9,95.23,75.93,19.3,0.5,1,0
REQ-000419,10,FINANCIAL_DISTRICT,AIRPORT,COMFORT,24.02,66.3,CLEAR,0.0,10.0,28.6,0.12,0,26,35,1.35,REGULAR,73.97,0.0,0.0,0.123,0.0,1.12,82.85,63.03,19.82,0.8667,1,0
REQ-000420,17,SUBURB_NORTH,TECH_CORRIDOR,COMFORT,2.54,4.7,DRIZZLE,0.0,10.0,21.9,0.84,0,18,16,0.89,REGULAR,10.81,0.154,0.674,0.0,0.25,2.08,22.48,18.03,4.45,0.3936,0,0
REQ-000421,18,AIRPORT,FINANCIAL_DISTRICT,STANDARD,26.91,54.8,CLEAR,0.0,10.0,24.4,0.81,0,15,38,2.53,GOLD,55.82,0.0,0.629,0.535,0.25,2.41,134.53,108.77,25.76,0.3221,1,0
REQ-000422,6,AIRPORT,SUBURB_NORTH,PREMIUM,11.93,28.7,DRIZZLE,0.0,10.0,31.9,0.32,0,17,13,0.76,REGULAR,65.79,0.1,0.023,0.0,0.0,1.12,73.68,56.05,17.63,0.8667,1,0
REQ-000423,14,TECH_CORRIDOR,SUBURB_NORTH,COMFORT,11.61,32.0,CLEAR,0.0,10.0,17.7,0.44,0,32,64,2.0,GOLD,38.06,0.043,0.08,0.35,0.0,1.47,55.95,43.75,12.2,0.8194,1,0
REQ-000424,11,DOWNTOWN,FINANCIAL_DISTRICT,STANDARD,10.65,22.7,FOG,0.0,10.0,30.4,0.29,0,24,74,3.08,REGULAR,24.25,0.272,0.014,0.728,0.0,2.01,48.74,39.0,9.74,0.4344,1,0
REQ-000425,18,SUBURB_NORTH,AIRPORT,COMFORT,27.17,70.2,CLEAR,0.0,10.0,9.6,0.55,0,53,77,1.45,REGULAR,80.92,0.0,0.293,0.157,0.25,1.7,137.56,108.83,28.73,0.6177,1,0
REQ-000426,8,AIRPORT,DOWNTOWN,COMFORT,14.98,47.4,RAIN,14.1,5.1,28.7,0.74,0,18,50,2.78,GOLD,50.55,0.409,0.527,0.623,0.2,2.76,139.52,113.54,25.98,0.1702,0,0
REQ-000427,5,FINANCIAL_DISTRICT,TECH_CORRIDOR,STANDARD,6.91,13.0,CLEAR,0.0,10.0,12.0,0.22,0,10,66,6.6,REGULAR,16.19,0.0,0.001,1.2,0.0,2.2,35.62,28.66,6.96,0.3274,0,0
REQ-000428,4,SUBURB_NORTH,TECH_CORRIDOR,PREMIUM,4.92,13.8,CLEAR,0.0,10.0,7.5,0.12,0,25,37,1.48,REGULAR,33.51,0.042,0.0,0.168,0.0,1.21,40.55,31.12,9.43,0.8397,0,0
REQ-000429,15,TECH_CORRIDOR,FINANCIAL_DISTRICT,PREMIUM,25.93,55.6,DRIZZLE,0.0,10.0,29.0,0.32,0,45,23,0.51,GOLD,127.86,0.1,0.023,0.0,0.0,1.12,143.2,108.93,34.27,0.9131,1,0
REQ-000430,19,DOWNTOWN,TECH_CORRIDOR,PREMIUM,13.81,43.3,DRIZZLE,0.0,10.0,13.9,0.68,0,54,26,0.48,REGULAR,83.47,0.1,0.446,0.0,0.25,1.8,150.25,119.37,30.88,0.5597,1,0
REQ-000431,19,AIRPORT,SUBURB_NORTH,STANDARD,21.34,54.8,CLEAR,0.0,10.0,15.8,0.83,0,21,30,1.43,REGULAR,48.86,0.0,0.66,0.15,0.25,2.06,100.65,80.67,19.98,0.4052,1,0
REQ-000432,9,FINANCIAL_DISTRICT,DOWNTOWN,XL,14.76,35.5,THUNDERSTORM,44.1,1.4,7.6,0.49,0,25,64,2.56,REGULAR,58.3,1.2,0.113,0.546,0.2,3.06,178.4,145.81,32.59,0.0582,0,0
REQ-000433,16,AIRPORT,FINANCIAL_DISTRICT,PREMIUM,18.4,35.5,CLEAR,0.0,10.0,17.5,0.32,0,48,77,1.6,REGULAR,89.7,0.0,0.023,0.21,0.0,1.23,110.33,84.81,25.52,0.8331,1,0
REQ-000434,9,DOWNTOWN,TECH_CORRIDOR,XL,5.86,11.6,HEAVY_RAIN,40.9,1.2,6.3,0.42,1,35,62,1.77,REGULAR,25.27,1.14,0.189,0.269,0.2,2.8,70.76,57.62,13.14,0.1034,0,0
REQ-000435,16,TECH_CORRIDOR,AIRPORT,XL,8.63,16.5,CLEAR,0.0,10.0,25.0,0.36,0,34,48,1.41,REGULAR,34.02,0.0,0.039,0.143,0.0,1.18,40.14,30.72,9.42,0.8492,1,0
REQ-000436,5,SUBURB_NORTH,AIRPORT,XL,27.13,81.9,CLEAR,0.0,10.0,7.1,0.15,0,9,10,1.11,REGULAR,112.11,0.076,0.0,0.0,0.0,1.08,121.08,91.71,29.37,0.8774,1,0
REQ-000437,19,SUBURB_NORTH,TECH_CORRIDOR,PREMIUM,24.59,77.5,RAIN,6.6,7.3,21.7,0.83,0,13,26,2.0,REGULAR,142.73,0.324,0.66,0.35,0.25,2.58,368.24,298.73,69.51,0.1636,0,0
REQ-000438,20,DOWNTOWN,AIRPORT,STANDARD,7.44,20.1,CLEAR,0.0,10.0,27.7,0.27,1,57,69,1.21,REGULAR,19.34,0.039,0.129,0.073,0.0,1.24,23.98,18.45,5.53,0.8298,1,0
REQ-000439,15,DOWNTOWN,AIRPORT,COMFORT,21.21,51.4,CLEAR,0.0,10.0,28.2,0.13,0,11,52,4.73,REGULAR,62.63,0.0,0.0,1.2,0.0,2.2,137.79,110.86,26.93,0.3274,0,0
REQ-000440,17,SUBURB_NORTH,TECH_CORRIDOR,PREMIUM,21.16,55.7,FOG,0.0,10.0,6.0,0.63,0,60,72,1.2,REGULAR,114.59,0.2,0.384,0.0,0.25,1.83,209.7,166.79,42.91,0.5419,1,0
REQ-000441,20,DOWNTOWN,TECH_CORRIDOR,XL,16.38,35.6,CLEAR,0.0,10.0,17.8,0.43,0,9,30,3.33,REGULAR,61.76,0.0,0.074,0.816,0.0,1.89,116.73,93.04,23.69,0.506,1,0
REQ-000442,21,AIRPORT,TECH_CORRIDOR,COMFORT,15.2,39.9,CLEAR,0.0,10.0,21.3,0.31,1,26,59,2.27,PLATINUM,47.53,0.034,0.14,0.444,0.0,1.62,77.0,60.7,16.3,0.8194,0,0
REQ-000443,23,AIRPORT,TECH_CORRIDOR,COMFORT,18.17,39.9,CLEAR,0.0,10.0,18.0,0.11,0,39,48,1.23,REGULAR,52.43,0.0,0.0,0.08,0.15,1.23,64.49,49.57,14.92,0.8331,1,0
REQ-000444,16,DOWNTOWN,SUBURB_NORTH,XL,11.28,22.8,CLEAR,0.0,10.0,6.7,0.3,1,22,72,3.27,REGULAR,43.37,0.0,0.137,0.794,0.0,1.93,83.7,66.81,16.89,0.482,1,0
REQ-000445,16,AIRPORT,DOWNTOWN,XL,25.3,75.8,DRIZZLE,0.0,10.0,7.8,0.43,0,56,24,0.43,PLATINUM,104.61,0.1,0.074,0.0,0.0,1.17,122.39,93.57,28.82,0.9303,1,0
REQ-000446,3,TECH_CORRIDOR,DOWNTOWN,STANDARD,15.19,30.9,HEAVY_RAIN,56.4,0.9,12.9,0.25,0,49,56,1.14,REGULAR,32.8,1.2,0.005,0.0,0.15,2.35,77.08,62.24,14.84,0.2535,1,0
REQ-000447,15,FINANCIAL_DISTRICT,TECH_CORRIDOR,PREMIUM,22.0,39.8,CLEAR,0.0,10.0,18.6,0.2,0,50,41,0.82,REGULAR,103.43,0.0,0.0,0.0,0.0,1.0,103.43,77.57,25.86,0.8966,1,0
REQ-000448,13,SUBURB_NORTH,FINANCIAL_DISTRICT,COMFORT,22.85,54.4,HEAVY_RAIN,58.1,1.8,23.4,0.23,0,41,18,0.44,REGULAR,66.68,1.2,0.002,0.0,0.0,2.2,146.7,118.03,28.67,0.3274,1,0
REQ-000449,20,FINANCIAL_DISTRICT,TECH_CORRIDOR,STANDARD,12.22,22.6,CLEAR,0.0,10.0,20.5,0.44,0,26,63,2.42,REGULAR,26.19,0.075,0.08,0.497,0.0,1.65,43.21,34.11,9.1,0.6457,0,0
REQ-000450,8,TECH_CORRIDOR,AIRPORT,XL,25.64,46.4,THUNDERSTORM,44.4,0.9,15.9,0.8,0,36,54,1.5,GOLD,87.68,1.2,0.613,0.175,0.2,3.19,279.7,228.98,50.72,0.0681,0,0
REQ-000451,12,SUBURB_NORTH,FINANCIAL_DISTRICT,XL,4.19,10.7,RAIN,11.9,4.5,31.8,0.09,0,56,30,0.54,REGULAR,21.22,0.384,0.0,0.0,0.0,1.38,29.28,22.77,6.51,0.777,0,0
REQ-000452,13,TECH_CORRIDOR,AIRPORT,COMFORT,23.64,52.6,FOG,0.0,10.0,8.0,0.2,0,11,25,2.27,REGULAR,67.18,0.2,0.0,0.444,0.0,1.64,110.18,86.94,23.24,0.6511,1,0
REQ-000453,18,DOWNTOWN,TECH_CORRIDOR,XL,27.56,80.7,DRIZZLE,0.0,10.0,29.1,0.64,0,26,27,1.04,GOLD,112.3,0.1,0.395,0.0,0.25,1.75,196.53,155.82,40.71,0.6985,1,0
REQ-000454,11,FINANCIAL_DISTRICT,DOWNTOWN,XL,15.43,31.9,CLEAR,0.0,10.0,9.0,0.21,1,35,26,0.74,REGULAR,57.54,0.0,0.12,0.0,0.0,1.12,64.44,49.02,15.42,0.8667,1,0
REQ-000455,20,AIRPORT,TECH_CORRIDOR,PREMIUM,24.67,64.6,CLEAR,0.0,10.0,16.9,0.25,0,17,74,4.35,REGULAR,131.99,0.061,0.005,1.172,0.0,2.24,295.66,238.11,57.55,0.3066,0,0
REQ-000456,5,FINANCIAL_DISTRICT,DOWNTOWN,COMFORT,13.84,25.5,SNOW,7.4,7.8,-8.9,0.28,1,17,25,1.47,REGULAR,38.81,0.661,0.131,0.164,0.0,1.96,76.07,60.78,15.29,0.4641,0,0
REQ-000457,18,AIRPORT,SUBURB_NORTH,PREMIUM,2.73,5.5,CLEAR,0.0,10.0,30.3,0.53,0,8,25,3.12,REGULAR,20.31,0.0,0.272,0.742,0.25,2.26,45.9,36.98,8.92,0.2965,1,0
REQ-000458,10,DOWNTOWN,TECH_CORRIDOR,PREMIUM,16.9,43.8,RAIN,8.7,6.9,21.4,0.25,0,36,29,0.81,GOLD,92.55,0.358,0.005,0.0,0.0,1.36,125.87,97.73,28.14,0.8552,1,0
REQ-000459,17,TECH_CORRIDOR,SUBURB_NORTH,PREMIUM,8.05,18.9,CLEAR,0.0,10.0,23.1,0.52,1,18,13,0.72,REGULAR,46.6,0.0,0.383,0.0,0.25,1.63,75.96,59.91,16.05,0.6566,0,0
REQ-000460,18,AIRPORT,DOWNTOWN,STANDARD,7.0,18.7,RAIN,14.5,6.1,25.3,0.41,0,9,45,5.0,GOLD,18.29,0.413,0.063,1.2,0.25,2.93,53.59,43.72,9.87,0.12,0,0
REQ-000461,12,TECH_CORRIDOR,SUBURB_NORTH,STANDARD,22.98,60.9,DRIZZLE,0.0,10.0,18.3,0.19,2,41,50,1.22,REGULAR,53.04,0.162,0.24,0.077,0.0,1.48,78.5,61.42,17.08,0.7326,1,0
REQ-000462,2,DOWNTOWN,AIRPORT,XL,5.74,12.4,CLEAR,0.0,10.0,30.7,0.07,0,53,17,0.32,REGULAR,25.49,0.0,0.0,0.0,0.15,1.15,29.31,22.36,6.95,0.8581,1,0
REQ-000463,3,FINANCIAL_DISTRICT,TECH_CORRIDOR,XL,8.71,27.2,CLEAR,0.0,10.0,11.5,0.14,0,15,44,2.93,REGULAR,40.61,0.0,0.0,0.675,0.15,1.82,73.91,58.76,15.15,0.5479,1,0
REQ-000464,0,SUBURB_NORTH,DOWNTOWN,PREMIUM,2.75,7.4,CLEAR,0.0,10.0,31.0,0.15,0,27,62,2.3,REGULAR,21.99,0.0,0.0,0.455,0.15,1.6,35.18,27.7,7.48,0.6726,0,0
REQ-000465,7,TECH_CORRIDOR,FINANCIAL_DISTRICT,COMFORT,11.71,37.2,CLEAR,0.0,10.0,16.4,0.6,1,37,47,1.27,REGULAR,40.56,0.055,0.469,0.095,0.2,1.82,73.82,58.69,15.13,0.5479,1,0
REQ-000466,12,DOWNTOWN,TECH_CORRIDOR,XL,17.54,52.2,FOG,0.0,10.0,27.7,0.39,0,42,18,0.43,REGULAR,74.15,0.2,0.053,0.0,0.0,1.25,92.69,71.37,21.32,0.8264,1,0
REQ-000467,16,DOWNTOWN,AIRPORT,XL,24.84,52.0,SNOW,6.8,6.7,-11.1,0.23,0,29,36,1.24,REGULAR,89.36,0.706,0.002,0.084,0.0,1.79,159.95,127.02,32.93,0.5656,0,0
REQ-000468,0,DOWNTOWN,AIRPORT,STANDARD,17.83,32.2,DRIZZLE,0.0,10.0,16.2,0.33,0,58,19,0.33,REGULAR,36.56,0.15,0.027,0.0,0.15,1.33,48.62,37.67,10.95,0.7971,0,0
REQ-000469,19,SUBURB_NORTH,DOWNTOWN,XL,27.27,63.5,CLEAR,0.0,10.0,9.8,0.71,1,37,57,1.54,PLATINUM,101.37,0.012,0.606,0.189,0.25,2.06,208.82,167.36,41.46,0.6121,1,0
REQ-000470,6,FINANCIAL_DISTRICT,DOWNTOWN,XL,19.69,55.0,CLEAR,0.0,10.0,21.6,0.34,0,31,14,0.45,REGULAR,80.35,0.0,0.03,0.0,0.0,1.03,82.76,62.31,20.45,0.8897,0,0
REQ-000471,12,TECH_CORRIDOR,FINANCIAL_DISTRICT,STANDARD,7.1,20.9,CLEAR,0.0,10.0,12.5,0.12,0,51,32,0.63,REGULAR,19.19,0.0,0.0,0.0,0.0,1.0,19.19,14.39,4.8,0.8966,1,0
REQ-000472,16,DOWNTOWN,AIRPORT,XL,26.27,78.7,RAIN,6.3,7.4,5.6,0.32,0,37,10,0.27,PLATINUM,108.39,0.393,0.023,0.0,0.0,1.42,153.91,119.98,33.93,0.88,1,0
REQ-000473,3,DOWNTOWN,SUBURB_NORTH,PREMIUM,23.95,56.8,DRIZZLE,0.0,10.0,17.6,0.35,0,25,63,2.52,REGULAR,123.34,0.1,0.034,0.532,0.15,1.82,224.48,178.47,46.01,0.5479,1,0
REQ-000474,0,SUBURB_NORTH,FINANCIAL_DISTRICT,XL,4.13,10.7,FOG,0.0,10.0,11.1,0.43,0,29,49,1.69,REGULAR,21.09,0.2,0.074,0.241,0.15,1.67,35.22,27.83,7.39,0.6346,1,0
REQ-000475,20,DOWNTOWN,TECH_CORRIDOR,PREMIUM,23.01,60.5,THUNDERSTORM,53.6,1.1,17.8,0.38,0,23,19,0.83,GOLD,123.85,1.2,0.048,0.0,0.0,2.25,278.66,224.48,54.18,0.411,0,0
REQ-000476,1,DOWNTOWN,TECH_CORRIDOR,STANDARD,4.22,8.0,CLEAR,0.0,10.0,29.0,0.36,1,59,66,1.12,REGULAR,11.07,0.0,0.159,0.0,0.15,1.31,14.5,11.22,3.28,0.8047,1,0
REQ-000477,9,SUBURB_NORTH,DOWNTOWN,STANDARD,19.62,50.7,HEAVY_RAIN,36.1,2.0,16.1,0.75,0,37,64,1.73,GOLD,45.28,1.048,0.541,0.256,0.2,3.04,137.65,112.47,25.18,0.0948,0,0
REQ-000478,3,AIRPORT,DOWNTOWN,PREMIUM,15.45,40.5,CLEAR,0.0,10.0,21.1,0.37,0,48,75,1.56,REGULAR,85.68,0.0,0.043,0.196,0.15,1.39,119.1,92.67,26.43,0.7728,1,0
REQ-000479,1,TECH_CORRIDOR,SUBURB_NORTH,COMFORT,8.32,24.3,CLEAR,0.0,10.0,20.8,0.31,0,42,28,0.67,REGULAR,29.17,0.0,0.02,0.0,0.15,1.17,34.13,26.09,8.04,0.8522,1,0
REQ-000480,21,AIRPORT,SUBURB_NORTH,XL,27.23,68.7,DRIZZLE,0.0,10.0,6.5,0.38,0,20,35,1.75,REGULAR,104.4,0.1,0.048,0.262,0.0,1.41,147.2,114.68,32.52,0.7642,1,0
REQ-000481,14,DOWNTOWN,SUBURB_NORTH,COMFORT,19.36,53.7,DRIZZLE,0.0,10.0,13.9,0.44,0,18,23,1.28,REGULAR,60.61,0.1,0.08,0.098,0.0,1.28,77.58,59.88,17.7,0.8158,1,0
REQ-000482,22,DOWNTOWN,TECH_CORRIDOR,COMFORT,25.92,69.8,CLEAR,0.0,10.0,21.8,0.34,0,55,58,1.05,REGULAR,78.68,0.0,0.03,0.0,0.0,1.03,81.04,61.02,20.02,0.8897,1,0
REQ-000483,3,DOWNTOWN,SUBURB_NORTH,STANDARD,3.92,7.2,CLEAR,0.0,10.0,16.9,0.42,0,20,35,1.75,REGULAR,10.42,0.0,0.069,0.262,0.15,1.48,15.42,12.06,3.36,0.7326,1,0
REQ-000484,6,AIRPORT,FINANCIAL_DISTRICT,XL,24.04,51.6,CLEAR,0.0,10.0,27.8,0.06,0,58,24,0.41,REGULAR,87.44,0.055,0.0,0.0,0.0,1.05,91.81,69.29,22.52,0.8849,1,0
REQ-000485,16,SUBURB_NORTH,FINANCIAL_DISTRICT,XL,23.05,62.8,BLIZZARD,59.9,2.7,-14.0,0.42,0,32,57,1.78,REGULAR,92.09,1.2,0.069,0.273,0.0,2.54,233.91,189.61,44.3,0.1771,0,0
REQ-000486,4,FINANCIAL_DISTRICT,DOWNTOWN,COMFORT,24.22,53.6,CLEAR,0.0,10.0,6.4,0.4,0,39,36,0.92,GOLD,68.58,0.021,0.058,0.0,0.0,1.08,74.07,56.1,17.97,0.9204,1,0
REQ-000487,20,TECH_CORRIDOR,DOWNTOWN,COMFORT,15.22,43.4,RAIN,7.5,6.1,9.8,0.26,0,38,44,1.16,REGULAR,49.14,0.334,0.007,0.0,0.0,1.34,65.85,51.06,14.79,0.7931,1,0
REQ-000488,7,TECH_CORRIDOR,DOWNTOWN,COMFORT,7.71,16.1,CLEAR,0.0,10.0,13.3,0.66,0,43,20,0.47,REGULAR,24.47,0.049,0.42,0.0,0.2,1.67,40.86,32.28,8.58,0.6346,1,0
REQ-000489,19,SUBURB_NORTH,AIRPORT,COMFORT,17.18,42.1,CLEAR,0.0,10.0,17.2,0.57,0,9,32,3.56,REGULAR,51.8,0.0,0.313,0.896,0.25,2.46,127.43,103.14,24.29,0.2069,0,0
REQ-000490,17,DOWNTOWN,SUBURB_NORTH,STANDARD,9.66,24.2,DRIZZLE,0.0,10.0,26.2,0.44,1,10,79,7.9,REGULAR,23.54,0.16,0.2,1.2,0.25,2.81,66.15,53.87,12.28,0.1012,0,0
REQ-000491,8,AIRPORT,SUBURB_NORTH,XL,21.38,61.5,CLEAR,0.0,10.0,21.3,0.78,0,24,11,0.46,GOLD,87.8,0.0,0.585,0.0,0.2,1.78,156.28,124.06,32.22,0.6831,1,0
REQ-000492,0,AIRPORT,TECH_CORRIDOR,PREMIUM,23.37,66.9,CLEAR,0.0,10.0,18.8,0.11,0,55,36,0.65,REGULAR,130.31,0.01,0.0,0.0,0.15,1.16,151.16,115.45,35.71,0.8552,1,0
REQ-000493,6,TECH_CORRIDOR,SUBURB_NORTH,PREMIUM,10.86,20.9,CLEAR,0.0,10.0,30.4,0.23,0,16,26,1.62,REGULAR,56.17,0.0,0.002,0.217,0.0,1.22,68.53,52.63,15.9,0.8364,1,0
REQ-000494,12,SUBURB_NORTH,AIRPORT,XL,7.86,18.8,RAIN,11.3,5.2,20.8,0.06,1,29,60,2.07,PLATINUM,33.79,0.377,0.12,0.374,0.0,1.87,63.19,50.33,12.86,0.7134,1,0
REQ-000495,18,SUBURB_NORTH,DOWNTOWN,PREMIUM,6.9,13.5,SNOW,10.7,5.2,-4.9,0.77,2,20,18,0.9,PLATINUM,38.79,0.618,0.809,0.0,0.25,2.68,103.96,84.49,19.47,0.2627,0,0
REQ-000496,1,FINANCIAL_DISTRICT,AIRPORT,XL,19.15,36.3,CLEAR,0.0,10.0,5.3,0.41,0,16,78,4.88,REGULAR,67.99,0.0,0.063,1.2,0.15,2.41,163.86,132.48,31.38,0.2272,0,0
REQ-000497,22,SUBURB_NORTH,FINANCIAL_DISTRICT,COMFORT,24.63,55.0,DRIZZLE,0.0,10.0,9.3,0.17,0,37,45,1.22,REGULAR,69.89,0.1,0.0,0.077,0.0,1.18,82.47,63.11,19.36,0.8492,0,0
REQ-000498,10,SUBURB_NORTH,DOWNTOWN,PREMIUM,17.73,38.0,THUNDERSTORM,55.2,1.7,20.6,0.17,0,52,48,0.92,REGULAR,89.94,1.2,0.0,0.0,0.0,2.2,197.87,159.2,38.67,0.3274,0,0
REQ-000499,13,FINANCIAL_DISTRICT,TECH_CORRIDOR,COMFORT,6.67,17.8,CLEAR,0.0,10.0,29.6,0.28,0,23,30,1.3,REGULAR,23.52,0.0,0.011,0.105,0.0,1.12,26.34,20.04,6.3,0.8667,1,0
REQ-000500,17,AIRPORT,DOWNTOWN,COMFORT,25.63,60.9,CLEAR,0.0,10.0,15.0,0.63,0,18,42,2.33,REGULAR,74.2,0.008,0.382,0.465,0.25,2.11,156.56,125.66,30.9,0.3766,1,0
REQ-000501,6,DOWNTOWN,FINANCIAL_DISTRICT,PREMIUM,11.91,33.9,CLEAR,0.0,10.0,5.3,0.42,0,39,69,1.77,REGULAR,70.16,0.0,0.069,0.269,0.0,1.34,94.01,72.89,21.12,0.7931,1,0
REQ-000502,5,FINANCIAL_DISTRICT,TECH_CORRIDOR,COMFORT,14.24,31.2,CLEAR,0.0,10.0,5.5,0.17,0,12,11,0.92,REGULAR,42.04,0.0,0.0,0.0,0.0,1.0,42.04,31.53,10.51,0.8966,1,0
REQ-000503,17,AIRPORT,FINANCIAL_DISTRICT,COMFORT,20.57,62.7,CLEAR,0.0,10.0,23.8,0.77,0,14,59,4.21,REGULAR,66.66,0.033,0.568,1.123,0.25,2.97,197.98,161.62,36.36,0.0712,0,0
REQ-000504,7,TECH_CORRIDOR,DOWNTOWN,STANDARD,22.08,63.5,CLEAR,0.0,10.0,11.4,0.59,0,20,18,0.9,REGULAR,52.82,0.0,0.336,0.0,0.2,1.54,81.34,63.86,17.48,0.7035,0,0
REQ-000505,10,FINANCIAL_DISTRICT,AIRPORT,STANDARD,12.81,25.0,CLEAR,0.0,10.0,21.9,0.42,0,22,37,1.68,REGULAR,27.76,0.0,0.069,0.238,0.0,1.31,36.37,28.14,8.23,0.8047,1,0
REQ-000506,7,DOWNTOWN,TECH_CORRIDOR,XL,2.31,4.8,CLEAR,0.0,10.0,27.0,0.57,1,21,62,2.95,REGULAR,13.73,0.0,0.433,0.682,0.2,2.32,31.85,25.7,6.15,0.2674,0,0
REQ-000507,20,DOWNTOWN,AIRPORT,XL,26.93,71.1,DRIZZLE,0.0,10.0,23.3,0.33,0,52,50,0.96,PLATINUM,105.21,0.174,0.027,0.0,0.0,1.2,126.25,96.79,29.46,0.9255,1,0
REQ-000508,12,DOWNTOWN,SUBURB_NORTH,STANDARD,17.82,46.7,CLEAR,0.0,10.0,25.0,0.33,1,9,25,2.78,REGULAR,41.61,0.0,0.147,0.623,0.0,1.77,73.65,58.44,15.21,0.5774,0,0
REQ-000509,6,FINANCIAL_DISTRICT,DOWNTOWN,STANDARD,5.58,13.9,CLEAR,0.0,10.0,10.5,0.42,0,55,52,0.95,REGULAR,14.84,0.0,0.069,0.0,0.0,1.07,15.88,12.01,3.87,0.88,1,0
REQ-000510,23,DOWNTOWN,TECH_CORRIDOR,XL,21.51,45.6,CLEAR,0.0,10.0,11.5,0.41,0,51,38,0.75,REGULAR,78.53,0.0,0.063,0.0,0.15,1.21,95.02,72.91,22.11,0.8397,1,0
REQ-000511,15,AIRPORT,FINANCIAL_DISTRICT,PREMIUM,18.37,34.7,CLEAR,0.0,10.0,10.2,0.11,0,45,80,1.78,GOLD,88.94,0.0,0.0,0.273,0.0,1.27,112.95,87.11,25.84,0.88,0,0
REQ-000512,23,FINANCIAL_DISTRICT,DOWNTOWN,PREMIUM,20.85,46.6,CLEAR,0.0,10.0,16.4,0.17,0,20,44,2.2,GOLD,105.99,0.0,0.0,0.42,0.15,1.57,166.4,130.84,35.56,0.7811,1,0
REQ-000513,16,AIRPORT,TECH_CORRIDOR,PREMIUM,6.36,15.4,DRIZZLE,0.0,10.0,16.7,0.43,0,35,20,0.57,GOLD,38.9,0.1,0.074,0.0,0.0,1.17,45.51,34.79,10.72,0.9031,0,0
REQ-000514,14,TECH_CORRIDOR,FINANCIAL_DISTRICT,COMFORT,8.69,21.3,CLEAR,0.0,10.0,20.2,0.18,0,20,10,0.5,REGULAR,28.43,0.0,0.0,0.0,0.0,1.0,28.43,21.32,7.11,0.8966,1,0
REQ-000515,23,AIRPORT,TECH_CORRIDOR,PREMIUM,26.07,81.2,CLEAR,0.0,10.0,18.2,0.29,0,15,59,3.93,PLATINUM,150.02,0.0,0.014,1.026,0.15,2.19,328.54,264.26,64.28,0.5359,1,0
REQ-000516,22,SUBURB_NORTH,AIRPORT,XL,15.25,37.9,CLEAR,0.0,10.0,6.6,0.22,0,60,56,0.93,REGULAR,60.76,0.0,0.001,0.0,0.0,1.0,60.76,45.57,15.19,0.8966,1,0
REQ-000517,7,FINANCIAL_DISTRICT,SUBURB_NORTH,PREMIUM,26.55,53.3,DRIZZLE,0.0,10.0,30.7,0.41,0,32,60,1.88,GOLD,127.64,0.134,0.063,0.308,0.2,1.7,216.99,171.68,45.31,0.7231,0,0
REQ-000518,22,DOWNTOWN,AIRPORT,PREMIUM,6.31,15.1,CLEAR,0.0,10.0,31.1,0.2,0,54,21,0.39,REGULAR,38.5,0.0,0.0,0.0,0.0,1.0,38.5,28.88,9.62,0.8966,1,0
REQ-000519,12,AIRPORT,FINANCIAL_DISTRICT,XL,21.47,66.6,DRIZZLE,0.0,10.0,5.2,0.25,1,57,63,1.11,REGULAR,91.05,0.1,0.125,0.0,0.0,1.23,111.99,86.09,25.9,0.8331,1,0
REQ-000520,6,SUBURB_NORTH,FINANCIAL_DISTRICT,COMFORT,11.74,32.7,CLEAR,0.0,10.0,18.6,0.28,0,55,33,0.6,GOLD,38.59,0.0,0.011,0.0,0.0,1.01,38.98,29.27,9.71,0.9319,1,0
REQ-000521,9,SUBURB_NORTH,TECH_CORRIDOR,STANDARD,24.58,50.0,CLEAR,0.0,10.0,8.4,0.41,0,56,22,0.39,REGULAR,51.22,0.0,0.063,0.0,0.2,1.26,64.54,49.74,14.8,0.8229,1,0
REQ-000522,12,DOWNTOWN,FINANCIAL_DISTRICT,STANDARD,7.49,21.8,DRIZZLE,0.0,10.0,31.6,0.42,0,35,53,1.51,REGULAR,19.99,0.11,0.069,0.178,0.0,1.36,27.19,21.11,6.08,0.7852,0,0
REQ-000523,1,AIRPORT,FINANCIAL_DISTRICT,XL,19.29,44.9,BLIZZARD,54.9,2.5,-1.9,0.38,2,15,77,5.13,REGULAR,73.45,1.2,0.288,1.2,0.15,3.5,257.07,211.16,45.91,0.021,0,1
REQ-000524,15,FINANCIAL_DISTRICT,SUBURB_NORTH,PREMIUM,18.08,49.2,CLEAR,0.0,10.0,22.8,0.31,0,48,56,1.17,GOLD,100.44,0.0,0.02,0.0,0.0,1.02,102.45,77.04,25.41,0.9303,0,0
REQ-000525,19,AIRPORT,TECH_CORRIDOR,COMFORT,17.78,42.0,RAIN,7.2,7.8,30.4,0.7,0,32,47,1.47,REGULAR,52.74,0.331,0.471,0.164,0.25,2.22,117.08,94.24,22.84,0.3169,0,0
REQ-000526,21,TECH_CORRIDOR,DOWNTOWN,COMFORT,14.95,28.7,FOG,0.0,10.0,31.7,0.41,0,42,40,0.95,REGULAR,42.08,0.2,0.063,0.0,0.0,1.26,53.02,40.86,12.16,0.8229,1,0
REQ-000527,10,DOWNTOWN,FINANCIAL_DISTRICT,PREMIUM,27.83,51.2,THUNDERSTORM,50.7,1.1,12.0,0.41,1,16,78,4.88,REGULAR,129.44,1.2,0.183,1.2,0.0,3.5,453.04,372.14,80.9,0.021,0,1
REQ-000528,22,AIRPORT,FINANCIAL_DISTRICT,STANDARD,18.74,43.6,RAIN,11.7,6.6,26.2,0.22,0,26,21,0.81,REGULAR,41.68,0.453,0.001,0.0,0.0,1.45,60.44,47.21,13.23,0.7465,1,0
REQ-000529,10,TECH_CORRIDOR,FINANCIAL_DISTRICT,STANDARD,16.89,33.4,SNOW,9.9,4.0,-7.0,0.44,0,51,26,0.51,REGULAR,35.8,0.687,0.08,0.0,0.0,1.77,63.37,50.28,13.09,0.5774,0,0
REQ-000530,10,FINANCIAL_DISTRICT,DOWNTOWN,PREMIUM,2.24,6.7,CLEAR,0.0,10.0,30.5,0.25,0,17,14,0.82,REGULAR,19.97,0.033,0.005,0.0,0.0,1.04,20.77,15.66,5.11,0.8874,1,0
REQ-000531,9,DOWNTOWN,SUBURB_NORTH,PREMIUM,18.41,38.7,RAIN,7.5,7.9,14.0,0.49,0,52,16,0.31,PLATINUM,92.45,0.364,0.113,0.0,0.2,1.68,155.32,122.78,32.54,0.7971,1,0
REQ-000532,5,SUBURB_NORTH,TECH_CORRIDOR,XL,27.59,75.1,FOG,0.0,10.0,19.8,0.32,0,33,19,0.58,REGULAR,109.0,0.2,0.023,0.0,0.0,1.22,132.98,102.13,30.85,0.8364,1,0
REQ-000533,18,FINANCIAL_DISTRICT,TECH_CORRIDOR,STANDARD,5.4,15.4,HEAVY_RAIN,22.2,2.8,13.2,0.66,0,17,36,2.12,REGULAR,15.14,0.77,0.42,0.392,0.25,2.83,42.85,34.91,7.94,0.0969,0,0
REQ-000534,4,DOWNTOWN,SUBURB_NORTH,STANDARD,19.64,62.5,CLEAR,0.0,10.0,31.5,0.12,1,30,70,2.33,REGULAR,49.43,0.0,0.12,0.465,0.0,1.59,78.59,61.86,16.73,0.6779,1,0
REQ-000535,12,TECH_CORRIDOR,AIRPORT,PREMIUM,27.21,72.9,CLEAR,0.0,10.0,8.2,0.17,0,55,58,1.05,GOLD,146.16,0.0,0.0,0.0,0.0,1.0,146.16,109.62,36.54,0.9334,0,0
REQ-000536,11,DOWNTOWN,TECH_CORRIDOR,PREMIUM,9.16,24.9,CLEAR,0.0,10.0,8.1,0.31,0,45,71,1.58,REGULAR,54.81,0.0,0.02,0.203,0.0,1.22,66.87,51.36,15.51,0.8364,1,0
REQ-000537,13,TECH_CORRIDOR,FINANCIAL_DISTRICT,PREMIUM,14.59,39.4,CLEAR,0.0,10.0,8.4,0.34,0,33,12,0.36,REGULAR,82.34,0.0,0.03,0.0,0.0,1.03,84.81,63.85,20.96,0.8897,1,0
REQ-000538,22,TECH_CORRIDOR,SUBURB_NORTH,STANDARD,15.49,40.6,RAIN,10.8,7.0,10.6,0.1,0,8,67,8.38,GOLD,36.57,0.371,0.0,1.2,0.0,2.57,93.98,76.23,17.75,0.2445,1,0
REQ-000539,1,FINANCIAL_DISTRICT,AIRPORT,COMFORT,4.28,9.2,CLEAR,0.0,10.0,8.4,0.44,0,50,10,0.2,REGULAR,15.7,0.0,0.08,0.0,0.15,1.23,19.31,14.84,4.47,0.8331,1,0
REQ-000540,10,TECH_CORRIDOR,AIRPORT,PREMIUM,5.64,14.0,CLEAR,0.0,10.0,31.6,0.27,0,60,15,0.25,REGULAR,35.69,0.0,0.009,0.0,0.0,1.01,36.05,27.07,8.98,0.8944,1,0
REQ-000541,11,AIRPORT,FINANCIAL_DISTRICT,COMFORT,17.66,37.1,CLEAR,0.0,10.0,24.7,0.27,0,18,61,3.39,REGULAR,50.34,0.0,0.009,0.837,0.0,1.85,93.13,74.13,19.0,0.53,0,0
REQ-000542,20,SUBURB_NORTH,FINANCIAL_DISTRICT,COMFORT,3.83,10.8,DRIZZLE,0.0,10.0,10.2,0.31,0,34,29,0.85,REGULAR,15.68,0.1,0.02,0.0,0.0,1.12,17.56,13.36,4.2,0.8667,1,0
REQ-000543,3,SUBURB_NORTH,DOWNTOWN,COMFORT,4.02,7.9,DRIZZLE,0.0,10.0,16.0,0.09,0,17,38,2.24,REGULAR,14.69,0.1,0.0,0.434,0.15,1.68,24.68,19.51,5.17,0.629,1,0
REQ-000544,16,FINANCIAL_DISTRICT,TECH_CORRIDOR,STANDARD,22.35,44.1,RAIN,6.7,7.3,18.2,0.33,0,46,22,0.48,GOLD,46.37,0.325,0.027,0.0,0.0,1.35,62.6,48.57,14.03,0.8581,1,0
REQ-000545,17,SUBURB_NORTH,FINANCIAL_DISTRICT,XL,22.96,63.1,DRIZZLE,0.0,10.0,28.8,0.67,0,53,29,0.55,REGULAR,92.08,0.1,0.432,0.0,0.25,1.78,163.9,130.11,33.79,0.5715,1,0
REQ-000546,11,TECH_CORRIDOR,AIRPORT,STANDARD,25.88,69.7,RAIN,6.0,6.4,24.1,0.44,0,25,64,2.56,REGULAR,59.74,0.318,0.08,0.546,0.0,1.94,115.9,92.54,23.36,0.476,0,0
REQ-000547,10,FINANCIAL_DISTRICT,SUBURB_NORTH,STANDARD,26.63,63.1,HEAVY_RAIN,45.4,0.7,11.5,0.28,1,26,80,3.08,PLATINUM,58.38,1.2,0.131,0.728,0.0,3.06,178.64,146.01,32.63,0.1252,0,0
REQ-000548,21,DOWNTOWN,TECH_CORRIDOR,COMFORT,14.47,36.5,HEAVY_RAIN,47.9,1.5,21.6,0.35,0,55,54,0.98,REGULAR,44.81,1.2,0.034,0.0,0.0,2.23,99.93,80.46,19.47,0.3117,0,0
REQ-000549,16,TECH_CORRIDOR,DOWNTOWN,PREMIUM,27.08,74.3,THUNDERSTORM,27.0,1.4,8.6,0.07,0,15,53,3.53,PLATINUM,146.97,1.2,0.0,0.885,0.0,3.08,452.67,370.07,82.6,0.12,0,0
REQ-000550,6,TECH_CORRIDOR,DOWNTOWN,XL,9.78,21.6,CLEAR,0.0,10.0,22.0,0.42,0,40,14,0.35,PLATINUM,39.5,0.0,0.069,0.0,0.0,1.07,42.27,31.98,10.29,0.9444,1,0
REQ-000551,9,SUBURB_NORTH,DOWNTOWN,XL,2.15,5.3,CLEAR,0.0,10.0,5.1,0.48,0,39,35,0.9,REGULAR,13.69,0.049,0.106,0.0,0.2,1.35,18.48,14.34,4.14,0.7892,1,0
REQ-000552,21,FINANCIAL_DISTRICT,TECH_CORRIDOR,STANDARD,25.74,46.6,CLEAR,0.0,10.0,17.7,0.2,0,25,23,0.92,PLATINUM,51.48,0.0,0.0,0.0,0.0,1.0,51.48,38.61,12.87,0.9526,1,0
REQ-000553,11,SUBURB_NORTH,FINANCIAL_DISTRICT,COMFORT,11.2,27.0,HEAVY_RAIN,48.4,0.8,12.7,0.22,0,50,35,0.7,PLATINUM,35.13,1.2,0.001,0.0,0.0,2.2,77.29,62.18,15.11,0.53,0,0
REQ-000554,21,AIRPORT,DOWNTOWN,PREMIUM,14.72,36.7,RAIN,6.9,7.1,28.8,0.42,0,15,23,1.53,GOLD,80.42,0.328,0.069,0.185,0.0,1.58,127.06,99.96,27.1,0.777,1,0
REQ-000555,13,AIRPORT,DOWNTOWN,COMFORT,3.35,9.9,BLIZZARD,49.5,1.6,-7.7,0.15,0,23,45,1.96,GOLD,14.49,1.2,0.0,0.336,0.0,2.54,36.8,29.83,6.97,0.2581,0,0
REQ-000556,3,FINANCIAL_DISTRICT,TECH_CORRIDOR,COMFORT,14.32,41.5,RAIN,9.0,4.7,31.8,0.3,0,10,45,4.5,PLATINUM,46.81,0.351,0.017,1.2,0.15,2.72,127.32,103.54,23.78,0.2445,0,0
REQ-000557,13,SUBURB_NORTH,DOWNTOWN,COMFORT,4.36,8.2,CLEAR,0.0,10.0,23.9,0.14,0,35,16,0.46,REGULAR,15.38,0.076,0.0,0.0,0.0,1.08,16.61,12.58,4.03,0.8774,1,0
REQ-000558,5,AIRPORT,SUBURB_NORTH,PREMIUM,8.42,25.7,CLEAR,0.0,10.0,6.4,0.13,0,14,65,4.64,REGULAR,53.42,0.005,0.0,1.2,0.0,2.21,118.06,95.01,23.05,0.3221,0,0
REQ-000559,21,AIRPORT,SUBURB_NORTH,XL,4.9,13.4,DRIZZLE,0.0,10.0,28.3,0.35,0,41,57,1.39,REGULAR,24.33,0.1,0.034,0.136,0.0,1.27,30.9,23.83,7.07,0.8194,1,0
REQ-000560,23,TECH_CORRIDOR,SUBURB_NORTH,STANDARD,25.07,49.7,DRIZZLE,0.0,10.0,6.1,0.4,0,36,22,0.61,REGULAR,51.73,0.173,0.058,0.0,0.15,1.38,71.39,55.51,15.88,0.777,1,0
REQ-000561,23,AIRPORT,SUBURB_NORTH,PREMIUM,27.73,57.8,CLEAR,0.0,10.0,8.5,0.33,0,43,54,1.26,GOLD,134.77,0.0,0.027,0.091,0.15,1.27,171.16,132.01,39.15,0.88,1,0
REQ-000562,16,DOWNTOWN,TECH_CORRIDOR,STANDARD,14.55,36.9,RAIN,5.0,5.1,31.1,0.43,1,52,34,0.65,GOLD,34.1,0.306,0.194,0.0,0.0,1.5,51.15,40.07,11.08,0.8085,1,0
REQ-000563,17,TECH_CORRIDOR,DOWNTOWN,COMFORT,13.38,33.6,RAIN,7.8,5.1,10.0,0.5,0,58,75,1.29,REGULAR,41.7,0.338,0.12,0.102,0.25,1.81,75.48,59.99,15.49,0.5538,0,0
REQ-000564,8,TECH_CORRIDOR,AIRPORT,XL,24.16,53.5,DRIZZLE,0.0,10.0,9.6,0.51,1,17,45,2.65,PLATINUM,88.84,0.1,0.372,0.577,0.2,2.25,199.89,161.02,38.87,0.5,1,0
REQ-000565,11,DOWNTOWN,AIRPORT,COMFORT,15.9,28.7,DRIZZLE,0.0,10.0,31.2,0.43,0,16,62,3.88,GOLD,43.64,0.1,0.074,1.008,0.0,2.18,95.14,76.5,18.64,0.4521,1,0
REQ-000566,5,DOWNTOWN,FINANCIAL_DISTRICT,XL,7.7,24.3,CLEAR,0.0,10.0,5.4,0.4,0,54,58,1.07,PLATINUM,36.75,0.0,0.058,0.0,0.0,1.06,38.96,29.44,9.52,0.9456,1,0
REQ-000567,18,TECH_CORRIDOR,FINANCIAL_DISTRICT,PREMIUM,7.74,16.8,DRIZZLE,0.0,10.0,28.2,0.6,0,17,71,4.18,REGULAR,43.95,0.1,0.348,1.113,0.25,2.81,123.5,100.58,22.92,0.1012,0,0
REQ-000568,5,FINANCIAL_DISTRICT,AIRPORT,COMFORT,16.81,52.5,DRIZZLE,0.0,10.0,5.6,0.12,0,12,28,2.33,REGULAR,55.86,0.1,0.0,0.465,0.0,1.57,87.7,68.96,18.74,0.6883,1,0
REQ-000569,19,SUBURB_NORTH,DOWNTOWN,COMFORT,20.9,61.3,CLEAR,0.0,10.0,15.4,0.41,0,16,41,2.56,GOLD,66.57,0.0,0.063,0.546,0.25,1.86,123.82,98.59,25.23,0.6401,1,0
REQ-000570,23,TECH_CORRIDOR,DOWNTOWN,STANDARD,26.9,52.4,RAIN,13.2,4.3,8.8,0.41,0,38,29,0.76,REGULAR,54.96,0.408,0.063,0.0,0.15,1.62,89.04,70.19,18.85,0.662,1,0
REQ-000571,9,AIRPORT,DOWNTOWN,STANDARD,23.45,45.6,CLEAR,0.0,10.0,28.9,0.4,0,32,28,0.88,REGULAR,48.27,0.0,0.058,0.0,0.2,1.26,60.82,46.87,13.95,0.8229,1,0
REQ-000572,3,SUBURB_NORTH,DOWNTOWN,PREMIUM,6.41,12.5,SNOW,6.4,4.3,-9.6,0.08,1,17,32,1.88,REGULAR,36.57,0.723,0.12,0.308,0.15,2.3,84.11,67.84,16.27,0.2769,0,0
REQ-000573,19,FINANCIAL_DISTRICT,TECH_CORRIDOR,COMFORT,25.22,69.7,RAIN,7.2,4.4,29.7,0.82,0,12,10,0.83,GOLD,77.48,0.331,0.643,0.0,0.25,2.22,172.01,138.46,33.55,0.4285,0,0
REQ-000574,15,FINANCIAL_DISTRICT,SUBURB_NORTH,COMFORT,12.16,34.2,RAIN,4.4,5.7,24.6,0.18,1,57,59,1.04,REGULAR,39.95,0.299,0.12,0.0,0.0,1.42,56.73,44.23,12.5,0.7599,1,0
REQ-000575,7,SUBURB_NORTH,TECH_CORRIDOR,XL,5.59,17.4,CLEAR,0.0,10.0,19.8,0.62,0,13,63,4.85,REGULAR,28.18,0.0,0.372,1.2,0.2,2.77,78.06,63.53,14.53,0.1103,0,0
REQ-000576,0,FINANCIAL_DISTRICT,DOWNTOWN,COMFORT,11.4,23.8,CLEAR,0.0,10.0,17.8,0.09,0,57,27,0.47,REGULAR,34.02,0.0,0.0,0.0,0.15,1.15,39.12,29.85,9.27,0.8581,1,0
REQ-000577,23,TECH_CORRIDOR,SUBURB_NORTH,COMFORT,7.48,15.8,CLEAR,0.0,10.0,31.0,0.2,1,35,57,1.63,REGULAR,23.95,0.0,0.12,0.22,0.15,1.49,35.69,27.94,7.75,0.7279,1,0
REQ-000578,0,TECH_CORRIDOR,DOWNTOWN,PREMIUM,23.77,71.8,CLEAR,0.0,10.0,8.8,0.05,0,56,33,0.59,REGULAR,135.59,0.0,0.0,0.0,0.15,1.15,155.93,118.98,36.95,0.8581,1,0
REQ-000579,20,TECH_CORRIDOR,AIRPORT,PREMIUM,12.7,28.9,DRIZZLE,0.0,10.0,12.7,0.4,1,56,32,0.57,REGULAR,68.12,0.1,0.178,0.0,0.0,1.28,87.19,67.3,19.89,0.8158,1,0
REQ-000580,22,SUBURB_NORTH,TECH_CORRIDOR,XL,25.9,64.8,CLEAR,0.0,10.0,30.1,0.09,0,55,37,0.67,REGULAR,99.27,0.0,0.0,0.0,0.0,1.0,99.27,74.45,24.82,0.8966,1,0
REQ-000581,10,SUBURB_NORTH,FINANCIAL_DISTRICT,STANDARD,23.23,57.0,DRIZZLE,0.0,10.0,15.9,0.07,0,25,23,0.92,REGULAR,51.99,0.1,0.0,0.0,0.0,1.1,57.19,43.41,13.78,0.8721,1,0
REQ-000582,2,AIRPORT,DOWNTOWN,COMFORT,9.34,23.9,CLEAR,0.0,10.0,5.3,0.13,0,23,44,1.91,REGULAR,30.66,0.055,0.0,0.318,0.15,1.52,46.6,36.54,10.06,0.7134,1,0
REQ-000583,9,DOWNTOWN,TECH_CORRIDOR,STANDARD,3.25,6.3,CLEAR,0.0,10.0,14.6,0.58,0,54,55,1.02,PLATINUM,9.26,0.0,0.325,0.0,0.2,1.52,14.08,11.04,3.04,0.8522,1,0
REQ-000584,16,DOWNTOWN,SUBURB_NORTH,PREMIUM,25.31,63.4,RAIN,4.8,6.3,15.3,0.39,0,37,20,0.54,GOLD,132.76,0.304,0.053,0.0,0.0,1.36,180.55,140.19,40.36,0.8552,1,0
REQ-000585,16,FINANCIAL_DISTRICT,AIRPORT,COMFORT,21.99,44.5,CLEAR,0.0,10.0,24.7,0.42,0,29,47,1.62,REGULAR,60.81,0.0,0.069,0.217,0.0,1.29,78.44,60.59,17.85,0.8121,0,0
REQ-000586,19,SUBURB_NORTH,DOWNTOWN,PREMIUM,8.22,26.3,CLEAR,0.0,10.0,9.1,0.62,0,27,80,2.96,GOLD,53.38,0.0,0.372,0.686,0.25,2.31,123.31,99.48,23.83,0.3766,0,0
REQ-000587,9,DOWNTOWN,TECH_CORRIDOR,STANDARD,13.83,28.2,CLEAR,0.0,10.0,12.6,0.44,0,24,70,2.92,PLATINUM,30.16,0.0,0.08,0.672,0.2,1.95,58.81,46.97,11.84,0.6726,0,0
REQ-000588,11,SUBURB_NORTH,FINANCIAL_DISTRICT,STANDARD,27.26,67.7,HEAVY_RAIN,36.0,2.6,29.8,0.2,0,31,20,0.65,REGULAR,60.78,0.945,0.0,0.0,0.0,1.94,117.91,94.15,23.76,0.476,0,0
REQ-000589,17,AIRPORT,DOWNTOWN,STANDARD,21.27,45.6,CLEAR,0.0,10.0,28.0,0.47,0,32,69,2.16,REGULAR,45.55,0.0,0.099,0.406,0.25,1.75,79.71,63.2,16.51,0.589,1,0
REQ-000590,12,SUBURB_NORTH,TECH_CORRIDOR,STANDARD,4.23,11.9,RAIN,5.4,5.3,13.6,0.24,0,25,68,2.72,REGULAR,12.46,0.391,0.003,0.602,0.0,2.0,24.92,19.94,4.98,0.4403,1,0
REQ-000591,19,SUBURB_NORTH,FINANCIAL_DISTRICT,COMFORT,10.32,19.0,RAIN,3.7,7.2,26.3,0.5,2,56,64,1.14,REGULAR,30.08,0.367,0.36,0.0,0.25,1.98,59.56,47.62,11.94,0.4521,0,0
REQ-000592,22,DOWNTOWN,AIRPORT,STANDARD,9.12,17.5,CLEAR,0.0,10.0,16.3,0.41,0,35,53,1.51,PLATINUM,20.52,0.0,0.063,0.178,0.0,1.24,25.44,19.57,5.87,0.9186,1,0
REQ-000593,5,FINANCIAL_DISTRICT,SUBURB_NORTH,PREMIUM,14.52,37.0,SNOW,8.2,7.7,-2.7,0.41,0,45,28,0.62,REGULAR,80.11,0.546,0.063,0.0,0.0,1.61,128.98,101.62,27.36,0.6673,0,0
REQ-000594,15,AIRPORT,DOWNTOWN,COMFORT,25.31,78.6,HEAVY_RAIN,24.5,2.9,16.0,0.05,0,16,67,4.19,REGULAR,81.63,0.786,0.0,1.117,0.0,2.9,236.73,193.06,43.67,0.0832,0,0
REQ-000595,5,DOWNTOWN,AIRPORT,COMFORT,12.92,33.1,DRIZZLE,0.0,10.0,10.8,0.13,0,31,56,1.81,REGULAR,40.72,0.1,0.0,0.283,0.0,1.38,56.19,43.69,12.5,0.777,0,0
REQ-000596,13,TECH_CORRIDOR,DOWNTOWN,PREMIUM,18.87,46.0,CLEAR,0.0,10.0,27.4,0.44,0,37,64,1.73,REGULAR,99.94,0.0,0.08,0.256,0.0,1.34,133.92,103.84,30.08,0.7931,1,0
REQ-000597,21,FINANCIAL_DISTRICT,TECH_CORRIDOR,PREMIUM,9.41,25.6,CLEAR,0.0,10.0,12.6,0.42,0,59,23,0.39,REGULAR,56.11,0.0,0.069,0.0,0.0,1.07,60.04,45.42,14.62,0.88,1,0
REQ-000598,17,SUBURB_NORTH,DOWNTOWN,PREMIUM,21.5,57.5,CLEAR,0.0,10.0,17.0,0.41,0,22,68,3.09,REGULAR,117.08,0.0,0.063,0.731,0.25,2.04,238.84,191.31,47.53,0.4168,1,0
REQ-000599,13,SUBURB_NORTH,DOWNTOWN,XL,27.16,83.6,THUNDERSTORM,45.8,2.5,15.7,0.36,0,50,43,0.86,REGULAR,113.2,1.2,0.039,0.0,0.0,2.24,253.57,204.21,49.36,0.3066,0,0
REQ-000600,0,SUBURB_NORTH,FINANCIAL_DISTRICT,STANDARD,25.4,60.5,CLEAR,0.0,10.0,26.3,0.26,0,18,65,3.61,REGULAR,55.92,0.034,0.007,0.913,0.15,2.1,117.43,94.22,23.21,0.3823,0,0
REQ-000601,4,FINANCIAL_DISTRICT,TECH_CORRIDOR,STANDARD,22.83,59.6,THUNDERSTORM,35.6,2.3,15.9,0.11,0,16,74,4.62,REGULAR,52.4,1.2,0.0,1.2,0.0,3.4,178.16,146.2,31.96,0.0266,0,0
REQ-000602,2,SUBURB_NORTH,AIRPORT,COMFORT,26.67,55.6,CLEAR,0.0,10.0,5.3,0.11,0,13,58,4.46,REGULAR,73.53,0.013,0.0,1.2,0.15,2.36,173.53,140.15,33.38,0.249,0,0
REQ-000603,9,SUBURB_NORTH,AIRPORT,COMFORT,8.23,25.2,CLEAR,0.0,10.0,27.7,0.76,0,11,45,4.09,REGULAR,29.42,0.0,0.555,1.081,0.2,2.84,83.55,68.08,15.47,0.0948,0,0
REQ-000604,3,DOWNTOWN,FINANCIAL_DISTRICT,STANDARD,13.94,36.7,CLEAR,0.0,10.0,12.1,0.08,0,21,60,2.86,REGULAR,33.28,0.0,0.0,0.651,0.15,1.8,59.9,47.59,12.31,0.5597,0,0
REQ-000605,21,SUBURB_NORTH,DOWNTOWN,PREMIUM,26.94,51.4,CLEAR,0.0,10.0,29.0,0.23,0,19,14,0.74,REGULAR,127.12,0.0,0.002,0.0,0.0,1.0,127.12,95.34,31.78,0.8966,1,0
REQ-000606,3,AIRPORT,TECH_CORRIDOR,STANDARD,6.12,17.4,CLEAR,0.0,10.0,5.8,0.25,0,15,37,2.47,REGULAR,16.74,0.0,0.005,0.515,0.15,1.67,27.96,22.09,5.87,0.6346,1,0
REQ-000607,2,DOWNTOWN,AIRPORT,XL,9.12,19.0,CLEAR,0.0,10.0,19.9,0.35,0,33,34,1.03,REGULAR,36.55,0.0,0.034,0.0,0.15,1.18,43.13,33.01,10.12,0.8492,1,0
REQ-000608,9,AIRPORT,TECH_CORRIDOR,STANDARD,17.17,49.3,CLEAR,0.0,10.0,10.6,0.6,0,25,50,2.0,REGULAR,41.71,0.0,0.347,0.35,0.2,1.9,79.25,63.19,16.06,0.5,0,0
REQ-000609,2,SUBURB_NORTH,FINANCIAL_DISTRICT,XL,11.72,31.5,CLEAR,0.0,10.0,29.0,0.15,0,49,77,1.57,REGULAR,49.51,0.069,0.0,0.2,0.15,1.42,70.3,54.8,15.5,0.7599,1,0
REQ-000610,2,FINANCIAL_DISTRICT,SUBURB_NORTH,PREMIUM,22.56,51.9,CLEAR,0.0,10.0,15.0,0.18,1,52,11,0.21,GOLD,115.28,0.0,0.12,0.0,0.15,1.27,146.41,112.92,33.49,0.88,1,0
REQ-000611,19,TECH_CORRIDOR,AIRPORT,COMFORT,16.6,38.8,CLEAR,0.0,10.0,10.9,0.72,0,50,19,0.38,REGULAR,49.35,0.0,0.499,0.0,0.25,1.75,86.36,68.47,17.89,0.589,0,0
REQ-000612,15,SUBURB_NORTH,AIRPORT,XL,7.15,13.4,CLEAR,0.0,10.0,31.7,0.1,0,32,40,1.25,REGULAR,29.06,0.0,0.0,0.087,0.0,1.09,31.68,24.02,7.66,0.8748,1,0
REQ-000613,12,TECH_CORRIDOR,DOWNTOWN,PREMIUM,9.39,28.0,CLEAR,0.0,10.0,19.4,0.18,1,38,22,0.58,GOLD,58.09,0.0,0.12,0.0,0.0,1.12,65.06,49.49,15.57,0.9131,1,0
REQ-000614,17,AIRPORT,SUBURB_NORTH,XL,21.6,51.0,RAIN,8.9,4.2,13.1,0.62,0,31,23,0.74,REGULAR,81.96,0.427,0.372,0.0,0.25,2.05,168.02,134.62,33.4,0.411,1,0
REQ-000615,23,DOWNTOWN,AIRPORT,STANDARD,27.83,83.7,CLEAR,0.0,10.0,9.6,0.41,0,8,16,2.0,REGULAR,67.08,0.0,0.063,0.35,0.15,1.56,104.64,82.24,22.4,0.6934,0,0
REQ-000616,19,DOWNTOWN,FINANCIAL_DISTRICT,XL,3.95,8.9,RAIN,7.6,6.8,30.0,0.45,0,45,62,1.38,REGULAR,19.63,0.336,0.086,0.133,0.25,1.81,35.53,28.24,7.29,0.5538,0,0
REQ-000617,10,TECH_CORRIDOR,FINANCIAL_DISTRICT,PREMIUM,19.19,60.8,RAIN,8.8,4.4,25.7,0.19,0,49,36,0.73,REGULAR,113.41,0.349,0.0,0.0,0.0,1.35,153.1,118.79,34.31,0.7892,1,0
REQ-000618,12,SUBURB_NORTH,DOWNTOWN,COMFORT,2.34,4.9,CLEAR,0.0,10.0,7.8,0.29,0,56,49,0.88,GOLD,10.57,0.0,0.014,0.0,0.0,1.01,10.68,8.02,2.66,0.9319,1,0
REQ-000619,14,TECH_CORRIDOR,DOWNTOWN,COMFORT,7.69,17.8,HEAVY_RAIN,40.5,2.5,10.1,0.12,0,49,23,0.47,REGULAR,25.2,1.006,0.0,0.0,0.0,2.01,50.65,40.53,10.12,0.4344,0,0
REQ-000620,0,DOWNTOWN,AIRPORT,STANDARD,25.25,52.1,CLEAR,0.0,10.0,19.3,0.1,0,21,29,1.38,REGULAR,52.79,0.0,0.0,0.133,0.15,1.28,67.57,52.16,15.41,0.8158,1,0
REQ-000621,20,AIRPORT,DOWNTOWN,PREMIUM,9.09,17.6,CLEAR,0.0,10.0,30.1,0.13,0,46,73,1.59,REGULAR,48.41,0.0,0.0,0.207,0.0,1.21,58.58,44.95,13.63,0.8397,1,0
REQ-000622,1,DOWNTOWN,AIRPORT,STANDARD,7.71,14.5,DRIZZLE,0.0,10.0,11.4,0.16,0,33,60,1.82,REGULAR,17.71,0.1,0.0,0.287,0.15,1.54,27.27,21.41,5.86,0.7035,1,0
REQ-000623,20,AIRPORT,TECH_CORRIDOR,COMFORT,6.45,13.4,CLEAR,0.0,10.0,21.1,0.09,0,38,49,1.29,GOLD,21.17,0.002,0.0,0.102,0.0,1.1,23.29,17.68,5.61,0.9168,1,0
REQ-000624,14,FINANCIAL_DISTRICT,SUBURB_NORTH,STANDARD,6.33,14.3,CLEAR,0.0,10.0,5.3,0.18,0,12,31,2.58,REGULAR,15.91,0.0,0.0,0.553,0.0,1.55,24.66,19.37,5.29,0.6985,0,0
REQ-000625,7,TECH_CORRIDOR,AIRPORT,PREMIUM,17.16,42.6,CLEAR,0.0,10.0,6.2,0.71,0,40,31,0.78,GOLD,92.26,0.0,0.484,0.0,0.2,1.68,155.0,122.52,32.48,0.7326,0,0
REQ-000626,17,DOWNTOWN,SUBURB_NORTH,XL,13.77,39.0,CLEAR,0.0,10.0,18.1,0.41,0,41,71,1.73,REGULAR,58.32,0.0,0.063,0.256,0.25,1.57,91.56,71.99,19.57,0.6883,1,0
REQ-000627,4,DOWNTOWN,AIRPORT,PREMIUM,24.26,66.1,CLEAR,0.0,10.0,5.8,0.33,0,13,34,2.62,PLATINUM,132.11,0.0,0.027,0.567,0.0,1.59,210.05,165.33,44.72,0.8298,1,0
REQ-000628,5,DOWNTOWN,SUBURB_NORTH,PREMIUM,27.67,83.7,CLEAR,0.0,10.0,23.3,0.21,0,27,34,1.26,REGULAR,156.62,0.048,0.0,0.091,0.0,1.14,178.55,136.11,42.44,0.861,1,0
REQ-000629,11,AIRPORT,DOWNTOWN,PREMIUM,22.68,58.8,CLEAR,0.0,10.0,31.2,0.32,0,26,30,1.15,REGULAR,121.48,0.0,0.023,0.0,0.0,1.02,123.91,93.18,30.73,0.8921,1,0
REQ-000630,18,AIRPORT,DOWNTOWN,PREMIUM,3.06,6.7,CLEAR,0.0,10.0,18.2,0.56,0,16,54,3.38,GOLD,22.27,0.0,0.303,0.833,0.25,2.39,53.23,43.02,10.21,0.3327,0,0
REQ-000631,23,TECH_CORRIDOR,FINANCIAL_DISTRICT,STANDARD,20.54,41.1,CLEAR,0.0,10.0,20.8,0.14,0,59,59,1.0,REGULAR,43.05,0.0,0.0,0.0,0.15,1.15,49.51,37.78,11.73,0.8581,0,0
REQ-000632,13,DOWNTOWN,SUBURB_NORTH,XL,17.52,35.8,DRIZZLE,0.0,10.0,13.7,0.32,0,43,35,0.81,REGULAR,64.27,0.1,0.023,0.0,0.0,1.12,71.98,54.76,17.22,0.8667,1,0
REQ-000633,13,TECH_CORRIDOR,SUBURB_NORTH,COMFORT,11.78,35.6,CLEAR,0.0,10.0,19.2,0.25,0,30,64,2.13,REGULAR,39.96,0.0,0.005,0.395,0.0,1.4,55.94,43.55,12.39,0.7685,0,0
REQ-000634,4,SUBURB_NORTH,DOWNTOWN,STANDARD,26.89,64.2,DRIZZLE,0.0,10.0,13.2,0.25,1,42,47,1.12,REGULAR,59.08,0.1,0.125,0.0,0.0,1.23,72.67,55.86,16.81,0.8331,0,0
REQ-000635,16,FINANCIAL_DISTRICT,TECH_CORRIDOR,STANDARD,14.03,40.2,CLEAR,0.0,10.0,6.5,0.38,0,14,47,3.36,REGULAR,34.61,0.0,0.048,0.826,0.0,1.87,64.72,51.55,13.17,0.518,0,0
REQ-000636,17,DOWNTOWN,FINANCIAL_DISTRICT,STANDARD,20.24,51.1,RAIN,8.9,4.9,23.2,0.54,0,8,72,9.0,REGULAR,46.18,0.388,0.281,1.2,0.25,3.12,144.08,117.85,26.23,0.0508,0,0
REQ-000637,3,DOWNTOWN,FINANCIAL_DISTRICT,COMFORT,17.7,34.9,CLEAR,0.0,10.0,7.8,0.25,0,27,61,2.26,REGULAR,49.41,0.0,0.005,0.441,0.15,1.6,79.06,62.26,16.8,0.6726,1,0
REQ-000638,13,FINANCIAL_DISTRICT,SUBURB_NORTH,PREMIUM,24.34,64.8,CLEAR,0.0,10.0,5.6,0.35,0,52,79,1.52,REGULAR,131.23,0.0,0.034,0.182,0.0,1.22,160.1,122.96,37.14,0.8364,1,0
REQ-000639,12,AIRPORT,DOWNTOWN,PREMIUM,11.55,25.2,DRIZZLE,0.0,10.0,7.9,0.22,1,37,25,0.68,REGULAR,61.76,0.1,0.121,0.0,0.0,1.22,75.35,57.87,17.48,0.8364,1,0
REQ-000640,4,AIRPORT,DOWNTOWN,PREMIUM,3.11,9.5,CLEAR,0.0,10.0,24.5,0.44,0,40,36,0.9,REGULAR,24.78,0.0,0.08,0.0,0.0,1.08,26.76,20.27,6.49,0.8774,1,0
REQ-000641,23,SUBURB_NORTH,DOWNTOWN,COMFORT,19.05,43.7,DRIZZLE,0.0,10.0,17.4,0.11,0,33,18,0.55,PLATINUM,55.6,0.139,0.0,0.0,0.15,1.29,71.72,55.4,16.32,0.9092,1,0
REQ-000642,21,SUBURB_NORTH,TECH_CORRIDOR,COMFORT,16.98,52.6,CLEAR,0.0,10.0,8.5,0.43,0,33,18,0.55,REGULAR,56.19,0.0,0.074,0.0,0.0,1.07,60.12,45.48,14.64,0.88,1,0
REQ-000643,21,FINANCIAL_DISTRICT,AIRPORT,STANDARD,19.3,48.2,CLEAR,0.0,10.0,25.5,0.37,0,19,59,3.11,GOLD,43.99,0.076,0.043,0.738,0.0,1.86,81.82,65.15,16.67,0.6401,1,0
REQ-000644,2,DOWNTOWN,FINANCIAL_DISTRICT,XL,4.98,14.9,CLEAR,0.0,10.0,15.1,0.06,0,36,58,1.61,REGULAR,25.4,0.0,0.0,0.214,0.15,1.36,34.54,26.82,7.72,0.7852,1,0
REQ-000645,9,TECH_CORRIDOR,FINANCIAL_DISTRICT,COMFORT,8.56,20.7,CLEAR,0.0,10.0,25.0,0.64,0,9,22,2.44,REGULAR,27.93,0.0,0.395,0.504,0.2,2.1,58.65,47.06,11.59,0.3823,0,0
REQ-000646,10,DOWNTOWN,SUBURB_NORTH,PREMIUM,16.78,50.5,CLEAR,0.0,10.0,24.7,0.31,0,44,70,1.59,REGULAR,97.9,0.055,0.02,0.207,0.0,1.28,125.31,96.72,28.59,0.8158,1,0
REQ-000647,2,TECH_CORRIDOR,FINANCIAL_DISTRICT,STANDARD,13.41,35.9,DRIZZLE,0.0,10.0,8.4,0.09,0,42,52,1.24,REGULAR,32.32,0.1,0.0,0.084,0.15,1.33,42.99,33.31,9.68,0.7971,0,0
REQ-000648,5,AIRPORT,SUBURB_NORTH,PREMIUM,20.29,38.5,SNOW,3.9,6.3,-1.0,0.21,1,52,24,0.46,REGULAR,97.54,0.464,0.12,0.0,0.0,1.58,154.11,121.24,32.87,0.6831,0,0
REQ-000649,10,AIRPORT,DOWNTOWN,STANDARD,10.79,23.4,HEAVY_RAIN,22.4,1.0,27.1,0.35,0,39,19,0.49,GOLD,24.68,0.952,0.034,0.0,0.0,1.99,49.11,39.28,9.83,0.5656,1,0
REQ-000650,19,TECH_CORRIDOR,DOWNTOWN,XL,27.51,86.1,RAIN,14.2,7.6,17.9,0.73,1,39,74,1.9,REGULAR,115.43,0.41,0.631,0.315,0.25,2.61,301.27,244.54,56.73,0.1539,0,0
REQ-000651,6,SUBURB_NORTH,AIRPORT,COMFORT,2.56,4.8,CLEAR,0.0,10.0,28.2,0.35,0,57,58,1.02,REGULAR,10.88,0.0,0.034,0.0,0.0,1.03,11.21,8.44,2.77,0.8897,1,0
REQ-000652,11,SUBURB_NORTH,FINANCIAL_DISTRICT,STANDARD,13.39,40.9,CLEAR,0.0,10.0,14.3,0.15,1,8,39,4.88,REGULAR,34.05,0.057,0.12,1.2,0.0,2.38,81.04,65.48,15.56,0.2401,0,0
REQ-000653,1,TECH_CORRIDOR,DOWNTOWN,STANDARD,24.7,53.1,CLEAR,0.0,10.0,8.4,0.07,0,23,47,2.04,REGULAR,52.47,0.0,0.0,0.364,0.15,1.51,79.23,62.1,17.13,0.7183,1,0
REQ-000654,15,DOWNTOWN,FINANCIAL_DISTRICT,STANDARD,8.51,21.8,RAIN,12.8,7.6,28.2,0.17,0,49,41,0.84,REGULAR,21.27,0.394,0.0,0.0,0.0,1.39,29.57,23.01,6.56,0.7728,1,0
REQ-000655,19,TECH_CORRIDOR,DOWNTOWN,STANDARD,11.01,26.2,CLEAR,0.0,10.0,7.1,0.78,0,43,36,0.84,REGULAR,25.93,0.056,0.583,0.0,0.25,1.89,49.01,39.07,9.94,0.506,0,0
REQ-000656,14,FINANCIAL_DISTRICT,DOWNTOWN,COMFORT,20.16,54.6,SNOW,3.3,7.3,-6.2,0.44,1,47,59,1.26,REGULAR,62.33,0.561,0.2,0.091,0.0,1.85,115.31,91.78,23.53,0.53,0,0
REQ-000657,21,SUBURB_NORTH,TECH_CORRIDOR,STANDARD,7.84,18.3,CLEAR,0.0,10.0,6.4,0.27,2,46,53,1.15,PLATINUM,19.21,0.0,0.249,0.0,0.0,1.25,24.01,18.49,5.52,0.9168,1,0
REQ-000658,13,TECH_CORRIDOR,FINANCIAL_DISTRICT,STANDARD,10.86,32.2,HEAVY_RAIN,51.3,2.8,25.3,0.27,0,26,78,3.0,REGULAR,27.84,1.121,0.009,0.7,0.0,2.83,78.79,64.19,14.6,0.0969,0,0
REQ-000659,7,TECH_CORRIDOR,AIRPORT,COMFORT,26.97,66.2,CLEAR,0.0,10.0,5.4,0.83,1,23,79,3.43,REGULAR,78.79,0.022,0.778,0.851,0.2,2.85,224.55,182.99,41.56,0.0928,0,0
REQ-000660,20,DOWNTOWN,SUBURB_NORTH,XL,8.99,19.3,RAIN,10.3,4.5,20.3,0.16,0,36,11,0.31,REGULAR,36.46,0.366,0.0,0.0,0.0,1.37,49.95,38.81,11.14,0.7811,0,0
REQ-000661,8,SUBURB_NORTH,FINANCIAL_DISTRICT,PREMIUM,3.52,11.0,HEAVY_RAIN,42.1,2.9,16.9,0.75,0,22,32,1.45,REGULAR,27.21,0.984,0.541,0.157,0.2,2.88,78.36,63.88,14.48,0.0869,0,0
REQ-000662,16,DOWNTOWN,AIRPORT,STANDARD,19.02,39.1,HEAVY_RAIN,43.2,0.6,24.4,0.34,0,51,55,1.08,REGULAR,40.46,1.2,0.03,0.0,0.0,2.23,90.23,72.65,17.58,0.3117,1,0
REQ-000663,16,FINANCIAL_DISTRICT,SUBURB_NORTH,STANDARD,4.01,9.7,CLEAR,0.0,10.0,10.5,0.38,0,35,46,1.31,REGULAR,11.4,0.0,0.048,0.109,0.0,1.16,13.22,10.1,3.12,0.8552,1,0
REQ-000664,9,AIRPORT,SUBURB_NORTH,PREMIUM,25.33,58.9,DRIZZLE,0.0,10.0,9.3,0.82,2,46,37,0.8,GOLD,128.98,0.1,0.883,0.0,0.2,2.18,281.18,226.1,55.08,0.4521,0,0
REQ-000665,21,TECH_CORRIDOR,AIRPORT,COMFORT,11.85,31.0,RAIN,7.6,8.0,7.1,0.42,0,44,80,1.82,GOLD,38.0,0.336,0.069,0.287,0.0,1.69,64.22,50.79,13.43,0.7279,1,0
REQ-000666,10,DOWNTOWN,FINANCIAL_DISTRICT,PREMIUM,19.14,48.4,CLEAR,0.0,10.0,27.6,0.15,0,31,39,1.26,REGULAR,102.73,0.0,0.0,0.091,0.0,1.09,111.98,84.91,27.07,0.8748,1,0
REQ-000667,11,DOWNTOWN,AIRPORT,PREMIUM,21.05,63.8,CLEAR,0.0,10.0,20.1,0.19,0,58,63,1.09,REGULAR,121.17,0.0,0.0,0.0,0.0,1.0,121.17,90.88,30.29,0.8966,1,0
REQ-000668,19,FINANCIAL_DISTRICT,AIRPORT,PREMIUM,19.53,53.4,CLEAR,0.0,10.0,12.7,0.44,0,44,73,1.66,REGULAR,108.07,0.0,0.08,0.231,0.25,1.56,168.59,132.49,36.1,0.6934,0,0
REQ-000669,17,FINANCIAL_DISTRICT,TECH_CORRIDOR,STANDARD,6.34,15.1,RAIN,8.6,4.4,28.5,0.41,0,40,77,1.93,PLATINUM,16.2,0.379,0.063,0.325,0.25,2.02,32.72,26.19,6.53,0.6346,0,0
REQ-000670,9,AIRPORT,FINANCIAL_DISTRICT,PREMIUM,20.12,43.0,CLEAR,0.0,10.0,29.2,0.67,0,10,19,1.9,GOLD,100.89,0.051,0.432,0.315,0.2,2.0,201.78,161.42,40.36,0.5597,1,0
REQ-000671,15,SUBURB_NORTH,TECH_CORRIDOR,PREMIUM,21.26,51.2,RAIN,11.8,6.9,20.9,0.25,2,45,57,1.27,REGULAR,111.05,0.411,0.245,0.095,0.0,1.75,194.34,154.08,40.26,0.589,1,0
REQ-000672,3,AIRPORT,TECH_CORRIDOR,COMFORT,15.23,40.0,CLEAR,0.0,10.0,18.3,0.26,0,35,46,1.31,REGULAR,47.63,0.0,0.007,0.109,0.15,1.27,60.49,46.65,13.84,0.8194,1,0
REQ-000673,23,FINANCIAL_DISTRICT,AIRPORT,STANDARD,23.16,65.5,CLEAR,0.0,10.0,19.0,0.3,1,26,31,1.19,REGULAR,54.87,0.0,0.137,0.0,0.15,1.29,70.78,54.68,16.1,0.8121,1,0
REQ-000674,19,SUBURB_NORTH,FINANCIAL_DISTRICT,COMFORT,9.5,29.3,RAIN,14.1,6.7,8.8,0.78,2,10,79,7.9,REGULAR,33.36,0.409,0.823,1.2,0.25,3.5,116.76,95.91,20.85,0.021,0,1
REQ-000675,18,SUBURB_NORTH,DOWNTOWN,XL,7.28,22.7,CLEAR,0.0,10.0,17.0,0.6,0,15,66,4.4,GOLD,34.91,0.0,0.349,1.19,0.25,2.79,97.4,79.3,18.1,0.1603,0,0
REQ-000676,11,DOWNTOWN,AIRPORT,XL,21.02,41.3,RAIN,11.9,4.9,7.0,0.18,0,51,19,0.37,GOLD,74.92,0.384,0.0,0.0,0.0,1.38,103.39,80.39,23.0,0.8492,1,0
REQ-000677,10,DOWNTOWN,TECH_CORRIDOR,STANDARD,26.24,76.4,CLEAR,0.0,10.0,20.1,0.3,0,23,27,1.17,REGULAR,62.54,0.033,0.017,0.0,0.0,1.05,65.67,49.57,16.1,0.8849,1,0
REQ-000678,5,FINANCIAL_DISTRICT,AIRPORT,XL,14.22,35.2,RAIN,6.4,4.8,28.6,0.39,2,12,72,6.0,REGULAR,56.98,0.389,0.293,1.2,0.0,2.88,164.1,133.79,30.31,0.0869,0,0
REQ-000679,20,FINANCIAL_DISTRICT,DOWNTOWN,PREMIUM,19.89,52.9,DRIZZLE,0.0,10.0,22.2,0.31,0,22,47,2.14,REGULAR,108.65,0.1,0.02,0.399,0.0,1.52,165.15,129.51,35.64,0.7134,1,0
REQ-000680,9,SUBURB_NORTH,AIRPORT,PREMIUM,9.68,20.4,CLEAR,0.0,10.0,17.1,0.59,0,50,24,0.48,REGULAR,52.44,0.0,0.337,0.0,0.2,1.54,80.76,63.4,17.36,0.7035,1,0
REQ-000681,0,FINANCIAL_DISTRICT,TECH_CORRIDOR,PREMIUM,17.63,48.7,CLEAR,0.0,10.0,18.7,0.36,1,57,51,0.89,REGULAR,98.76,0.049,0.159,0.0,0.15,1.36,134.31,104.29,30.02,0.7852,1,0
REQ-000682,8,SUBURB_NORTH,TECH_CORRIDOR,PREMIUM,12.37,38.1,CLEAR,0.0,10.0,10.9,0.42,0,18,78,4.33,REGULAR,75.02,0.0,0.069,1.165,0.2,2.43,182.3,147.45,34.85,0.2189,0,0
REQ-000683,23,TECH_CORRIDOR,AIRPORT,COMFORT,17.73,32.4,CLEAR,0.0,10.0,15.2,0.18,0,12,16,1.33,REGULAR,48.33,0.016,0.0,0.116,0.15,1.28,61.86,47.75,14.11,0.8158,1,0
REQ-000684,5,FINANCIAL_DISTRICT,AIRPORT,PREMIUM,24.35,51.6,THUNDERSTORM,33.3,1.0,24.8,0.06,1,41,23,0.56,REGULAR,120.04,1.2,0.12,0.0,0.0,2.32,278.49,224.71,53.78,0.2674,0,0
REQ-000685,22,DOWNTOWN,AIRPORT,XL,9.84,20.9,CLEAR,0.0,10.0,12.4,0.36,0,55,44,0.8,GOLD,39.2,0.0,0.039,0.0,0.0,1.04,40.77,30.73,10.04,0.9272,1,0
REQ-000686,19,TECH_CORRIDOR,SUBURB_NORTH,STANDARD,2.38,7.1,THUNDERSTORM,23.8,2.0,15.6,0.79,0,55,12,0.22,REGULAR,8.45,1.149,0.597,0.0,0.25,3.0,25.35,20.7,4.65,0.0666,0,0
REQ-000687,7,DOWNTOWN,SUBURB_NORTH,PREMIUM,11.79,28.3,SNOW,9.7,5.9,-7.0,0.41,0,31,79,2.55,GOLD,65.06,0.649,0.063,0.542,0.2,2.45,159.4,128.98,30.42,0.3015,0,0
REQ-000688,15,TECH_CORRIDOR,DOWNTOWN,PREMIUM,22.05,53.5,DRIZZLE,0.0,10.0,22.4,0.37,0,18,36,2.0,GOLD,115.22,0.1,0.043,0.35,0.0,1.49,171.68,134.41,37.27,0.8121,1,0
REQ-000689,16,FINANCIAL_DISTRICT,DOWNTOWN,COMFORT,12.48,37.1,RAIN,9.8,4.9,25.7,0.17,0,28,62,2.21,GOLD,41.79,0.36,0.0,0.423,0.0,1.78,74.39,59.05,15.34,0.6831,1,0
REQ-000690,10,FINANCIAL_DISTRICT,TECH_CORRIDOR,PREMIUM,10.14,27.5,CLEAR,0.0,10.0,18.0,0.35,0,35,19,0.54,REGULAR,59.77,0.0,0.034,0.0,0.0,1.03,61.56,46.35,15.21,0.8897,1,0
REQ-000691,3,FINANCIAL_DISTRICT,DOWNTOWN,COMFORT,7.13,21.5,CLEAR,0.0,10.0,16.5,0.37,0,43,63,1.47,REGULAR,25.94,0.0,0.043,0.164,0.15,1.36,35.28,27.39,7.89,0.7852,1,0
REQ-000692,11,SUBURB_NORTH,AIRPORT,XL,15.58,41.5,DRIZZLE,0.0,10.0,9.5,0.32,0,31,76,2.45,REGULAR,63.62,0.1,0.023,0.508,0.0,1.63,103.7,81.78,21.92,0.6566,1,0
REQ-000693,15,FINANCIAL_DISTRICT,SUBURB_NORTH,COMFORT,6.27,17.6,CLEAR,0.0,10.0,16.2,0.08,0,20,35,1.75,REGULAR,22.77,0.0,0.0,0.262,0.0,1.26,28.69,22.11,6.58,0.8229,1,0
REQ-000694,2,AIRPORT,DOWNTOWN,STANDARD,18.25,48.0,CLEAR,0.0,10.0,20.1,0.3,0,60,64,1.07,REGULAR,42.61,0.0,0.017,0.0,0.15,1.17,49.85,38.11,11.74,0.8522,1,0
REQ-000695,6,TECH_CORRIDOR,SUBURB_NORTH,XL,16.59,44.8,CLEAR,0.0,10.0,9.1,0.16,0,59,76,1.29,REGULAR,67.72,0.001,0.0,0.102,0.0,1.1,74.49,56.54,17.95,0.8721,1,0
REQ-000696,7,AIRPORT,SUBURB_NORTH,PREMIUM,7.44,13.4,FOG,0.0,10.0,7.5,0.47,0,28,19,0.68,GOLD,40.22,0.223,0.099,0.0,0.2,1.52,61.13,47.94,13.19,0.8009,1,0
REQ-000697,16,TECH_CORRIDOR,SUBURB_NORTH,PREMIUM,19.29,43.6,RAIN,5.9,5.6,25.9,0.19,0,13,37,2.85,PLATINUM,99.07,0.316,0.0,0.647,0.0,1.96,194.18,155.15,39.03,0.6673,0,0
REQ-000698,8,AIRPORT,FINANCIAL_DISTRICT,PREMIUM,16.57,41.2,DRIZZLE,0.0,10.0,20.1,0.56,1,31,69,2.23,GOLD,89.42,0.1,0.423,0.43,0.2,2.15,192.25,154.47,37.78,0.47,1,0
REQ-000699,23,SUBURB_NORTH,FINANCIAL_DISTRICT,COMFORT,11.94,24.5,FOG,0.0,10.0,10.3,0.13,0,31,42,1.35,REGULAR,35.23,0.2,0.0,0.123,0.15,1.47,51.79,40.5,11.29,0.7373,1,0
REQ-000700,22,AIRPORT,DOWNTOWN,XL,18.68,44.0,RAIN,6.3,4.2,20.4,0.34,0,37,72,1.95,REGULAR,71.63,0.321,0.03,0.332,0.0,1.68,120.34,95.13,25.21,0.629,0,0
REQ-000701,22,TECH_CORRIDOR,DOWNTOWN,STANDARD,11.61,30.9,CLEAR,0.0,10.0,24.9,0.1,0,11,66,6.0,REGULAR,28.32,0.043,0.0,1.2,0.0,2.24,63.44,51.09,12.35,0.3066,1,0
REQ-000702,10,DOWNTOWN,SUBURB_NORTH,COMFORT,19.03,53.9,HEAVY_RAIN,53.9,1.3,24.2,0.28,0,50,61,1.22,REGULAR,60.15,1.2,0.011,0.077,0.0,2.29,137.74,111.06,26.68,0.2817,0,0
REQ-000703,23,DOWNTOWN,FINANCIAL_DISTRICT,COMFORT,23.45,58.7,CLEAR,0.0,10.0,9.7,0.29,0,48,10,0.21,REGULAR,69.61,0.0,0.014,0.0,0.15,1.16,80.75,61.68,19.07,0.8552,1,0
REQ-000704,18,DOWNTOWN,SUBURB_NORTH,PREMIUM,16.77,46.5,THUNDERSTORM,23.5,2.8,9.9,0.54,2,18,11,0.61,REGULAR,94.48,1.034,0.523,0.0,0.25,2.81,265.49,216.22,49.27,0.1012,0,0
REQ-000705,6,DOWNTOWN,AIRPORT,XL,23.77,64.2,RAIN,11.9,5.2,15.2,0.16,0,20,44,2.2,GOLD,94.44,0.384,0.0,0.42,0.0,1.8,169.99,135.05,34.94,0.6726,1,0
REQ-000706,18,AIRPORT,SUBURB_NORTH,PREMIUM,8.88,22.1,CLEAR,0.0,10.0,25.9,0.77,0,45,59,1.31,REGULAR,51.65,0.0,0.57,0.109,0.25,1.93,99.68,79.56,20.12,0.482,0,0
REQ-000707,16,SUBURB_NORTH,AIRPORT,XL,7.39,20.5,DRIZZLE,0.0,10.0,25.1,0.26,0,24,14,0.58,PLATINUM,33.82,0.1,0.007,0.0,0.0,1.11,37.54,28.53,9.01,0.9391,1,0
REQ-000708,18,FINANCIAL_DISTRICT,TECH_CORRIDOR,COMFORT,14.15,31.9,CLEAR,0.0,10.0,20.9,0.72,0,8,30,3.75,REGULAR,42.21,0.0,0.497,0.962,0.25,2.71,114.39,93.01,21.38,0.1252,0,0
REQ-000709,5,DOWNTOWN,AIRPORT,XL,9.96,24.4,RAIN,8.3,6.5,21.0,0.34,0,54,57,1.06,REGULAR,41.56,0.343,0.03,0.0,0.0,1.37,56.94,44.24,12.7,0.7811,1,0
REQ-000710,16,SUBURB_NORTH,AIRPORT,STANDARD,27.24,82.5,CLEAR,0.0,10.0,16.5,0.28,0,18,48,2.67,GOLD,65.92,0.0,0.011,0.584,0.0,1.59,104.81,82.5,22.31,0.7728,0,0
REQ-000711,1,TECH_CORRIDOR,FINANCIAL_DISTRICT,COMFORT,5.38,12.2,BLIZZARD,32.4,2.4,-8.1,0.05,1,19,48,2.53,REGULAR,18.87,1.2,0.12,0.535,0.15,3.01,56.8,46.39,10.41,0.0651,0,0
REQ-000712,17,FINANCIAL_DISTRICT,TECH_CORRIDOR,STANDARD,20.83,42.0,HEAVY_RAIN,35.0,1.7,14.3,0.71,0,50,58,1.16,GOLD,43.74,1.024,0.485,0.0,0.25,2.76,120.72,98.24,22.48,0.1702,0,0
REQ-000713,12,DOWNTOWN,TECH_CORRIDOR,COMFORT,10.28,32.0,RAIN,13.8,7.3,24.7,0.21,1,39,13,0.33,REGULAR,35.86,0.405,0.12,0.0,0.0,1.52,54.51,42.75,11.76,0.7134,1,0
REQ-000714,19,FINANCIAL_DISTRICT,SUBURB_NORTH,XL,10.84,32.0,DRIZZLE,0.0,10.0,15.8,0.5,0,27,65,2.41,REGULAR,47.96,0.1,0.243,0.493,0.25,2.09,100.24,80.41,19.83,0.3879,1,0
REQ-000715,15,FINANCIAL_DISTRICT,TECH_CORRIDOR,COMFORT,9.41,22.0,CLEAR,0.0,10.0,30.9,0.12,0,37,20,0.54,REGULAR,29.93,0.0,0.0,0.0,0.0,1.0,29.93,22.45,7.48,0.8966,1,0
REQ-000716,12,SUBURB_NORTH,DOWNTOWN,COMFORT,10.29,26.8,DRIZZLE,0.0,10.0,5.3,0.32,0,35,43,1.23,GOLD,33.54,0.1,0.023,0.08,0.0,1.2,40.25,30.86,9.39,0.8966,1,0
REQ-000717,11,SUBURB_NORTH,AIRPORT,PREMIUM,20.51,61.2,CLEAR,0.0,10.0,9.8,0.35,0,8,53,6.62,PLATINUM,117.45,0.0,0.034,1.2,0.0,2.23,261.91,210.88,51.03,0.512,0,0
REQ-000718,1,AIRPORT,FINANCIAL_DISTRICT,PREMIUM,13.31,32.6,CLEAR,0.0,10.0,18.2,0.41,0,29,47,1.62,GOLD,72.98,0.0,0.063,0.217,0.15,1.43,104.36,81.41,22.95,0.8331,1,0
REQ-000719,10,AIRPORT,FINANCIAL_DISTRICT,XL,11.28,20.6,CLEAR,0.0,10.0,6.0,0.34,0,19,20,1.05,REGULAR,42.05,0.0,0.03,0.0,0.0,1.03,43.31,32.61,10.7,0.8897,1,0
REQ-000720,14,FINANCIAL_DISTRICT,TECH_CORRIDOR,PREMIUM,25.21,57.6,DRIZZLE,0.0,10.0,11.6,0.38,0,37,15,0.41,REGULAR,127.55,0.129,0.048,0.0,0.0,1.18,150.51,115.18,35.33,0.8492,1,0
REQ-000721,10,FINANCIAL_DISTRICT,DOWNTOWN,PREMIUM,15.33,43.2,THUNDERSTORM,50.0,1.6,5.6,0.15,0,35,24,0.69,GOLD,87.64,1.2,0.0,0.0,0.0,2.2,192.81,155.12,37.69,0.4403,0,0
REQ-000722,13,AIRPORT,FINANCIAL_DISTRICT,STANDARD,11.73,28.9,CLEAR,0.0,10.0,23.6,0.25,1,33,33,1.0,REGULAR,27.77,0.0,0.125,0.0,0.0,1.12,31.1,23.66,7.44,0.8667,1,0
REQ-000723,8,SUBURB_NORTH,FINANCIAL_DISTRICT,STANDARD,22.33,60.7,CLEAR,0.0,10.0,21.2,0.54,2,28,38,1.36,REGULAR,52.16,0.075,0.523,0.126,0.2,1.92,100.15,79.91,20.24,0.488,1,0
REQ-000724,12,TECH_CORRIDOR,SUBURB_NORTH,PREMIUM,18.5,41.8,CLEAR,0.0,10.0,20.1,0.18,0,55,73,1.33,REGULAR,95.33,0.0,0.0,0.116,0.0,1.12,106.77,81.22,25.55,0.8667,1,0
REQ-000725,2,SUBURB_NORTH,AIRPORT,PREMIUM,2.84,8.5,DRIZZLE,0.0,10.0,20.2,0.13,0,26,50,1.92,REGULAR,23.17,0.1,0.0,0.322,0.15,1.57,36.38,28.61,7.77,0.6883,1,0
REQ-000726,0,FINANCIAL_DISTRICT,AIRPORT,XL,16.69,39.7,RAIN,6.4,7.0,31.7,0.27,0,15,22,1.47,REGULAR,64.87,0.322,0.009,0.164,0.15,1.64,106.39,83.94,22.45,0.6511,1,0
REQ-000727,23,DOWNTOWN,SUBURB_NORTH,COMFORT,24.49,70.4,BLIZZARD,42.0,1.4,-1.5,0.36,0,51,50,0.98,REGULAR,76.59,1.2,0.039,0.0,0.15,2.39,183.05,147.93,35.12,0.2358,0,0
REQ-000728,14,FINANCIAL_DISTRICT,TECH_CORRIDOR,PREMIUM,21.68,47.7,CLEAR,0.0,10.0,28.6,0.05,0,49,32,0.65,REGULAR,109.25,0.0,0.0,0.0,0.0,1.0,109.25,81.94,27.31,0.8966,1,0
REQ-000729,19,TECH_CORRIDOR,SUBURB_NORTH,PREMIUM,12.67,34.1,CLEAR,0.0,10.0,21.5,0.44,0,9,51,5.67,REGULAR,72.46,0.0,0.08,1.2,0.25,2.53,183.32,148.58,34.74,0.1806,1,0
REQ-000730,20,SUBURB_NORTH,DOWNTOWN,XL,2.59,6.8,CLEAR,0.0,10.0,18.8,0.42,0,23,32,1.39,REGULAR,15.52,0.0,0.069,0.136,0.0,1.21,18.78,14.41,4.37,0.8397,1,0
REQ-000731,6,FINANCIAL_DISTRICT,SUBURB_NORTH,COMFORT,9.62,29.4,DRIZZLE,0.0,10.0,17.4,0.23,0,37,74,2.0,REGULAR,33.6,0.1,0.002,0.35,0.0,1.45,48.72,38.05,10.67,0.7465,0,0
REQ-000732,0,AIRPORT,FINANCIAL_DISTRICT,COMFORT,14.02,44.1,RAIN,11.2,5.6,19.0,0.2,0,53,78,1.47,REGULAR,47.48,0.376,0.0,0.164,0.15,1.69,80.24,63.46,16.78,0.6234,0,0
REQ-000733,9,TECH_CORRIDOR,DOWNTOWN,PREMIUM,14.5,40.8,RAIN,12.9,6.9,6.1,0.82,0,58,25,0.43,REGULAR,83.28,0.395,0.643,0.0,0.2,2.24,186.55,150.24,36.31,0.3066,0,0
REQ-000734,4,TECH_CORRIDOR,DOWNTOWN,COMFORT,11.53,31.4,THUNDERSTORM,51.8,1.0,7.6,0.08,0,23,43,1.87,REGULAR,37.65,1.2,0.0,0.304,0.0,2.5,94.12,76.24,17.88,0.1915,0,0
REQ-000735,4,AIRPORT,TECH_CORRIDOR,XL,16.77,44.1,CLEAR,0.0,10.0,12.8,0.2,0,53,30,0.57,REGULAR,67.68,0.0,0.0,0.0,0.0,1.0,67.68,50.76,16.92,0.8966,1,0
REQ-000736,4,SUBURB_NORTH,AIRPORT,COMFORT,21.34,59.2,DRIZZLE,0.0,10.0,28.2,0.14,0,17,11,0.65,REGULAR,66.35,0.1,0.0,0.0,0.0,1.1,72.98,55.4,17.58,0.8721,1,0
REQ-000737,11,TECH_CORRIDOR,SUBURB_NORTH,PREMIUM,18.08,36.9,DRIZZLE,0.0,10.0,20.9,0.26,0,49,31,0.63,GOLD,89.98,0.1,0.007,0.0,0.0,1.11,99.88,75.9,23.98,0.915,1,0
REQ-000738,7,SUBURB_NORTH,TECH_CORRIDOR,STANDARD,19.39,36.7,CLEAR,0.0,10.0,11.1,0.75,0,30,73,2.43,REGULAR,40.09,0.0,0.541,0.501,0.2,2.24,89.8,72.32,17.48,0.3066,0,0
REQ-000739,20,DOWNTOWN,AIRPORT,COMFORT,11.45,21.1,CLEAR,0.0,10.0,13.9,0.27,0,13,17,1.31,REGULAR,32.89,0.0,0.009,0.109,0.0,1.12,36.84,28.03,8.81,0.8667,1,0
REQ-000740,7,FINANCIAL_DISTRICT,SUBURB_NORTH,COMFORT,19.93,54.0,CLEAR,0.0,10.0,24.4,0.84,0,55,34,0.62,GOLD,61.68,0.0,0.674,0.0,0.2,1.87,115.34,91.87,23.47,0.6346,0,0
REQ-000741,18,FINANCIAL_DISTRICT,SUBURB_NORTH,STANDARD,7.4,15.8,CLEAR,0.0,10.0,7.7,0.42,0,38,24,0.63,REGULAR,17.78,0.046,0.069,0.0,0.25,1.36,24.18,18.77,5.41,0.7852,1,0
REQ-000742,13,DOWNTOWN,AIRPORT,PREMIUM,9.8,17.8,HEAVY_RAIN,24.5,2.7,26.0,0.37,0,8,42,5.25,GOLD,50.57,0.806,0.043,1.2,0.0,3.05,154.24,126.05,28.19,0.0928,0,0
REQ-000743,20,SUBURB_NORTH,FINANCIAL_DISTRICT,XL,15.19,38.3,CLEAR,0.0,10.0,28.4,0.16,0,36,24,0.67,PLATINUM,60.88,0.0,0.0,0.0,0.0,1.0,60.88,45.66,15.22,0.9526,1,0
REQ-000744,15,SUBURB_NORTH,DOWNTOWN,XL,25.23,63.4,CLEAR,0.0,10.0,6.8,0.17,0,48,78,1.62,GOLD,97.02,0.0,0.0,0.217,0.0,1.22,118.36,90.9,27.46,0.8921,1,0
REQ-000745,16,DOWNTOWN,AIRPORT,COMFORT,9.99,22.3,CLEAR,0.0,10.0,23.5,0.13,0,20,60,3.0,GOLD,31.02,0.06,0.0,0.7,0.0,1.76,54.6,43.31,11.29,0.6934,0,0
REQ-000746,20,TECH_CORRIDOR,FINANCIAL_DISTRICT,XL,26.87,85.3,DRIZZLE,0.0,10.0,16.3,0.14,0,27,57,2.11,REGULAR,113.61,0.1,0.0,0.388,0.0,1.49,169.28,132.53,36.75,0.7279,1,0
REQ-000747,13,AIRPORT,SUBURB_NORTH,PREMIUM,10.01,25.9,CLEAR,0.0,10.0,30.4,0.21,0,37,45,1.22,REGULAR,58.04,0.0,0.0,0.077,0.0,1.08,62.68,47.47,15.21,0.8774,1,0
REQ-000748,13,FINANCIAL_DISTRICT,SUBURB_NORTH,XL,23.65,43.4,RAIN,6.9,6.2,10.4,0.25,0,23,30,1.3,REGULAR,81.7,0.328,0.005,0.105,0.0,1.44,117.65,91.83,25.82,0.751,1,0
REQ-000749,22,TECH_CORRIDOR,SUBURB_NORTH,STANDARD,22.31,52.3,CLEAR,0.0,10.0,12.6,0.2,1,48,53,1.1,REGULAR,49.19,0.0,0.12,0.0,0.0,1.12,55.09,41.91,13.18,0.8667,1,0
REQ-000750,10,AIRPORT,DOWNTOWN,PREMIUM,5.49,15.6,BLIZZARD,49.3,2.6,-6.2,0.27,0,42,43,1.02,REGULAR,36.63,1.2,0.009,0.0,0.0,2.21,80.95,65.14,15.81,0.3221,0,0
REQ-000751,23,DOWNTOWN,AIRPORT,STANDARD,24.64,68.5,CLEAR,0.0,10.0,28.0,0.23,0,37,39,1.05,REGULAR,57.77,0.053,0.002,0.0,0.15,1.2,69.32,53.14,16.18,0.8429,1,0
REQ-000752,13,AIRPORT,SUBURB_NORTH,STANDARD,5.65,15.3,CLEAR,0.0,10.0,18.1,0.26,0,9,65,7.22,PLATINUM,15.41,0.0,0.007,1.2,0.0,2.21,34.06,27.41,6.65,0.524,0,0
REQ-000753,23,AIRPORT,TECH_CORRIDOR,XL,16.95,45.6,CLEAR,0.0,10.0,7.5,0.09,0,13,69,5.31,REGULAR,68.95,0.0,0.0,1.2,0.15,2.35,162.03,130.83,31.2,0.2535,0,0
REQ-000754,23,DOWNTOWN,TECH_CORRIDOR,XL,14.11,43.0,CLEAR,0.0,10.0,13.9,0.28,0,55,65,1.18,GOLD,61.43,0.0,0.011,0.0,0.15,1.16,71.26,54.43,16.83,0.9052,1,0
REQ-000755,13,AIRPORT,DOWNTOWN,PREMIUM,2.49,5.3,CLEAR,0.0,10.0,28.1,0.36,0,20,55,2.75,GOLD,19.47,0.0,0.039,0.612,0.0,1.65,32.13,25.36,6.77,0.7465,1,0
REQ-000756,5,TECH_CORRIDOR,FINANCIAL_DISTRICT,COMFORT,22.1,46.2,CLEAR,0.0,10.0,19.4,0.07,1,30,18,0.6,REGULAR,61.76,0.065,0.12,0.0,0.0,1.19,73.49,56.29,17.2,0.8461,1,0
REQ-000757,8,FINANCIAL_DISTRICT,AIRPORT,COMFORT,9.88,23.7,CLEAR,0.0,10.0,29.8,0.41,0,15,58,3.87,REGULAR,31.46,0.014,0.063,1.004,0.2,2.28,71.73,57.82,13.91,0.2866,0,0
REQ-000758,6,FINANCIAL_DISTRICT,TECH_CORRIDOR,STANDARD,13.62,32.1,RAIN,10.1,4.5,31.2,0.28,0,21,25,1.19,PLATINUM,31.25,0.364,0.011,0.0,0.0,1.37,42.81,33.26,9.55,0.8921,1,0
REQ-000759,16,AIRPORT,SUBURB_NORTH,PREMIUM,6.97,22.2,CLEAR,0.0,10.0,11.9,0.23,1,59,63,1.07,REGULAR,46.39,0.0,0.122,0.0,0.0,1.12,51.96,39.53,12.43,0.8667,1,0
REQ-000760,20,AIRPORT,SUBURB_NORTH,XL,23.75,57.2,CLEAR,0.0,10.0,32.0,0.31,0,25,51,2.04,REGULAR,90.2,0.0,0.02,0.364,0.0,1.38,124.48,96.79,27.69,0.777,0,0
REQ-000761,15,FINANCIAL_DISTRICT,DOWNTOWN,COMFORT,15.48,30.9,RAIN,3.7,7.2,28.4,0.2,0,19,32,1.68,PLATINUM,43.94,0.292,0.0,0.238,0.0,1.53,67.23,52.75,14.48,0.8492,0,0
REQ-000762,6,FINANCIAL_DISTRICT,SUBURB_NORTH,STANDARD,22.45,41.4,CLEAR,0.0,10.0,21.9,0.16,0,29,13,0.45,GOLD,45.55,0.055,0.0,0.0,0.0,1.05,47.83,36.1,11.73,0.9255,1,0
REQ-000763,23,FINANCIAL_DISTRICT,TECH_CORRIDOR,STANDARD,16.03,46.0,CLEAR,0.0,10.0,9.3,0.41,1,12,24,2.0,PLATINUM,39.14,0.0,0.183,0.35,0.15,1.68,65.76,51.98,13.78,0.7971,1,0
REQ-000764,0,SUBURB_NORTH,TECH_CORRIDOR,COMFORT,24.28,71.2,CLEAR,0.0,10.0,17.7,0.1,0,47,22,0.47,REGULAR,76.6,0.053,0.0,0.0,0.15,1.2,91.92,70.47,21.45,0.8429,1,0
REQ-000765,4,TECH_CORRIDOR,FINANCIAL_DISTRICT,COMFORT,7.7,15.3,CLEAR,0.0,10.0,7.2,0.21,0,22,42,1.91,REGULAR,24.1,0.0,0.0,0.318,0.0,1.32,31.81,24.63,7.18,0.8009,1,0
REQ-000766,13,AIRPORT,TECH_CORRIDOR,XL,21.76,43.2,CLEAR,0.0,10.0,8.9,0.39,0,48,16,0.33,GOLD,77.62,0.003,0.053,0.0,0.0,1.06,82.28,62.18,20.1,0.9239,0,0
REQ-000767,12,DOWNTOWN,AIRPORT,STANDARD,23.72,50.6,CLEAR,0.0,10.0,20.4,0.19,0,44,61,1.39,REGULAR,50.36,0.0,0.0,0.136,0.0,1.14,57.41,43.76,13.65,0.861,1,0
REQ-000768,16,TECH_CORRIDOR,AIRPORT,PREMIUM,5.06,11.1,THUNDERSTORM,33.5,2.7,11.9,0.24,0,50,53,1.06,GOLD,31.6,1.181,0.003,0.0,0.0,2.18,68.89,55.4,13.49,0.4521,1,0
REQ-000769,7,AIRPORT,TECH_CORRIDOR,STANDARD,27.08,53.5,BLIZZARD,53.2,0.8,-13.1,0.6,0,40,33,0.82,REGULAR,55.57,1.2,0.349,0.0,0.2,2.75,152.82,124.34,28.48,0.1151,0,0
REQ-000770,0,TECH_CORRIDOR,FINANCIAL_DISTRICT,COMFORT,23.84,50.3,CLEAR,0.0,10.0,25.1,0.36,0,11,78,7.09,REGULAR,66.47,0.0,0.039,1.2,0.15,2.39,158.86,128.38,30.48,0.2358,1,0
REQ-000771,20,TECH_CORRIDOR,FINANCIAL_DISTRICT,XL,6.13,16.9,DRIZZLE,0.0,10.0,21.7,0.35,0,47,64,1.36,GOLD,29.01,0.135,0.034,0.126,0.0,1.29,37.42,28.91,8.51,0.8748,1,0
REQ-000772,15,SUBURB_NORTH,AIRPORT,PREMIUM,25.42,80.3,CLEAR,0.0,10.0,8.7,0.05,0,27,36,1.33,PLATINUM,147.43,0.063,0.0,0.116,0.0,1.18,173.97,133.13,40.84,0.9288,1,0
REQ-000773,5,DOWNTOWN,FINANCIAL_DISTRICT,PREMIUM,5.65,14.0,RAIN,12.7,7.8,11.5,0.31,0,30,19,0.63,REGULAR,35.72,0.41,0.02,0.0,0.0,1.43,51.08,39.85,11.23,0.7555,0,0
REQ-000774,21,FINANCIAL_DISTRICT,TECH_CORRIDOR,STANDARD,20.88,54.7,CLEAR,0.0,10.0,17.0,0.35,1,15,76,5.07,REGULAR,48.24,0.0,0.154,1.2,0.0,2.35,113.36,91.53,21.83,0.2535,1,0
REQ-000775,3,TECH_CORRIDOR,SUBURB_NORTH,COMFORT,19.17,42.5,CLEAR,0.0,10.0,21.5,0.4,0,25,15,0.6,REGULAR,55.25,0.0,0.058,0.0,0.15,1.21,66.85,51.3,15.55,0.8397,0,0
REQ-000776,22,DOWNTOWN,TECH_CORRIDOR,PREMIUM,17.21,52.1,HEAVY_RAIN,39.5,1.2,19.1,0.34,0,23,73,3.17,GOLD,100.47,1.124,0.03,0.759,0.0,2.91,292.37,238.47,53.9,0.1252,0,0
REQ-000777,23,SUBURB_NORTH,DOWNTOWN,STANDARD,24.49,53.7,RAIN,13.9,6.6,13.9,0.15,2,53,72,1.36,REGULAR,52.4,0.406,0.24,0.126,0.15,1.92,100.61,80.28,20.33,0.488,0,0
REQ-000778,22,TECH_CORRIDOR,SUBURB_NORTH,XL,4.7,13.6,CLEAR,0.0,10.0,21.4,0.29,0,10,23,2.3,REGULAR,24.03,0.0,0.014,0.455,0.0,1.47,35.32,27.62,7.7,0.7373,0,0
REQ-000779,18,DOWNTOWN,FINANCIAL_DISTRICT,STANDARD,27.13,57.9,DRIZZLE,0.0,10.0,29.4,0.58,0,58,66,1.14,GOLD,57.17,0.1,0.325,0.0,0.25,1.68,96.05,75.93,20.12,0.7326,1,0
REQ-000780,13,TECH_CORRIDOR,DOWNTOWN,PREMIUM,23.14,62.0,DRIZZLE,0.0,10.0,5.7,0.06,0,34,13,0.38,GOLD,125.49,0.1,0.0,0.0,0.0,1.1,138.04,104.78,33.26,0.9168,1,0
REQ-000781,8,AIRPORT,SUBURB_NORTH,XL,11.16,35.2,CLEAR,0.0,10.0,6.3,0.85,0,21,80,3.81,REGULAR,50.56,0.0,0.689,0.983,0.2,2.87,145.11,118.29,26.82,0.0888,0,0
REQ-000782,19,AIRPORT,FINANCIAL_DISTRICT,PREMIUM,24.27,55.0,CLEAR,0.0,10.0,26.7,0.54,0,13,61,4.69,REGULAR,122.71,0.071,0.283,1.2,0.25,2.8,343.59,279.78,63.81,0.1034,0,0
REQ-000783,11,FINANCIAL_DISTRICT,TECH_CORRIDOR,COMFORT,8.88,24.8,CLEAR,0.0,10.0,16.8,0.11,2,20,49,2.45,PLATINUM,30.31,0.0,0.24,0.508,0.0,1.75,53.04,42.05,10.99,0.7685,1,0
REQ-000784,6,TECH_CORRIDOR,AIRPORT,COMFORT,12.35,34.3,CLEAR,0.0,10.0,24.2,0.32,0,29,78,2.69,REGULAR,40.31,0.056,0.023,0.591,0.0,1.67,67.32,53.19,14.13,0.6346,1,0
REQ-000785,10,SUBURB_NORTH,DOWNTOWN,XL,17.95,56.7,FOG,0.0,10.0,16.9,0.27,0,39,38,0.97,GOLD,77.72,0.2,0.009,0.0,0.0,1.21,94.04,72.16,21.88,0.8944,0,0
REQ-000786,0,FINANCIAL_DISTRICT,AIRPORT,PREMIUM,18.85,39.6,CLEAR,0.0,10.0,31.0,0.24,0,44,34,0.77,REGULAR,94.44,0.039,0.003,0.0,0.15,1.19,112.38,86.08,26.3,0.8461,0,0
REQ-000787,11,TECH_CORRIDOR,SUBURB_NORTH,PREMIUM,21.42,59.7,RAIN,6.2,5.5,29.3,0.18,0,16,51,3.19,GOLD,118.73,0.382,0.0,0.766,0.0,2.15,255.27,205.11,50.16,0.47,0,0
REQ-000788,16,FINANCIAL_DISTRICT,AIRPORT,STANDARD,27.51,79.7,RAIN,9.4,4.4,27.3,0.19,0,60,38,0.63,REGULAR,65.28,0.356,0.0,0.0,0.0,1.36,88.78,68.94,19.84,0.7852,1,0
REQ-000789,5,DOWNTOWN,TECH_CORRIDOR,PREMIUM,14.93,36.0,CLEAR,0.0,10.0,17.1,0.41,0,12,55,4.58,REGULAR,80.4,0.0,0.063,1.2,0.0,2.26,181.7,146.41,35.29,0.2965,0,0
REQ-000790,22,TECH_CORRIDOR,AIRPORT,STANDARD,20.55,51.1,RAIN,4.6,5.6,22.9,0.33,0,59,75,1.27,PLATINUM,46.57,0.302,0.027,0.095,0.0,1.42,66.13,51.55,14.58,0.88,1,0
REQ-000791,11,TECH_CORRIDOR,AIRPORT,STANDARD,27.24,51.1,DRIZZLE,0.0,10.0,25.9,0.08,0,20,41,2.05,PLATINUM,54.93,0.1,0.0,0.367,0.0,1.47,80.75,63.14,17.61,0.8667,1,0
REQ-000792,3,FINANCIAL_DISTRICT,AIRPORT,STANDARD,18.88,47.1,CLEAR,0.0,10.0,7.5,0.33,0,32,70,2.19,REGULAR,43.08,0.0,0.027,0.416,0.15,1.59,68.5,53.92,14.58,0.6779,1,0
REQ-000793,8,DOWNTOWN,SUBURB_NORTH,XL,6.61,15.9,CLEAR,0.0,10.0,10.0,0.5,0,29,67,2.31,GOLD,29.42,0.0,0.243,0.458,0.2,1.9,55.9,44.57,11.33,0.6177,1,0
REQ-000794,0,DOWNTOWN,FINANCIAL_DISTRICT,STANDARD,19.75,38.2,SNOW,9.3,4.0,-14.6,0.28,0,20,73,3.65,REGULAR,41.06,0.85,0.011,0.927,0.15,2.94,120.72,98.51,22.21,0.0761,0,0
REQ-000795,14,AIRPORT,DOWNTOWN,COMFORT,17.59,45.8,RAIN,13.6,4.7,9.0,0.06,1,42,25,0.6,GOLD,54.13,0.43,0.12,0.0,0.0,1.55,83.9,65.9,18.0,0.7892,1,0
REQ-000796,5,AIRPORT,DOWNTOWN,XL,19.76,51.9,THUNDERSTORM,39.9,2.0,31.9,0.43,0,32,67,2.09,PLATINUM,78.64,1.2,0.074,0.381,0.0,2.66,209.18,169.94,39.24,0.2721,0,0
REQ-000797,15,DOWNTOWN,SUBURB_NORTH,COMFORT,11.51,24.6,CLEAR,0.0,10.0,15.9,0.42,0,50,22,0.44,GOLD,34.56,0.0,0.069,0.0,0.0,1.07,36.98,27.98,9.0,0.9222,1,0
REQ-000798,6,AIRPORT,TECH_CORRIDOR,COMFORT,9.35,18.6,CLEAR,0.0,10.0,21.9,0.2,0,28,71,2.54,REGULAR,28.3,0.0,0.0,0.539,0.0,1.54,43.58,34.21,9.37,0.7035,1,0
REQ-000799,18,AIRPORT,DOWNTOWN,STANDARD,6.89,13.3,RAIN,9.9,4.7,13.5,0.41,0,30,78,2.6,REGULAR,16.27,0.361,0.063,0.56,0.25,2.23,36.28,29.21,7.07,0.3117,0,0
REQ-000800,6,SUBURB_NORTH,FINANCIAL_DISTRICT,XL,19.71,36.7,CLEAR,0.0,10.0,30.6,0.33,1,21,73,3.48,REGULAR,69.41,0.05,0.147,0.868,0.0,2.06,142.98,114.59,28.39,0.4052,0,0
REQ-000801,9,DOWNTOWN,FINANCIAL_DISTRICT,PREMIUM,7.36,20.4,CLEAR,0.0,10.0,11.5,0.77,0,60,39,0.65,REGULAR,45.95,0.026,0.57,0.0,0.2,1.8,82.71,65.71,17.0,0.5597,0,0
REQ-000802,8,DOWNTOWN,AIRPORT,COMFORT,17.57,46.9,HEAVY_RAIN,36.9,1.9,28.3,0.49,0,25,62,2.48,REGULAR,54.6,1.025,0.113,0.518,0.2,2.86,156.16,127.28,28.88,0.0908,0,0
REQ-000803,15,SUBURB_NORTH,TECH_CORRIDOR,XL,23.91,49.4,CLEAR,0.0,10.0,5.3,0.07,0,52,38,0.73,REGULAR,85.85,0.0,0.0,0.0,0.0,1.0,85.85,64.39,21.46,0.8966,1,0
REQ-000804,23,FINANCIAL_DISTRICT,TECH_CORRIDOR,STANDARD,6.77,15.3,CLEAR,0.0,10.0,23.4,0.21,0,44,43,0.98,REGULAR,16.81,0.061,0.0,0.0,0.15,1.21,20.34,15.61,4.73,0.8397,1,0
REQ-000805,1,FINANCIAL_DISTRICT,DOWNTOWN,PREMIUM,7.22,18.2,CLEAR,0.0,10.0,8.0,0.38,0,59,18,0.31,REGULAR,43.69,0.0,0.048,0.0,0.15,1.2,52.43,40.2,12.23,0.8429,1,0
REQ-000806,16,SUBURB_NORTH,FINANCIAL_DISTRICT,PREMIUM,17.52,32.5,RAIN,5.3,4.8,13.6,0.43,0,19,54,2.84,REGULAR,84.68,0.31,0.074,0.644,0.0,2.03,171.9,137.65,34.25,0.4226,0,0
REQ-000807,2,DOWNTOWN,TECH_CORRIDOR,PREMIUM,5.98,13.2,CLEAR,0.0,10.0,21.9,0.34,1,36,18,0.5,GOLD,35.96,0.0,0.15,0.0,0.15,1.3,46.75,36.14,10.61,0.8721,1,0
REQ-000808,3,AIRPORT,FINANCIAL_DISTRICT,COMFORT,16.23,36.4,DRIZZLE,0.0,10.0,16.1,0.3,0,31,14,0.45,REGULAR,47.66,0.1,0.017,0.0,0.15,1.27,60.53,46.68,13.85,0.8194,1,0
REQ-000809,12,FINANCIAL_DISTRICT,DOWNTOWN,PREMIUM,2.09,3.9,RAIN,4.4,4.9,22.0,0.08,0,44,59,1.34,REGULAR,17.16,0.299,0.0,0.119,0.0,1.42,24.37,19.0,5.37,0.7599,1,0
REQ-000810,20,SUBURB_NORTH,FINANCIAL_DISTRICT,PREMIUM,17.93,40.9,CLEAR,0.0,10.0,29.8,0.26,0,48,32,0.67,PLATINUM,92.97,0.0,0.007,0.0,0.0,1.01,93.9,70.52,23.38,0.9515,1,0
REQ-000811,9,AIRPORT,FINANCIAL_DISTRICT,XL,21.24,51.1,CLEAR,0.0,10.0,17.4,0.64,0,48,55,1.15,REGULAR,81.26,0.0,0.396,0.0,0.2,1.6,130.02,102.39,27.63,0.6726,1,0
REQ-000812,11,SUBURB_NORTH,TECH_CORRIDOR,PREMIUM,13.54,31.7,CLEAR,0.0,10.0,23.0,0.26,0,44,34,0.77,PLATINUM,72.86,0.0,0.007,0.0,0.0,1.01,73.59,55.27,18.32,0.9515,1,0
REQ-000813,13,TECH_CORRIDOR,AIRPORT,PREMIUM,16.25,46.6,CLEAR,0.0,10.0,13.3,0.24,0,57,62,1.09,REGULAR,93.11,0.0,0.003,0.0,0.0,1.0,93.11,69.83,23.28,0.8966,1,0
REQ-000814,14,TECH_CORRIDOR,FINANCIAL_DISTRICT,PREMIUM,26.37,63.4,CLEAR,0.0,10.0,10.6,0.12,0,57,29,0.51,REGULAR,135.73,0.0,0.0,0.0,0.0,1.0,135.73,101.8,33.93,0.8966,1,0
REQ-000815,23,FINANCIAL_DISTRICT,AIRPORT,PREMIUM,10.23,21.9,CLEAR,0.0,10.0,30.1,0.42,0,10,22,2.2,GOLD,55.25,0.0,0.069,0.42,0.15,1.64,90.61,71.49,19.12,0.751,1,0
REQ-000816,11,DOWNTOWN,FINANCIAL_DISTRICT,XL,24.17,54.1,CLEAR,0.0,10.0,9.1,0.39,0,45,67,1.49,REGULAR,89.22,0.0,0.053,0.171,0.0,1.22,108.85,83.6,25.25,0.8364,1,0
REQ-000817,4,AIRPORT,SUBURB_NORTH,STANDARD,22.86,46.3,CLEAR,0.0,10.0,8.2,0.21,0,52,45,0.87,REGULAR,47.77,0.055,0.0,0.0,0.0,1.05,50.16,37.86,12.3,0.8849,0,0
REQ-000818,12,DOWNTOWN,AIRPORT,PREMIUM,4.52,8.4,CLEAR,0.0,10.0,17.9,0.28,0,36,33,0.92,REGULAR,27.8,0.012,0.011,0.0,0.0,1.02,28.36,21.33,7.03,0.8921,1,0
REQ-000819,2,SUBURB_NORTH,AIRPORT,XL,27.68,84.2,CLEAR,0.0,10.0,21.8,0.42,1,58,35,0.6,PLATINUM,114.65,0.0,0.189,0.0,0.15,1.34,153.63,119.12,34.51,0.8988,1,0
REQ-000820,13,DOWNTOWN,SUBURB_NORTH,PREMIUM,2.41,7.3,FOG,0.0,10.0,14.9,0.26,0,9,72,8.0,REGULAR,20.96,0.2,0.007,1.2,0.0,2.41,50.51,40.84,9.67,0.2272,1,0
REQ-000821,1,FINANCIAL_DISTRICT,SUBURB_NORTH,XL,13.67,32.9,CLEAR,0.0,10.0,31.9,0.31,0,47,11,0.23,GOLD,54.45,0.0,0.02,0.0,0.15,1.17,63.71,48.71,15.0,0.9031,1,0
REQ-000822,21,SUBURB_NORTH,FINANCIAL_DISTRICT,PREMIUM,11.88,22.0,CLEAR,0.0,10.0,15.1,0.26,0,53,53,1.0,REGULAR,59.96,0.0,0.007,0.0,0.0,1.01,60.56,45.48,15.08,0.8944,1,0
REQ-000823,14,AIRPORT,FINANCIAL_DISTRICT,PREMIUM,9.32,17.9,THUNDERSTORM,23.4,2.2,13.6,0.1,0,14,41,2.93,REGULAR,49.31,1.093,0.0,0.675,0.0,2.77,136.59,111.17,25.42,0.1103,0,0
REQ-000824,0,FINANCIAL_DISTRICT,AIRPORT,STANDARD,24.46,44.4,RAIN,7.1,7.6,6.9,0.44,0,29,23,0.79,REGULAR,49.12,0.33,0.08,0.0,0.15,1.56,76.63,60.22,16.41,0.6934,1,0
REQ-000825,2,FINANCIAL_DISTRICT,AIRPORT,STANDARD,6.82,19.1,CLEAR,0.0,10.0,26.4,0.07,1,28,77,2.75,REGULAR,18.22,0.0,0.12,0.612,0.15,1.88,34.25,27.29,6.96,0.512,0,0
REQ-000826,1,SUBURB_NORTH,FINANCIAL_DISTRICT,PREMIUM,9.49,26.1,CLEAR,0.0,10.0,18.7,0.44,0,44,34,0.77,REGULAR,56.76,0.0,0.08,0.0,0.15,1.23,69.81,53.66,16.15,0.8331,1,0
REQ-000827,7,DOWNTOWN,AIRPORT,COMFORT,24.06,68.8,CLEAR,0.0,10.0,22.2,0.67,0,35,42,1.2,GOLD,75.16,0.0,0.433,0.0,0.2,1.63,122.51,96.62,25.89,0.7555,1,0
REQ-000828,1,TECH_CORRIDOR,DOWNTOWN,XL,9.32,18.9,CLEAR,0.0,10.0,14.3,0.3,0,56,67,1.2,REGULAR,36.91,0.002,0.017,0.0,0.15,1.17,43.18,33.01,10.17,0.8522,1,0
REQ-000829,2,DOWNTOWN,SUBURB_NORTH,XL,20.15,53.4,DRIZZLE,0.0,10.0,24.6,0.19,0,27,72,2.67,REGULAR,80.35,0.1,0.0,0.584,0.15,1.83,147.04,116.95,30.09,0.5419,0,0
REQ-000830,14,FINANCIAL_DISTRICT,AIRPORT,COMFORT,3.11,7.1,HEAVY_RAIN,33.0,2.5,30.5,0.4,0,55,59,1.07,REGULAR,12.82,0.921,0.058,0.0,0.0,1.98,25.38,20.29,5.09,0.4521,1,0
REQ-000831,12,FINANCIAL_DISTRICT,SUBURB_NORTH,PREMIUM,27.73,74.5,CLEAR,0.0,10.0,16.7,0.41,0,21,22,1.05,REGULAR,148.96,0.027,0.063,0.0,0.0,1.09,162.37,123.12,39.25,0.8748,1,0
REQ-000832,9,AIRPORT,SUBURB_NORTH,COMFORT,2.56,6.0,HEAVY_RAIN,54.2,1.2,10.1,0.62,0,39,17,0.44,REGULAR,11.42,1.2,0.373,0.0,0.2,2.77,31.63,25.74,5.89,0.1103,1,0
REQ-000833,15,AIRPORT,TECH_CORRIDOR,XL,5.68,14.3,RAIN,8.0,4.1,13.3,0.3,0,15,26,1.73,REGULAR,26.51,0.34,0.017,0.256,0.0,1.61,42.68,33.63,9.05,0.6673,1,0
REQ-000834,0,AIRPORT,FINANCIAL_DISTRICT,XL,16.7,41.1,CLEAR,0.0,10.0,16.3,0.18,0,28,70,2.5,GOLD,65.73,0.0,0.0,0.525,0.15,1.67,109.77,86.73,23.04,0.7373,1,0
REQ-000835,20,TECH_CORRIDOR,AIRPORT,COMFORT,25.45,80.2,DRIZZLE,0.0,10.0,29.6,0.29,0,44,70,1.59,GOLD,82.58,0.1,0.014,0.207,0.0,1.32,109.01,84.4,24.61,0.8667,1,0
REQ-000836,15,DOWNTOWN,TECH_CORRIDOR,COMFORT,18.21,34.9,CLEAR,0.0,10.0,29.3,0.34,1,32,34,1.06,GOLD,50.26,0.066,0.15,0.0,0.0,1.22,61.32,47.1,14.22,0.8921,1,0
REQ-000837,0,FINANCIAL_DISTRICT,SUBURB_NORTH,STANDARD,14.32,30.3,CLEAR,0.0,10.0,27.3,0.11,0,28,78,2.79,REGULAR,31.51,0.0,0.0,0.626,0.15,1.78,56.09,44.53,11.56,0.5715,0,0
REQ-000838,6,FINANCIAL_DISTRICT,DOWNTOWN,XL,21.07,59.6,CLEAR,0.0,10.0,18.6,0.2,0,27,43,1.59,REGULAR,86.01,0.0,0.0,0.207,0.0,1.21,104.07,79.86,24.21,0.8397,1,0
REQ-000839,4,DOWNTOWN,TECH_CORRIDOR,STANDARD,11.58,33.4,CLEAR,0.0,10.0,15.3,0.23,0,37,45,1.22,REGULAR,29.16,0.0,0.002,0.077,0.0,1.08,31.49,23.85,7.64,0.8774,1,0
REQ-000840,1,AIRPORT,FINANCIAL_DISTRICT,COMFORT,10.39,18.9,HEAVY_RAIN,42.1,1.4,13.5,0.27,0,33,32,0.97,REGULAR,30.14,1.134,0.009,0.0,0.15,2.29,69.02,55.65,13.37,0.2817,0,0
REQ-000841,16,DOWNTOWN,SUBURB_NORTH,XL,16.71,43.4,CLEAR,0.0,10.0,24.4,0.08,1,17,23,1.35,REGULAR,67.13,0.0,0.12,0.123,0.0,1.24,83.24,64.04,19.2,0.8298,0,0
REQ-000842,13,FINANCIAL_DISTRICT,DOWNTOWN,XL,27.28,62.0,CLEAR,0.0,10.0,6.9,0.07,0,52,29,0.56,REGULAR,100.49,0.0,0.0,0.0,0.0,1.0,100.49,75.37,25.12,0.8966,1,0
REQ-000843,8,FINANCIAL_DISTRICT,TECH_CORRIDOR,COMFORT,5.0,15.4,CLEAR,0.0,10.0,6.5,0.41,0,38,15,0.39,REGULAR,19.68,0.0,0.063,0.0,0.2,1.26,24.8,19.11,5.69,0.8229,1,0
REQ-000844,21,FINANCIAL_DISTRICT,AIRPORT,XL,10.4,29.7,CLEAR,0.0,10.0,18.8,0.06,0,12,15,1.25,REGULAR,45.66,0.0,0.0,0.087,0.0,1.09,49.77,37.74,12.03,0.8748,1,0
REQ-000845,11,FINANCIAL_DISTRICT,TECH_CORRIDOR,STANDARD,11.08,21.2,CLEAR,0.0,10.0,27.4,0.11,1,48,46,0.96,REGULAR,24.27,0.0,0.12,0.0,0.0,1.12,27.18,20.68,6.5,0.8667,1,0
REQ-000846,6,SUBURB_NORTH,FINANCIAL_DISTRICT,COMFORT,21.61,46.7,CLEAR,0.0,10.0,12.0,0.16,1,46,75,1.63,GOLD,61.18,0.0,0.12,0.22,0.0,1.34,81.98,63.56,18.42,0.861,1,0
REQ-000847,6,DOWNTOWN,FINANCIAL_DISTRICT,PREMIUM,22.92,65.1,CLEAR,0.0,10.0,20.4,0.38,0,60,48,0.8,REGULAR,127.51,0.006,0.048,0.0,0.0,1.05,133.89,101.06,32.83,0.8849,1,0
REQ-000848,6,FINANCIAL_DISTRICT,SUBURB_NORTH,COMFORT,15.29,34.2,HEAVY_RAIN,54.4,1.0,30.6,0.18,0,18,72,4.0,REGULAR,45.12,1.2,0.0,1.05,0.0,3.25,146.64,120.13,26.51,0.0377,0,0
REQ-000849,19,FINANCIAL_DISTRICT,DOWNTOWN,STANDARD,24.99,74.8,CLEAR,0.0,10.0,5.3,0.4,0,18,22,1.22,REGULAR,60.42,0.0,0.058,0.077,0.25,1.39,83.98,65.34,18.64,0.7728,1,0
REQ-000850,0,FINANCIAL_DISTRICT,TECH_CORRIDOR,XL,3.98,9.5,CLEAR,0.0,10.0,5.9,0.11,0,59,36,0.61,REGULAR,20.06,0.0,0.0,0.0,0.15,1.15,23.07,17.6,5.47,0.8581,1,0
REQ-000851,7,DOWNTOWN,TECH_CORRIDOR,COMFORT,2.37,4.6,CLEAR,0.0,10.0,28.9,0.52,1,44,71,1.61,REGULAR,10.48,0.0,0.383,0.214,0.2,1.8,18.86,14.98,3.88,0.5597,0,0
REQ-000852,15,FINANCIAL_DISTRICT,DOWNTOWN,PREMIUM,19.63,36.2,CLEAR,0.0,10.0,17.6,0.06,0,57,45,0.79,GOLD,93.73,0.0,0.0,0.0,0.0,1.0,93.73,70.3,23.43,0.9334,1,0
REQ-000853,6,FINANCIAL_DISTRICT,SUBURB_NORTH,STANDARD,19.45,61.2,CLEAR,0.0,10.0,17.1,0.31,0,35,72,2.06,GOLD,48.73,0.0,0.02,0.371,0.0,1.39,67.73,52.7,15.03,0.8461,1,0
REQ-000854,15,DOWNTOWN,SUBURB_NORTH,XL,4.3,10.0,CLEAR,0.0,10.0,15.1,0.34,0,48,54,1.12,REGULAR,21.03,0.052,0.03,0.0,0.0,1.08,22.71,17.2,5.51,0.8774,1,0
REQ-000855,21,AIRPORT,TECH_CORRIDOR,XL,21.95,44.0,RAIN,8.9,6.2,14.7,0.29,0,30,69,2.3,REGULAR,78.49,0.35,0.014,0.455,0.0,1.82,142.85,113.57,29.28,0.5479,1,0
REQ-000856,20,FINANCIAL_DISTRICT,DOWNTOWN,XL,15.17,45.6,CLEAR,0.0,10.0,14.2,0.35,0,60,36,0.6,GOLD,65.22,0.0,0.034,0.0,0.0,1.03,67.18,50.58,16.6,0.9288,1,0
REQ-000857,8,SUBURB_NORTH,DOWNTOWN,STANDARD,15.51,40.4,THUNDERSTORM,46.6,0.9,11.1,0.55,1,54,57,1.06,REGULAR,36.53,1.2,0.413,0.0,0.2,2.81,102.65,83.6,19.05,0.1012,0,0
REQ-000858,3,SUBURB_NORTH,FINANCIAL_DISTRICT,XL,21.5,59.4,CLEAR,0.0,10.0,22.4,0.33,0,58,74,1.28,GOLD,86.79,0.0,0.027,0.098,0.15,1.27,110.22,85.01,25.21,0.88,1,0
REQ-000859,6,DOWNTOWN,SUBURB_NORTH,COMFORT,21.65,48.1,CLEAR,0.0,10.0,7.6,0.06,1,15,36,2.4,REGULAR,61.86,0.026,0.12,0.49,0.0,1.64,101.45,80.05,21.4,0.6511,0,0
REQ-000860,11,DOWNTOWN,FINANCIAL_DISTRICT,XL,13.77,27.1,DRIZZLE,0.0,10.0,5.3,0.19,0,47,71,1.51,REGULAR,51.18,0.1,0.0,0.178,0.0,1.28,65.51,50.57,14.94,0.8158,1,0
REQ-000861,22,SUBURB_NORTH,DOWNTOWN,PREMIUM,10.31,19.0,CLEAR,0.0,10.0,26.5,0.36,0,30,72,2.4,PLATINUM,53.02,0.008,0.039,0.49,0.0,1.54,81.65,64.1,17.55,0.8461,1,0
REQ-000862,7,SUBURB_NORTH,DOWNTOWN,PREMIUM,8.56,16.5,RAIN,11.6,7.7,17.3,0.51,0,27,80,2.96,GOLD,46.0,0.387,0.252,0.686,0.2,2.53,116.38,94.32,22.06,0.2627,0,0
REQ-000863,21,FINANCIAL_DISTRICT,TECH_CORRIDOR,STANDARD,2.27,4.5,RAIN,14.2,5.8,18.6,0.33,0,49,16,0.33,REGULAR,7.41,0.41,0.027,0.0,0.0,1.44,10.67,8.33,2.34,0.751,1,0
REQ-000864,5,TECH_CORRIDOR,SUBURB_NORTH,COMFORT,25.46,56.3,CLEAR,0.0,10.0,21.2,0.32,0,38,72,1.89,REGULAR,71.85,0.0,0.023,0.311,0.0,1.33,95.56,74.04,21.52,0.7971,1,0
REQ-000865,21,FINANCIAL_DISTRICT,TECH_CORRIDOR,STANDARD,9.86,20.8,DRIZZLE,0.0,10.0,18.3,0.37,0,18,27,1.5,REGULAR,22.6,0.1,0.043,0.175,0.0,1.32,29.83,23.1,6.73,0.8009,0,0
REQ-000866,13,TECH_CORRIDOR,DOWNTOWN,PREMIUM,14.9,43.4,CLEAR,0.0,10.0,19.2,0.3,1,38,14,0.37,REGULAR,86.61,0.0,0.137,0.0,0.0,1.14,98.74,75.27,23.47,0.861,1,0
REQ-000867,21,SUBURB_NORTH,DOWNTOWN,STANDARD,4.27,12.9,CLEAR,0.0,10.0,15.8,0.41,0,18,21,1.17,REGULAR,12.85,0.058,0.063,0.0,0.0,1.12,14.39,10.95,3.44,0.8667,1,0
REQ-000868,21,SUBURB_NORTH,AIRPORT,XL,14.42,45.6,CLEAR,0.0,10.0,16.2,0.14,1,16,60,3.75,REGULAR,63.64,0.0,0.12,0.962,0.0,2.08,132.37,106.15,26.22,0.3936,1,0
REQ-000869,4,DOWNTOWN,FINANCIAL_DISTRICT,XL,17.22,31.2,CLEAR,0.0,10.0,11.6,0.14,0,21,22,1.05,REGULAR,60.88,0.0,0.0,0.0,0.0,1.0,60.88,45.66,15.22,0.8966,1,0
REQ-000870,4,TECH_CORRIDOR,DOWNTOWN,COMFORT,19.34,58.0,HEAVY_RAIN,22.7,1.8,31.7,0.15,0,31,38,1.23,GOLD,62.51,0.875,0.0,0.08,0.0,1.96,122.52,97.89,24.63,0.5832,1,0
REQ-000871,21,SUBURB_NORTH,DOWNTOWN,XL,22.3,41.0,RAIN,7.5,5.8,27.6,0.41,0,40,62,1.55,REGULAR,77.43,0.334,0.063,0.193,0.0,1.59,123.11,96.9,26.21,0.6779,0,0
REQ-000872,19,FINANCIAL_DISTRICT,AIRPORT,XL,14.93,28.4,CLEAR,0.0,10.0,6.8,0.8,1,49,15,0.31,REGULAR,54.39,0.0,0.733,0.0,0.25,1.98,107.69,86.1,21.59,0.4521,1,0
REQ-000873,9,SUBURB_NORTH,AIRPORT,XL,23.74,62.8,HEAVY_RAIN,38.8,1.7,25.5,0.67,0,46,27,0.59,REGULAR,93.53,1.1,0.432,0.0,0.2,2.73,255.34,207.69,47.65,0.12,1,0
REQ-000874,8,SUBURB_NORTH,AIRPORT,STANDARD,8.54,18.6,HEAVY_RAIN,43.8,1.1,30.0,0.51,0,20,52,2.6,REGULAR,20.18,1.183,0.252,0.56,0.2,3.19,64.37,52.7,11.67,0.0433,0,0
REQ-000875,4,AIRPORT,TECH_CORRIDOR,COMFORT,21.98,67.0,RAIN,11.3,4.8,23.5,0.27,0,41,32,0.78,REGULAR,70.92,0.377,0.009,0.0,0.0,1.39,98.58,76.7,21.88,0.7728,1,0
REQ-000876,10,AIRPORT,FINANCIAL_DISTRICT,COMFORT,17.55,47.2,CLEAR,0.0,10.0,22.5,0.15,0,44,68,1.55,REGULAR,54.7,0.0,0.0,0.193,0.0,1.19,65.09,49.86,15.23,0.8461,1,0
REQ-000877,17,TECH_CORRIDOR,DOWNTOWN,XL,5.24,12.2,FOG,0.0,10.0,5.1,0.82,0,43,45,1.05,REGULAR,24.32,0.2,0.643,0.0,0.25,2.09,50.83,40.77,10.06,0.3879,0,0
REQ-000878,3,AIRPORT,DOWNTOWN,PREMIUM,18.33,45.6,CLEAR,0.0,10.0,15.4,0.12,0,11,15,1.36,GOLD,98.08,0.0,0.0,0.126,0.15,1.28,125.54,96.9,28.64,0.8774,1,0
REQ-000879,21,TECH_CORRIDOR,AIRPORT,COMFORT,22.38,69.3,CLEAR,0.0,10.0,6.1,0.07,1,47,45,0.96,REGULAR,72.61,0.0,0.12,0.0,0.0,1.12,81.32,61.86,19.46,0.8667,1,0
REQ-000880,17,FINANCIAL_DISTRICT,SUBURB_NORTH,XL,23.86,48.0,DRIZZLE,0.0,10.0,25.6,0.83,0,9,30,3.33,REGULAR,84.91,0.1,0.66,0.816,0.25,2.83,240.3,195.76,44.54,0.0969,0,0
REQ-000881,7,AIRPORT,TECH_CORRIDOR,STANDARD,4.49,13.4,CLEAR,0.0,10.0,21.5,0.81,2,50,49,0.98,REGULAR,13.3,0.05,0.869,0.0,0.2,2.12,28.2,22.64,5.56,0.371,0,0
REQ-000882,13,SUBURB_NORTH,TECH_CORRIDOR,COMFORT,8.04,24.0,RAIN,8.3,7.0,15.4,0.2,0,51,72,1.41,REGULAR,28.57,0.343,0.0,0.143,0.0,1.49,42.57,33.33,9.24,0.7279,0,0
REQ-000883,14,AIRPORT,SUBURB_NORTH,STANDARD,14.97,39.8,DRIZZLE,0.0,10.0,15.1,0.29,0,58,61,1.05,REGULAR,35.64,0.1,0.014,0.0,0.0,1.11,39.56,30.06,9.5,0.8694,1,0
REQ-000884,12,SUBURB_NORTH,AIRPORT,COMFORT,20.59,63.0,DRIZZLE,0.0,10.0,17.7,0.42,0,36,12,0.33,REGULAR,66.82,0.1,0.069,0.0,0.0,1.17,78.18,59.77,18.41,0.8522,1,0
REQ-000885,13,SUBURB_NORTH,DOWNTOWN,PREMIUM,13.34,32.3,CLEAR,0.0,10.0,11.9,0.2,0,18,38,2.11,GOLD,72.8,0.0,0.0,0.388,0.0,1.39,101.19,78.73,22.46,0.8461,1,0
REQ-000886,7,TECH_CORRIDOR,FINANCIAL_DISTRICT,STANDARD,27.46,63.4,CLEAR,0.0,10.0,29.7,0.71,1,13,77,5.92,PLATINUM,59.52,0.0,0.606,1.2,0.2,3.01,179.16,146.33,32.83,0.139,0,0
REQ-000887,7,AIRPORT,FINANCIAL_DISTRICT,PREMIUM,9.24,28.5,CLEAR,0.0,10.0,9.5,0.79,0,58,32,0.55,REGULAR,58.09,0.0,0.599,0.0,0.2,1.8,104.56,83.07,21.49,0.5597,1,0
REQ-000888,19,SUBURB_NORTH,FINANCIAL_DISTRICT,COMFORT,2.45,7.7,RAIN,3.8,4.4,27.1,0.46,0,54,32,0.59,REGULAR,12.01,0.293,0.093,0.0,0.25,1.64,19.7,15.54,4.16,0.6511,0,0
REQ-000889,16,FINANCIAL_DISTRICT,DOWNTOWN,XL,24.24,69.6,RAIN,9.0,7.6,15.6,0.24,0,46,57,1.24,REGULAR,98.66,0.351,0.003,0.084,0.0,1.44,142.07,110.89,31.18,0.751,1,0
REQ-000890,5,FINANCIAL_DISTRICT,TECH_CORRIDOR,COMFORT,20.47,57.3,DRIZZLE,0.0,10.0,25.4,0.2,1,37,77,2.08,GOLD,64.07,0.1,0.12,0.378,0.0,1.6,102.51,80.73,21.78,0.7685,1,0
REQ-000891,11,SUBURB_NORTH,TECH_CORRIDOR,PREMIUM,27.01,84.3,RAIN,9.9,7.4,15.9,0.42,0,16,14,0.88,REGULAR,155.29,0.361,0.069,0.0,0.0,1.43,222.06,173.22,48.84,0.7555,1,0
REQ-000892,12,AIRPORT,SUBURB_NORTH,STANDARD,17.71,42.1,CLEAR,0.0,10.0,5.6,0.35,0,56,28,0.5,REGULAR,39.87,0.0,0.034,0.0,0.0,1.03,41.07,30.92,10.15,0.8897,1,0
REQ-000893,7,FINANCIAL_DISTRICT,SUBURB_NORTH,PREMIUM,8.36,15.2,THUNDERSTORM,30.1,1.5,24.2,0.49,1,11,41,3.73,PLATINUM,44.33,1.2,0.233,0.955,0.2,3.5,155.16,127.45,27.71,0.0474,0,1
REQ-000894,12,DOWNTOWN,SUBURB_NORTH,XL,3.38,8.3,HEAVY_RAIN,54.9,0.7,12.9,0.27,1,38,18,0.47,REGULAR,18.08,1.2,0.129,0.0,0.0,2.33,42.13,34.0,8.13,0.2627,1,0
REQ-000895,22,TECH_CORRIDOR,FINANCIAL_DISTRICT,STANDARD,27.79,55.7,DRIZZLE,0.0,10.0,6.6,0.3,0,29,68,2.34,REGULAR,57.24,0.1,0.017,0.469,0.0,1.59,91.01,71.63,19.38,0.6779,1,0
REQ-000896,13,AIRPORT,DOWNTOWN,STANDARD,24.97,71.5,RAIN,3.4,7.1,24.7,0.08,0,32,52,1.62,REGULAR,59.23,0.288,0.0,0.217,0.0,1.51,89.44,70.1,19.34,0.7183,1,0
REQ-000897,19,AIRPORT,FINANCIAL_DISTRICT,COMFORT,21.81,45.3,CLEAR,0.0,10.0,15.6,0.54,0,44,34,0.77,REGULAR,60.87,0.0,0.282,0.0,0.25,1.53,93.13,73.07,20.06,0.7085,0,0
REQ-000898,2,FINANCIAL_DISTRICT,TECH_CORRIDOR,XL,27.75,58.1,CLEAR,0.0,10.0,6.0,0.36,0,18,73,4.06,REGULAR,99.14,0.0,0.039,1.071,0.15,2.26,224.06,180.54,43.52,0.2965,0,0
REQ-000899,17,AIRPORT,SUBURB_NORTH,PREMIUM,26.85,58.0,CLEAR,0.0,10.0,29.3,0.68,0,51,76,1.49,REGULAR,132.48,0.004,0.446,0.171,0.25,1.87,247.74,197.33,50.41,0.518,0,0
REQ-000900,16,FINANCIAL_DISTRICT,AIRPORT,STANDARD,13.28,29.0,CLEAR,0.0,10.0,31.3,0.07,0,24,23,0.96,GOLD,29.75,0.079,0.0,0.0,0.0,1.08,32.13,24.34,7.79,0.9204,1,0
REQ-000901,22,FINANCIAL_DISTRICT,AIRPORT,PREMIUM,25.53,79.1,CLEAR,0.0,10.0,14.8,0.22,0,18,71,3.94,PLATINUM,146.71,0.004,0.001,1.029,0.0,2.03,297.82,238.48,59.34,0.629,0,0
REQ-000902,13,AIRPORT,DOWNTOWN,PREMIUM,12.55,30.2,CLEAR,0.0,10.0,5.8,0.1,0,39,60,1.54,REGULAR,68.81,0.063,0.0,0.189,0.0,1.25,86.01,66.23,19.78,0.8264,1,0
REQ-000903,5,FINANCIAL_DISTRICT,SUBURB_NORTH,COMFORT,17.87,36.3,DRIZZLE,0.0,10.0,21.0,0.09,1,55,11,0.2,REGULAR,50.33,0.138,0.12,0.0,0.0,1.26,63.42,48.87,14.55,0.8229,1,0
REQ-000904,4,DOWNTOWN,AIRPORT,STANDARD,2.05,4.2,CLEAR,0.0,10.0,27.8,0.42,0,13,15,1.15,REGULAR,7.03,0.0,0.069,0.0,0.0,1.07,7.52,5.69,1.83,0.88,1,0
REQ-000905,6,DOWNTOWN,FINANCIAL_DISTRICT,STANDARD,27.69,73.7,RAIN,13.8,7.3,18.2,0.17,0,47,46,0.98,REGULAR,63.4,0.405,0.0,0.0,0.0,1.41,89.39,69.64,19.75,0.7642,1,0
REQ-000906,9,AIRPORT,FINANCIAL_DISTRICT,STANDARD,14.91,31.5,CLEAR,0.0,10.0,28.0,0.71,0,40,49,1.23,REGULAR,32.66,0.0,0.486,0.08,0.2,1.77,57.81,45.87,11.94,0.5774,0,0
REQ-000907,21,SUBURB_NORTH,TECH_CORRIDOR,COMFORT,22.65,67.6,CLEAR,0.0,10.0,11.5,0.11,1,45,25,0.56,REGULAR,72.29,0.0,0.12,0.0,0.0,1.12,80.96,61.59,19.37,0.8667,0,0
REQ-000908,10,FINANCIAL_DISTRICT,AIRPORT,STANDARD,9.34,21.2,DRIZZLE,0.0,10.0,24.4,0.1,0,43,48,1.12,PLATINUM,22.1,0.1,0.0,0.0,0.0,1.1,24.31,18.45,5.86,0.9405,1,0
REQ-000909,2,SUBURB_NORTH,DOWNTOWN,XL,6.07,12.6,CLEAR,0.0,10.0,27.7,0.21,0,33,51,1.55,REGULAR,26.31,0.023,0.0,0.193,0.15,1.37,36.04,28.0,8.04,0.7811,0,0
REQ-000910,8,SUBURB_NORTH,AIRPORT,COMFORT,2.19,6.3,CLEAR,0.0,10.0,18.1,0.47,0,46,73,1.59,PLATINUM,10.94,0.079,0.099,0.207,0.2,1.58,17.29,13.6,3.69,0.8331,0,0
REQ-000911,22,FINANCIAL_DISTRICT,TECH_CORRIDOR,STANDARD,22.04,59.2,CLEAR,0.0,10.0,21.6,0.09,0,20,37,1.85,REGULAR,51.27,0.0,0.0,0.297,0.0,1.3,66.65,51.53,15.12,0.8085,1,0
REQ-000912,19,TECH_CORRIDOR,AIRPORT,PREMIUM,25.13,80.2,THUNDERSTORM,27.9,2.4,24.7,0.83,0,56,68,1.21,REGULAR,146.53,1.124,0.66,0.073,0.25,3.11,455.71,372.7,83.01,0.052,0,0
REQ-000913,14,SUBURB_NORTH,DOWNTOWN,PREMIUM,23.57,56.2,THUNDERSTORM,44.4,1.1,13.5,0.23,0,10,39,3.9,REGULAR,121.77,1.2,0.002,1.015,0.0,3.22,392.1,321.11,70.99,0.0404,0,0
REQ-000914,14,SUBURB_NORTH,AIRPORT,STANDARD,15.8,29.3,CLEAR,0.0,10.0,5.1,0.08,0,42,63,1.5,REGULAR,33.0,0.0,0.0,0.175,0.0,1.18,38.94,29.8,9.14,0.8492,0,0
REQ-000915,21,AIRPORT,DOWNTOWN,PREMIUM,27.71,58.2,DRIZZLE,0.0,10.0,26.1,0.42,0,19,79,4.16,REGULAR,135.06,0.138,0.069,1.106,0.0,2.31,311.99,251.69,60.3,0.2721,1,0
REQ-000916,0,SUBURB_NORTH,DOWNTOWN,XL,18.82,58.8,CLEAR,0.0,10.0,30.1,0.12,0,18,64,3.56,REGULAR,80.8,0.001,0.0,0.896,0.15,2.05,165.64,132.71,32.93,0.411,1,0
REQ-000917,20,DOWNTOWN,SUBURB_NORTH,XL,27.95,77.4,CLEAR,0.0,10.0,31.5,0.39,1,23,18,0.78,GOLD,111.14,0.044,0.173,0.0,0.0,1.22,135.59,104.14,31.45,0.8921,1,0
REQ-000918,16,AIRPORT,FINANCIAL_DISTRICT,STANDARD,21.89,49.7,RAIN,12.4,5.9,8.3,0.16,1,58,21,0.36,REGULAR,47.75,0.39,0.12,0.0,0.0,1.51,72.1,56.51,15.59,0.7183,1,0
REQ-000919,2,FINANCIAL_DISTRICT,SUBURB_NORTH,STANDARD,25.68,68.5,FOG,0.0,10.0,9.4,0.26,0,56,54,0.96,REGULAR,59.07,0.2,0.007,0.0,0.15,1.36,80.34,62.38,17.96,0.7852,0,0
REQ-000920,20,SUBURB_NORTH,DOWNTOWN,PREMIUM,7.52,15.5,CLEAR,0.0,10.0,20.8,0.44,0,57,73,1.28,REGULAR,42.23,0.0,0.08,0.098,0.0,1.18,49.83,38.13,11.7,0.8492,1,0
REQ-000921,6,AIRPORT,SUBURB_NORTH,COMFORT,25.4,47.0,CLEAR,0.0,10.0,14.6,0.42,0,8,50,6.25,GOLD,67.56,0.078,0.069,1.2,0.0,2.35,158.77,128.2,30.57,0.3543,1,0
REQ-000922,17,DOWNTOWN,FINANCIAL_DISTRICT,COMFORT,14.31,36.8,RAIN,7.1,6.5,5.9,0.54,0,26,14,0.54,GOLD,44.67,0.362,0.283,0.0,0.25,1.9,84.87,67.67,17.2,0.6177,1,0
REQ-000923,8,AIRPORT,FINANCIAL_DISTRICT,XL,23.21,74.2,CLEAR,0.0,10.0,16.1,0.64,1,27,48,1.78,REGULAR,99.26,0.0,0.515,0.273,0.2,1.99,197.53,157.97,39.56,0.4462,1,0
REQ-000924,16,AIRPORT,SUBURB_NORTH,COMFORT,20.51,61.9,DRIZZLE,0.0,10.0,28.0,0.09,0,15,33,2.2,REGULAR,66.2,0.1,0.0,0.42,0.0,1.52,100.62,78.91,21.71,0.7134,1,0
REQ-000925,17,DOWNTOWN,AIRPORT,STANDARD,9.19,27.4,RAIN,14.0,4.3,24.2,0.79,0,50,48,0.96,REGULAR,24.08,0.47,0.599,0.0,0.25,2.32,55.87,45.08,10.79,0.2674,0,0
REQ-000926,23,DOWNTOWN,SUBURB_NORTH,PREMIUM,4.42,10.0,CLEAR,0.0,10.0,6.9,0.29,1,38,15,0.39,REGULAR,28.88,0.067,0.134,0.0,0.15,1.35,38.99,30.25,8.74,0.7892,1,0
REQ-000927,7,TECH_CORRIDOR,DOWNTOWN,XL,6.13,19.1,CLEAR,0.0,10.0,9.5,0.66,0,9,70,7.78,REGULAR,30.33,0.0,0.42,1.2,0.2,2.82,85.53,69.67,15.86,0.099,0,0
REQ-000928,8,FINANCIAL_DISTRICT,AIRPORT,PREMIUM,2.14,5.4,DRIZZLE,0.0,10.0,24.7,0.62,0,47,59,1.26,REGULAR,18.58,0.134,0.372,0.091,0.2,1.8,33.44,26.57,6.87,0.5597,1,0
REQ-000929,18,AIRPORT,FINANCIAL_DISTRICT,PREMIUM,27.32,64.9,CLEAR,0.0,10.0,11.7,0.46,0,39,10,0.26,PLATINUM,139.67,0.039,0.093,0.0,0.25,1.38,192.74,149.86,42.88,0.8897,1,0
REQ-000930,18,FINANCIAL_DISTRICT,SUBURB_NORTH,COMFORT,16.99,50.0,CLEAR,0.0,10.0,23.1,0.42,0,54,19,0.35,REGULAR,55.03,0.0,0.069,0.0,0.25,1.32,72.64,56.24,16.4,0.8009,1,0
REQ-000931,22,FINANCIAL_DISTRICT,SUBURB_NORTH,STANDARD,16.94,46.0,CLEAR,0.0,10.0,23.8,0.19,0,49,25,0.51,GOLD,40.28,0.0,0.0,0.0,0.0,1.0,40.28,30.21,10.07,0.9334,1,0
REQ-000932,20,SUBURB_NORTH,TECH_CORRIDOR,XL,13.53,28.2,CLEAR,0.0,10.0,15.5,0.32,0,39,45,1.15,REGULAR,51.33,0.0,0.023,0.0,0.0,1.02,52.36,39.37,12.99,0.8921,1,0
REQ-000933,1,SUBURB_NORTH,TECH_CORRIDOR,COMFORT,3.6,11.0,RAIN,9.3,4.8,8.0,0.16,0,38,77,2.03,REGULAR,15.39,0.355,0.0,0.36,0.15,1.86,28.63,22.8,5.83,0.524,1,0
REQ-000934,15,AIRPORT,FINANCIAL_DISTRICT,PREMIUM,7.22,21.7,SNOW,6.2,5.9,-13.0,0.31,0,43,75,1.74,REGULAR,46.67,0.746,0.02,0.259,0.0,2.02,94.27,75.46,18.81,0.4285,1,0
REQ-000935,21,AIRPORT,SUBURB_NORTH,XL,19.94,43.5,CLEAR,0.0,10.0,13.4,0.08,0,26,42,1.62,GOLD,73.97,0.0,0.0,0.217,0.0,1.22,90.24,69.31,20.93,0.8921,1,0
REQ-000936,0,TECH_CORRIDOR,FINANCIAL_DISTRICT,PREMIUM,27.41,49.5,CLEAR,0.0,10.0,23.6,0.28,1,20,33,1.65,REGULAR,126.82,0.0,0.131,0.227,0.15,1.51,191.5,150.09,41.41,0.7183,1,0
REQ-000937,21,SUBURB_NORTH,AIRPORT,XL,17.24,46.2,HEAVY_RAIN,44.1,1.9,7.6,0.13,0,29,55,1.9,REGULAR,69.92,1.106,0.0,0.315,0.0,2.42,169.21,136.84,32.37,0.223,0,0
REQ-000938,22,AIRPORT,TECH_CORRIDOR,COMFORT,13.2,34.2,CLEAR,0.0,10.0,20.3,0.21,1,37,62,1.68,REGULAR,41.67,0.0,0.12,0.238,0.0,1.36,56.67,44.0,12.67,0.7852,1,0
REQ-000939,11,DOWNTOWN,TECH_CORRIDOR,COMFORT,7.74,16.3,CLEAR,0.0,10.0,11.9,0.21,0,36,36,1.0,REGULAR,24.61,0.057,0.0,0.0,0.0,1.06,26.09,19.72,6.37,0.8825,0,0
REQ-000940,17,TECH_CORRIDOR,DOWNTOWN,STANDARD,22.94,66.7,RAIN,14.3,5.0,17.9,0.48,0,39,37,0.95,GOLD,55.02,0.411,0.106,0.0,0.25,1.77,97.39,77.28,20.11,0.6883,0,0
REQ-000941,13,DOWNTOWN,FINANCIAL_DISTRICT,COMFORT,26.05,57.0,DRIZZLE,0.0,10.0,30.2,0.27,0,48,12,0.25,REGULAR,73.13,0.108,0.009,0.0,0.0,1.12,81.91,62.31,19.6,0.8667,1,0
REQ-000942,6,FINANCIAL_DISTRICT,AIRPORT,STANDARD,21.04,43.6,CLEAR,0.0,10.0,13.0,0.23,0,54,36,0.67,REGULAR,44.56,0.0,0.002,0.0,0.0,1.0,44.56,33.42,11.14,0.8966,1,0
REQ-000943,5,AIRPORT,TECH_CORRIDOR,COMFORT,19.89,59.0,CLEAR,0.0,10.0,5.2,0.26,0,14,20,1.43,GOLD,63.87,0.0,0.007,0.15,0.0,1.16,74.09,56.59,17.5,0.9052,1,0
REQ-000944,5,FINANCIAL_DISTRICT,TECH_CORRIDOR,STANDARD,13.3,37.0,CLEAR,0.0,10.0,19.0,0.32,0,45,52,1.16,GOLD,32.57,0.0,0.023,0.0,0.0,1.02,33.22,24.98,8.24,0.9303,1,0
REQ-000945,14,TECH_CORRIDOR,FINANCIAL_DISTRICT,PREMIUM,13.05,34.7,CLEAR,0.0,10.0,12.0,0.34,2,33,47,1.42,REGULAR,74.04,0.0,0.27,0.147,0.0,1.42,105.14,81.97,23.17,0.7599,1,0
REQ-000946,22,DOWNTOWN,FINANCIAL_DISTRICT,COMFORT,25.42,53.9,CLEAR,0.0,10.0,28.1,0.21,0,60,27,0.45,REGULAR,70.69,0.0,0.0,0.0,0.0,1.0,70.69,53.02,17.67,0.8966,1,0
REQ-000947,19,FINANCIAL_DISTRICT,AIRPORT,COMFORT,25.61,64.3,CLEAR,0.0,10.0,7.0,0.44,0,24,52,2.17,REGULAR,75.69,0.0,0.08,0.409,0.25,1.74,131.7,104.38,27.32,0.5948,0,0
REQ-000948,7,DOWNTOWN,TECH_CORRIDOR,PREMIUM,24.11,50.3,DRIZZLE,0.0,10.0,7.4,0.6,0,13,51,3.92,REGULAR,118.26,0.1,0.348,1.022,0.2,2.67,315.75,256.56,59.19,0.1361,0,0
REQ-000949,21,AIRPORT,DOWNTOWN,STANDARD,21.9,63.3,DRIZZLE,0.0,10.0,28.3,0.08,0,48,20,0.42,REGULAR,52.53,0.1,0.0,0.0,0.0,1.1,57.78,43.86,13.92,0.8721,1,0
REQ-000950,19,DOWNTOWN,TECH_CORRIDOR,XL,3.49,9.4,CLEAR,0.0,10.0,9.0,0.57,1,40,47,1.18,GOLD,18.97,0.0,0.435,0.0,0.25,1.69,32.06,25.35,6.71,0.7279,1,0
REQ-000951,2,DOWNTOWN,AIRPORT,PREMIUM,9.47,24.0,CLEAR,0.0,10.0,27.3,0.3,1,32,70,2.19,REGULAR,54.92,0.0,0.137,0.416,0.15,1.7,93.36,73.86,19.5,0.6177,1,0
REQ-000952,7,DOWNTOWN,FINANCIAL_DISTRICT,STANDARD,2.07,4.5,CLEAR,0.0,10.0,22.2,0.73,0,32,25,0.78,REGULAR,7.16,0.0,0.511,0.0,0.2,1.71,12.24,9.69,2.55,0.6121,1,0
REQ-000953,9,AIRPORT,FINANCIAL_DISTRICT,XL,11.61,21.7,HEAVY_RAIN,51.4,1.4,6.1,0.68,1,21,40,1.9,REGULAR,43.4,1.2,0.566,0.315,0.2,3.28,142.35,116.66,25.69,0.0352,0,0
REQ-000954,19,TECH_CORRIDOR,SUBURB_NORTH,XL,22.45,40.9,RAIN,14.4,7.4,19.2,0.43,0,33,42,1.27,GOLD,77.69,0.412,0.074,0.095,0.25,1.83,142.17,113.08,29.09,0.6566,1,0
REQ-000955,20,TECH_CORRIDOR,DOWNTOWN,XL,18.27,39.5,CLEAR,0.0,10.0,30.6,0.42,0,56,34,0.61,REGULAR,68.07,0.0,0.069,0.0,0.0,1.07,72.83,55.1,17.73,0.88,1,0
REQ-000956,12,AIRPORT,FINANCIAL_DISTRICT,COMFORT,19.5,39.0,DRIZZLE,0.0,10.0,13.0,0.28,0,34,48,1.41,REGULAR,54.22,0.1,0.011,0.143,0.0,1.25,67.78,52.19,15.59,0.8264,1,0
REQ-000957,13,SUBURB_NORTH,FINANCIAL_DISTRICT,XL,20.78,62.0,CLEAR,0.0,10.0,13.4,0.08,0,26,59,2.27,REGULAR,86.84,0.015,0.0,0.444,0.0,1.46,126.79,99.09,27.7,0.7419,0,0
REQ-000958,23,AIRPORT,SUBURB_NORTH,STANDARD,6.85,19.9,DRIZZLE,0.0,10.0,14.2,0.17,0,9,20,2.22,REGULAR,18.52,0.1,0.0,0.427,0.15,1.68,31.11,24.59,6.52,0.629,1,0
REQ-000959,11,AIRPORT,SUBURB_NORTH,STANDARD,22.07,62.3,CLEAR,0.0,10.0,23.8,0.38,0,16,69,4.31,REGULAR,52.39,0.0,0.048,1.158,0.0,2.21,115.78,93.17,22.61,0.3221,0,0
REQ-000960,9,AIRPORT,DOWNTOWN,XL,19.86,37.3,CLEAR,0.0,10.0,29.7,0.74,0,24,50,2.08,GOLD,70.09,0.0,0.527,0.378,0.2,2.11,147.89,118.7,29.19,0.494,1,0
REQ-000961,14,FINANCIAL_DISTRICT,AIRPORT,STANDARD,4.34,12.1,CLEAR,0.0,10.0,24.5,0.27,0,45,21,0.47,REGULAR,12.65,0.018,0.009,0.0,0.0,1.03,13.03,9.81,3.22,0.8897,1,0
REQ-000962,1,FINANCIAL_DISTRICT,AIRPORT,PREMIUM,18.74,60.0,HEAVY_RAIN,54.2,2.3,30.8,0.29,0,28,59,2.11,REGULAR,111.47,1.2,0.014,0.388,0.15,2.75,306.54,249.41,57.13,0.1151,0,0
REQ-000963,0,SUBURB_NORTH,DOWNTOWN,STANDARD,25.7,53.8,FOG,0.0,10.0,5.8,0.36,1,16,77,4.81,PLATINUM,53.95,0.2,0.159,1.2,0.15,2.71,146.2,118.87,27.33,0.249,1,0
REQ-000964,23,SUBURB_NORTH,AIRPORT,PREMIUM,18.56,46.3,CLEAR,0.0,10.0,31.4,0.34,2,47,37,0.79,REGULAR,99.32,0.0,0.27,0.0,0.15,1.42,141.03,109.94,31.09,0.7599,1,0
REQ-000965,3,AIRPORT,FINANCIAL_DISTRICT,STANDARD,3.98,10.5,HEAVY_RAIN,45.6,1.9,7.9,0.14,0,9,27,3.0,GOLD,11.64,1.123,0.0,0.7,0.15,2.97,34.57,28.22,6.35,0.1103,0,0
REQ-000966,2,FINANCIAL_DISTRICT,AIRPORT,COMFORT,17.77,44.6,CLEAR,0.0,10.0,12.4,0.08,0,55,47,0.85,REGULAR,53.89,0.0,0.0,0.0,0.15,1.15,61.97,47.29,14.68,0.8581,1,0
REQ-000967,15,DOWNTOWN,SUBURB_NORTH,STANDARD,22.23,50.5,THUNDERSTORM,37.1,2.9,25.1,0.09,0,9,15,1.67,PLATINUM,48.46,1.177,0.0,0.234,0.0,2.41,116.79,94.43,22.36,0.4052,0,0
REQ-000968,2,DOWNTOWN,AIRPORT,XL,12.16,36.9,RAIN,12.2,5.5,23.5,0.43,0,57,37,0.65,REGULAR,53.68,0.387,0.074,0.0,0.15,1.61,86.42,68.09,18.33,0.6673,1,0
REQ-000969,20,DOWNTOWN,TECH_CORRIDOR,COMFORT,13.34,26.0,HEAVY_RAIN,37.0,1.9,29.4,0.44,0,10,24,2.4,REGULAR,38.21,1.026,0.08,0.49,0.0,2.6,99.35,80.63,18.72,0.1571,0,0
REQ-000970,21,DOWNTOWN,TECH_CORRIDOR,COMFORT,10.91,23.3,THUNDERSTORM,49.5,1.8,16.0,0.31,0,14,57,4.07,REGULAR,32.99,1.2,0.02,1.075,0.0,3.29,108.54,88.96,19.58,0.0344,0,0
REQ-000971,2,TECH_CORRIDOR,DOWNTOWN,XL,27.82,72.7,RAIN,6.4,4.7,5.4,0.45,0,56,63,1.12,GOLD,108.04,0.402,0.086,0.0,0.15,1.64,177.19,139.81,37.38,0.751,1,0
REQ-000972,4,SUBURB_NORTH,AIRPORT,PREMIUM,4.33,11.0,CLEAR,0.0,10.0,14.9,0.43,0,14,47,3.36,REGULAR,29.47,0.0,0.074,0.826,0.0,1.9,55.99,44.64,11.35,0.5,0,0
REQ-000973,7,AIRPORT,FINANCIAL_DISTRICT,COMFORT,25.15,49.1,CLEAR,0.0,10.0,8.8,0.58,0,34,12,0.35,PLATINUM,68.1,0.073,0.326,0.0,0.2,1.6,108.96,85.81,23.15,0.8264,1,0
REQ-000974,0,SUBURB_NORTH,DOWNTOWN,PREMIUM,21.86,69.1,DRIZZLE,0.0,10.0,9.7,0.27,0,46,38,0.83,REGULAR,127.94,0.1,0.009,0.0,0.15,1.26,161.2,124.23,36.97,0.8229,1,0
REQ-000975,0,AIRPORT,FINANCIAL_DISTRICT,COMFORT,19.09,49.4,HEAVY_RAIN,59.2,2.6,29.2,0.4,1,17,65,3.82,REGULAR,58.23,1.2,0.178,0.987,0.15,3.5,203.8,167.41,36.39,0.021,0,1
REQ-000976,21,FINANCIAL_DISTRICT,TECH_CORRIDOR,XL,16.16,32.4,CLEAR,0.0,10.0,26.2,0.2,0,21,11,0.52,REGULAR,59.38,0.0,0.0,0.0,0.0,1.0,59.38,44.54,14.84,0.8966,1,0
REQ-000977,10,DOWNTOWN,AIRPORT,COMFORT,22.99,51.5,FOG,0.0,10.0,25.3,0.13,0,23,49,2.13,GOLD,65.61,0.2,0.0,0.395,0.0,1.59,104.32,82.11,22.21,0.7728,1,0
REQ-000978,0,DOWNTOWN,FINANCIAL_DISTRICT,COMFORT,14.44,30.5,DRIZZLE,0.0,10.0,18.9,0.41,0,15,59,3.93,REGULAR,42.05,0.1,0.063,1.026,0.15,2.34,98.4,79.44,18.96,0.2581,1,0
REQ-000979,16,FINANCIAL_DISTRICT,SUBURB_NORTH,STANDARD,3.25,6.2,CLEAR,0.0,10.0,22.5,0.3,1,55,51,0.93,REGULAR,9.23,0.0,0.137,0.0,0.0,1.14,10.52,8.02,2.5,0.861,1,0
REQ-000980,1,FINANCIAL_DISTRICT,AIRPORT,PREMIUM,18.69,50.0,RAIN,5.6,5.1,5.5,0.23,0,53,67,1.26,GOLD,102.83,0.313,0.002,0.091,0.15,1.56,160.41,126.07,34.34,0.7852,1,0
REQ-000981,2,SUBURB_NORTH,FINANCIAL_DISTRICT,COMFORT,10.96,28.3,RAIN,8.9,6.5,17.8,0.07,0,46,18,0.39,GOLD,35.32,0.35,0.0,0.0,0.15,1.5,52.98,41.5,11.48,0.8085,1,0
REQ-000982,14,SUBURB_NORTH,AIRPORT,STANDARD,27.23,56.6,CLEAR,0.0,10.0,30.3,0.18,0,30,61,2.03,REGULAR,56.85,0.068,0.0,0.36,0.0,1.43,81.3,63.42,17.88,0.7555,1,0
REQ-000983,5,DOWNTOWN,TECH_CORRIDOR,STANDARD,7.33,23.4,DRIZZLE,0.0,10.0,7.1,0.2,0,60,75,1.25,PLATINUM,20.35,0.1,0.0,0.087,0.0,1.19,24.22,18.55,5.67,0.9272,1,0
REQ-000984,14,SUBURB_NORTH,TECH_CORRIDOR,XL,11.78,24.3,CLEAR,0.0,10.0,23.0,0.16,1,18,51,2.83,REGULAR,45.32,0.0,0.12,0.64,0.0,1.76,79.76,63.26,16.5,0.5832,0,0
REQ-000985,1,AIRPORT,DOWNTOWN,STANDARD,13.21,29.0,CLEAR,0.0,10.0,10.5,0.09,0,17,69,4.06,GOLD,29.66,0.0,0.0,1.071,0.15,2.22,65.85,53.01,12.84,0.4285,0,0
REQ-000986,20,TECH_CORRIDOR,FINANCIAL_DISTRICT,COMFORT,3.95,11.7,CLEAR,0.0,10.0,18.3,0.26,0,24,76,3.17,PLATINUM,16.28,0.028,0.007,0.759,0.0,1.79,29.14,23.14,6.0,0.751,1,0
REQ-000987,14,TECH_CORRIDOR,AIRPORT,PREMIUM,22.39,61.8,CLEAR,0.0,10.0,16.5,0.4,0,40,32,0.8,REGULAR,123.22,0.029,0.058,0.0,0.0,1.09,134.31,101.84,32.47,0.8748,0,0
REQ-000988,23,SUBURB_NORTH,DOWNTOWN,XL,7.95,22.7,CLEAR,0.0,10.0,26.2,0.34,0,15,68,4.53,REGULAR,36.32,0.0,0.03,1.2,0.15,2.38,86.44,69.84,16.6,0.2401,1,0
REQ-000989,0,SUBURB_NORTH,FINANCIAL_DISTRICT,PREMIUM,15.48,45.4,CLEAR,0.0,10.0,5.1,0.08,0,48,54,1.12,REGULAR,89.93,0.0,0.0,0.0,0.15,1.15,103.42,78.91,24.51,0.8581,1,0
REQ-000990,14,SUBURB_NORTH,AIRPORT,STANDARD,22.21,56.7,THUNDERSTORM,47.5,1.5,9.1,0.31,0,44,27,0.61,REGULAR,50.6,1.2,0.02,0.0,0.0,2.22,112.33,90.42,21.91,0.3169,0,0
REQ-000991,17,SUBURB_NORTH,DOWNTOWN,XL,8.12,21.7,CLEAR,0.0,10.0,19.8,0.47,0,29,14,0.48,PLATINUM,36.07,0.0,0.099,0.0,0.25,1.35,48.69,37.78,10.91,0.8966,1,0
REQ-000992,4,FINANCIAL_DISTRICT,TECH_CORRIDOR,XL,15.19,33.5,CLEAR,0.0,10.0,21.4,0.29,0,13,46,3.54,REGULAR,58.0,0.035,0.014,0.889,0.0,1.94,112.52,89.84,22.68,0.476,0,0
REQ-000993,11,TECH_CORRIDOR,SUBURB_NORTH,STANDARD,20.08,48.6,THUNDERSTORM,29.4,1.9,17.1,0.27,0,47,67,1.43,REGULAR,45.11,1.191,0.009,0.15,0.0,2.35,106.01,85.6,20.41,0.2535,0,0
REQ-000994,12,TECH_CORRIDOR,DOWNTOWN,PREMIUM,14.87,37.8,CLEAR,0.0,10.0,28.1,0.22,0,16,50,3.12,REGULAR,81.77,0.0,0.001,0.742,0.0,1.74,142.28,112.76,29.52,0.5948,1,0
REQ-000995,20,DOWNTOWN,SUBURB_NORTH,STANDARD,12.36,25.5,RAIN,7.4,6.8,28.8,0.4,0,54,52,0.96,REGULAR,27.37,0.333,0.058,0.0,0.0,1.39,38.04,29.6,8.44,0.7728,1,0
REQ-000996,23,DOWNTOWN,FINANCIAL_DISTRICT,COMFORT,9.27,23.7,CLEAR,0.0,10.0,15.1,0.42,0,20,27,1.35,REGULAR,30.46,0.0,0.069,0.123,0.15,1.34,40.82,31.65,9.17,0.7931,0,0
REQ-000997,17,AIRPORT,FINANCIAL_DISTRICT,COMFORT,18.48,36.7,RAIN,13.2,7.2,27.4,0.82,0,44,23,0.52,REGULAR,51.51,0.398,0.644,0.0,0.25,2.29,117.96,95.11,22.85,0.2817,1,0
REQ-000998,15,DOWNTOWN,SUBURB_NORTH,COMFORT,15.86,36.1,CLEAR,0.0,10.0,30.5,0.44,0,22,38,1.73,REGULAR,46.92,0.0,0.08,0.256,0.0,1.34,62.87,48.75,14.12,0.7931,1,0
REQ-000999,3,AIRPORT,DOWNTOWN,COMFORT,24.37,75.9,DRIZZLE,0.0,10.0,15.6,0.43,0,32,51,1.59,REGULAR,78.87,0.1,0.074,0.207,0.15,1.53,120.67,94.68,25.99,0.7085,1,0
REQ-001000,20,SUBURB_NORTH,AIRPORT,XL,7.83,16.2,DRIZZLE,0.0,10.0,28.7,0.38,1,15,71,4.73,REGULAR,32.16,0.15,0.168,1.2,0.0,2.52,81.04,65.67,15.37,0.1842,1,0
REQ-001001,11,FINANCIAL_DISTRICT,SUBURB_NORTH,COMFORT,9.0,16.7,CLEAR,0.0,10.0,13.3,0.23,0,14,37,2.64,GOLD,26.86,0.0,0.002,0.574,0.0,1.58,42.44,33.39,9.05,0.777,1,0
REQ-001002,3,FINANCIAL_DISTRICT,TECH_CORRIDOR,PREMIUM,20.92,65.5,CLEAR,0.0,10.0,16.5,0.07,0,17,23,1.35,REGULAR,122.25,0.037,0.0,0.123,0.15,1.31,160.15,123.9,36.25,0.8047,1,0
REQ-001003,16,DOWNTOWN,FINANCIAL_DISTRICT,XL,6.61,15.4,SNOW,4.5,6.4,-14.1,0.1,0,16,40,2.5,GOLD,29.12,0.734,0.0,0.525,0.0,2.26,65.81,53.03,12.78,0.4052,0,0
REQ-001004,17,AIRPORT,TECH_CORRIDOR,COMFORT,25.14,78.2,RAIN,12.7,5.7,6.6,0.75,0,36,78,2.17,REGULAR,81.17,0.393,0.54,0.409,0.25,2.59,210.23,170.58,39.65,0.1603,0,0
REQ-001005,23,FINANCIAL_DISTRICT,AIRPORT,PREMIUM,20.36,51.2,HEAVY_RAIN,31.2,2.1,24.8,0.2,0,47,46,0.98,REGULAR,108.53,0.941,0.0,0.0,0.15,2.09,226.83,181.95,44.88,0.3879,1,0
REQ-001006,10,TECH_CORRIDOR,DOWNTOWN,STANDARD,23.12,55.5,CLEAR,0.0,10.0,30.2,0.07,0,48,39,0.81,REGULAR,51.32,0.0,0.0,0.0,0.0,1.0,51.32,38.49,12.83,0.8966,1,0
REQ-001007,3,DOWNTOWN,AIRPORT,COMFORT,18.71,55.3,RAIN,13.4,4.3,5.2,0.06,0,43,33,0.77,REGULAR,60.25,0.401,0.0,0.0,0.15,1.55,93.39,73.36,20.03,0.6985,1,0
REQ-001008,15,AIRPORT,TECH_CORRIDOR,PREMIUM,17.25,55.1,CLEAR,0.0,10.0,31.0,0.42,0,58,66,1.14,GOLD,103.14,0.0,0.069,0.0,0.0,1.07,110.36,83.49,26.87,0.9222,1,0
REQ-001009,23,SUBURB_NORTH,FINANCIAL_DISTRICT,STANDARD,5.37,16.0,RAIN,14.0,5.2,30.6,0.14,0,59,23,0.39,GOLD,15.31,0.407,0.0,0.0,0.15,1.56,23.88,18.77,5.11,0.7852,1,0
REQ-001010,20,DOWNTOWN,AIRPORT,COMFORT,17.77,53.8,CLEAR,0.0,10.0,13.2,0.2,1,13,76,5.85,REGULAR,58.03,0.0,0.12,1.2,0.0,2.32,134.63,108.63,26.0,0.2674,1,0
REQ-001011,15,FINANCIAL_DISTRICT,AIRPORT,PREMIUM,10.97,27.9,CLEAR,0.0,10.0,24.1,0.12,0,37,51,1.38,REGULAR,62.43,0.0,0.0,0.133,0.0,1.13,70.55,53.72,16.83,0.8639,0,0
REQ-001012,18,TECH_CORRIDOR,AIRPORT,PREMIUM,5.53,11.2,SNOW,6.9,6.5,-3.4,0.6,0,54,23,0.43,REGULAR,33.0,0.546,0.349,0.0,0.25,2.15,70.95,57.01,13.94,0.3543,0,0
REQ-001013,14,FINANCIAL_DISTRICT,TECH_CORRIDOR,STANDARD,18.78,38.4,DRIZZLE,0.0,10.0,10.4,0.34,0,19,13,0.68,REGULAR,39.92,0.118,0.03,0.0,0.0,1.15,45.91,35.03,10.88,0.8581,1,0
REQ-001014,23,TECH_CORRIDOR,FINANCIAL_DISTRICT,PREMIUM,24.92,78.2,CLEAR,0.0,10.0,13.8,0.08,0,17,40,2.35,GOLD,144.25,0.038,0.0,0.472,0.15,1.66,239.45,189.11,50.34,0.7419,1,0
REQ-001015,8,AIRPORT,FINANCIAL_DISTRICT,COMFORT,10.33,32.2,CLEAR,0.0,10.0,18.2,0.73,0,59,60,1.02,REGULAR,36.03,0.0,0.513,0.0,0.2,1.71,61.61,48.77,12.84,0.6121,0,0
REQ-001016,15,TECH_CORRIDOR,AIRPORT,XL,24.5,63.9,DRIZZLE,0.0,10.0,24.6,0.23,0,36,10,0.28,REGULAR,95.79,0.1,0.002,0.0,0.0,1.1,105.37,79.99,25.38,0.8721,1,0
REQ-001017,19,DOWNTOWN,AIRPORT,STANDARD,10.61,29.0,CLEAR,0.0,10.0,19.2,0.45,0,28,27,0.96,REGULAR,26.41,0.0,0.086,0.0,0.25,1.34,35.39,27.44,7.95,0.7931,1,0
REQ-001018,3,TECH_CORRIDOR,FINANCIAL_DISTRICT,COMFORT,5.88,17.3,CLEAR,0.0,10.0,14.8,0.34,1,20,32,1.6,REGULAR,21.99,0.001,0.15,0.21,0.15,1.51,33.2,26.02,7.18,0.7183,1,0
REQ-001019,18,TECH_CORRIDOR,SUBURB_NORTH,PREMIUM,15.48,38.8,CLEAR,0.0,10.0,23.5,0.72,0,30,33,1.1,REGULAR,84.32,0.0,0.5,0.0,0.25,1.75,147.56,116.99,30.57,0.589,1,0
REQ-001020,7,DOWNTOWN,FINANCIAL_DISTRICT,COMFORT,2.45,7.8,THUNDERSTORM,45.8,2.5,28.1,0.45,1,18,36,2.0,GOLD,12.05,1.2,0.206,0.35,0.2,2.96,35.67,29.11,6.56,0.1126,0,0
REQ-001021,23,DOWNTOWN,FINANCIAL_DISTRICT,COMFORT,18.72,38.1,SNOW,12.0,6.7,-12.0,0.4,0,60,35,0.58,PLATINUM,52.53,0.775,0.058,0.0,0.15,1.98,104.01,83.16,20.85,0.6566,1,0
REQ-001022,19,SUBURB_NORTH,DOWNTOWN,COMFORT,19.86,49.6,SNOW,4.7,4.2,-12.7,0.45,0,37,62,1.68,REGULAR,59.59,0.707,0.086,0.238,0.25,2.28,135.87,109.53,26.34,0.2866,0,0
REQ-001023,3,DOWNTOWN,FINANCIAL_DISTRICT,STANDARD,5.01,11.7,CLEAR,0.0,10.0,9.9,0.34,0,50,77,1.54,GOLD,13.35,0.0,0.03,0.189,0.15,1.37,18.29,14.21,4.08,0.8522,0,0
REQ-001024,12,FINANCIAL_DISTRICT,AIRPORT,STANDARD,9.63,19.9,CLEAR,0.0,10.0,19.5,0.23,0,57,76,1.33,REGULAR,22.0,0.0,0.002,0.116,0.0,1.12,24.64,18.74,5.9,0.8667,1,0
REQ-001025,17,AIRPORT,FINANCIAL_DISTRICT,STANDARD,4.34,7.9,DRIZZLE,0.0,10.0,21.9,0.55,1,50,51,1.02,PLATINUM,11.19,0.1,0.413,0.0,0.25,1.76,19.69,15.62,4.07,0.7642,1,0
REQ-001026,6,AIRPORT,TECH_CORRIDOR,COMFORT,2.44,7.2,RAIN,7.4,7.9,24.5,0.08,0,59,37,0.63,GOLD,11.77,0.367,0.0,0.0,0.0,1.37,16.12,12.53,3.59,0.8522,1,0
REQ-001027,7,AIRPORT,FINANCIAL_DISTRICT,PREMIUM,23.41,67.6,SNOW,4.4,5.1,-9.6,0.57,0,21,13,0.62,REGULAR,131.01,0.641,0.313,0.0,0.2,2.15,281.67,226.32,55.35,0.3543,1,0
REQ-001028,13,FINANCIAL_DISTRICT,DOWNTOWN,COMFORT,27.74,86.1,CLEAR,0.0,10.0,21.6,0.27,0,47,17,0.36,REGULAR,89.01,0.0,0.009,0.0,0.0,1.01,89.9,67.51,22.39,0.8944,1,0
REQ-001029,7,DOWNTOWN,TECH_CORRIDOR,PREMIUM,24.41,44.7,CLEAR,0.0,10.0,28.2,0.83,1,28,43,1.54,PLATINUM,114.35,0.0,0.778,0.189,0.2,2.17,248.14,199.48,48.66,0.5479,1,0
REQ-001030,0,DOWNTOWN,AIRPORT,XL,2.84,5.3,DRIZZLE,0.0,10.0,29.5,0.25,0,31,64,2.06,GOLD,15.14,0.1,0.005,0.371,0.15,1.63,24.68,19.46,5.22,0.7555,1,0
REQ-001031,11,DOWNTOWN,SUBURB_NORTH,PREMIUM,17.34,50.1,CLEAR,0.0,10.0,16.5,0.15,0,59,42,0.71,REGULAR,99.14,0.0,0.0,0.0,0.0,1.0,99.14,74.36,24.78,0.8966,1,0
REQ-001032,1,DOWNTOWN,FINANCIAL_DISTRICT,STANDARD,22.73,57.3,CLEAR,0.0,10.0,26.8,0.22,0,25,21,0.84,REGULAR,51.46,0.003,0.001,0.0,0.15,1.15,59.18,45.16,14.02,0.8581,1,0
REQ-001033,14,DOWNTOWN,FINANCIAL_DISTRICT,STANDARD,23.12,63.3,CLEAR,0.0,10.0,21.0,0.09,0,13,35,2.69,REGULAR,54.05,0.043,0.0,0.591,0.0,1.63,88.1,69.48,18.62,0.6566,1,0
REQ-001034,2,DOWNTOWN,AIRPORT,STANDARD,14.01,29.7,SNOW,12.8,5.2,-0.7,0.13,0,20,13,0.65,REGULAR,30.9,0.558,0.0,0.0,0.15,1.71,52.84,41.82,11.02,0.6121,1,0
REQ-001035,8,AIRPORT,SUBURB_NORTH,PREMIUM,13.07,31.4,CLEAR,0.0,10.0,10.5,0.55,0,57,35,0.61,REGULAR,71.29,0.0,0.293,0.0,0.2,1.49,106.22,83.16,23.06,0.7279,1,0
REQ-001036,4,SUBURB_NORTH,AIRPORT,PREMIUM,25.13,60.6,CLEAR,0.0,10.0,20.8,0.38,0,10,17,1.7,PLATINUM,129.87,0.0,0.048,0.245,0.0,1.29,167.53,129.41,38.12,0.9092,1,0
REQ-001037,0,SUBURB_NORTH,DOWNTOWN,XL,27.09,72.5,RAIN,12.5,4.2,20.9,0.1,2,49,43,0.88,REGULAR,106.39,0.391,0.24,0.0,0.15,1.78,189.37,150.33,39.04,0.5715,1,0
REQ-001038,21,TECH_CORRIDOR,DOWNTOWN,XL,16.93,37.9,FOG,0.0,10.0,6.8,0.07,0,59,48,0.81,REGULAR,64.29,0.217,0.0,0.0,0.0,1.22,78.43,60.24,18.19,0.8364,1,0
REQ-001039,6,SUBURB_NORTH,TECH_CORRIDOR,PREMIUM,18.61,50.4,CLEAR,0.0,10.0,16.9,0.22,0,14,62,4.43,PLATINUM,102.95,0.0,0.001,1.2,0.0,2.2,226.49,182.22,44.27,0.53,0,0
REQ-001040,15,FINANCIAL_DISTRICT,AIRPORT,PREMIUM,9.45,17.7,DRIZZLE,0.0,10.0,11.7,0.35,0,52,75,1.44,REGULAR,49.5,0.131,0.034,0.154,0.0,1.32,65.34,50.59,14.75,0.8009,1,0
REQ-001041,8,TECH_CORRIDOR,DOWNTOWN,PREMIUM,22.98,43.5,CLEAR,0.0,10.0,16.6,0.7,1,37,16,0.43,REGULAR,109.32,0.078,0.591,0.0,0.2,1.87,204.43,162.83,41.6,0.518,0,0
REQ-001042,5,TECH_CORRIDOR,FINANCIAL_DISTRICT,STANDARD,4.31,8.1,DRIZZLE,0.0,10.0,22.8,0.31,0,42,20,0.48,REGULAR,11.22,0.1,0.02,0.0,0.0,1.12,12.57,9.56,3.01,0.8667,1,0
REQ-001043,14,TECH_CORRIDOR,SUBURB_NORTH,COMFORT,25.33,48.6,SNOW,11.8,6.2,-0.5,0.25,0,42,61,1.45,GOLD,68.16,0.603,0.005,0.157,0.0,1.76,119.96,95.15,24.81,0.6934,1,0
REQ-001044,11,FINANCIAL_DISTRICT,AIRPORT,STANDARD,13.73,41.6,CLEAR,0.0,10.0,24.9,0.44,0,8,79,9.88,REGULAR,34.72,0.0,0.08,1.2,0.0,2.28,79.16,63.81,15.35,0.2866,0,0
REQ-001045,2,AIRPORT,DOWNTOWN,PREMIUM,14.33,35.3,HEAVY_RAIN,27.2,1.0,20.2,0.21,0,18,75,4.17,GOLD,78.12,1.006,0.0,1.109,0.15,3.27,255.45,209.32,46.13,0.0569,0,0
REQ-001046,16,TECH_CORRIDOR,AIRPORT,COMFORT,17.6,42.1,CLEAR,0.0,10.0,24.6,0.43,0,50,16,0.32,REGULAR,52.49,0.0,0.074,0.0,0.0,1.07,56.16,42.49,13.67,0.88,1,0
REQ-001047,18,FINANCIAL_DISTRICT,DOWNTOWN,XL,25.52,49.1,CLEAR,0.0,10.0,14.6,0.8,0,26,80,3.08,REGULAR,89.05,0.0,0.614,0.728,0.25,2.59,230.64,187.14,43.5,0.1603,0,0
REQ-001048,21,SUBURB_NORTH,AIRPORT,STANDARD,22.25,54.4,DRIZZLE,0.0,10.0,15.8,0.07,0,48,46,0.96,GOLD,49.85,0.1,0.0,0.0,0.0,1.1,54.84,41.63,13.21,0.9168,1,0
REQ-001049,8,TECH_CORRIDOR,FINANCIAL_DISTRICT,XL,26.32,63.2,CLEAR,0.0,10.0,13.4,0.41,0,17,30,1.76,PLATINUM,99.19,0.0,0.063,0.266,0.2,1.53,151.76,119.08,32.68,0.8492,1,0
REQ-001050,16,FINANCIAL_DISTRICT,TECH_CORRIDOR,XL,16.11,31.8,SNOW,14.5,7.1,-9.0,0.14,1,35,27,0.77,PLATINUM,58.91,0.743,0.12,0.0,0.0,1.86,109.57,87.24,22.33,0.7183,1,0
REQ-001051,2,FINANCIAL_DISTRICT,TECH_CORRIDOR,STANDARD,13.05,34.9,CLEAR,0.0,10.0,7.0,0.1,0,23,55,2.39,REGULAR,31.52,0.081,0.0,0.486,0.15,1.72,54.21,42.93,11.28,0.6064,0,0
REQ-001052,23,FINANCIAL_DISTRICT,AIRPORT,PREMIUM,4.81,10.1,CLEAR,0.0,10.0,5.0,0.15,0,40,22,0.55,REGULAR,30.05,0.0,0.0,0.0,0.15,1.15,34.56,26.37,8.19,0.8581,1,0
REQ-001053,9,DOWNTOWN,AIRPORT,XL,25.57,56.0,CLEAR,0.0,10.0,12.1,0.59,0,52,47,0.9,REGULAR,93.3,0.0,0.338,0.0,0.2,1.54,143.68,112.8,30.88,0.7035,0,0
REQ-001054,23,SUBURB_NORTH,TECH_CORRIDOR,STANDARD,14.22,40.3,CLEAR,0.0,10.0,18.9,0.29,0,10,79,7.9,REGULAR,34.88,0.0,0.014,1.2,0.15,2.36,82.32,66.48,15.84,0.249,0,0
REQ-001055,8,DOWNTOWN,TECH_CORRIDOR,PREMIUM,23.67,47.4,CLEAR,0.0,10.0,12.3,0.85,0,47,33,0.7,PLATINUM,114.57,0.0,0.69,0.0,0.2,1.89,216.54,172.6,43.94,0.7035,1,0
REQ-001056,22,AIRPORT,TECH_CORRIDOR,COMFORT,20.17,52.7,DRIZZLE,0.0,10.0,16.9,0.2,0,13,51,3.92,REGULAR,61.5,0.161,0.0,1.022,0.0,2.18,134.07,107.81,26.26,0.338,1,0
REQ-001057,19,AIRPORT,DOWNTOWN,STANDARD,5.23,10.4,DRIZZLE,0.0,10.0,6.6,0.61,0,32,15,0.47,REGULAR,13.18,0.1,0.361,0.0,0.25,1.71,22.54,17.84,4.7,0.6121,1,0
REQ-001058,17,DOWNTOWN,TECH_CORRIDOR,STANDARD,7.9,20.8,RAIN,5.5,5.3,16.1,0.46,0,31,17,0.55,REGULAR,20.16,0.312,0.093,0.0,0.25,1.66,33.47,26.43,7.04,0.6401,1,0
REQ-001059,8,DOWNTOWN,SUBURB_NORTH,COMFORT,9.77,30.9,CLEAR,0.0,10.0,12.9,0.57,0,55,65,1.18,REGULAR,34.52,0.0,0.314,0.0,0.2,1.51,52.13,40.86,11.27,0.7183,1,0
REQ-001060,9,AIRPORT,TECH_CORRIDOR,XL,6.21,18.3,CLEAR,0.0,10.0,28.4,0.6,2,36,49,1.36,GOLD,30.02,0.0,0.588,0.126,0.2,1.91,57.34,45.74,11.6,0.6121,0,0
REQ-001061,11,FINANCIAL_DISTRICT,DOWNTOWN,PREMIUM,5.4,16.2,CLEAR,0.0,10.0,15.9,0.1,0,29,47,1.62,REGULAR,36.89,0.0,0.0,0.217,0.0,1.22,45.01,34.57,10.44,0.8364,1,0
REQ-001062,21,AIRPORT,SUBURB_NORTH,COMFORT,26.06,47.2,CLEAR,0.0,10.0,28.1,0.11,0,36,64,1.78,PLATINUM,68.74,0.0,0.0,0.273,0.0,1.27,87.3,67.33,19.97,0.9131,1,0
REQ-001063,2,SUBURB_NORTH,AIRPORT,PREMIUM,5.49,12.3,CLEAR,0.0,10.0,7.8,0.33,1,31,74,2.39,GOLD,33.83,0.0,0.147,0.486,0.15,1.78,60.22,47.8,12.42,0.6831,1,0
REQ-001064,17,TECH_CORRIDOR,SUBURB_NORTH,STANDARD,2.16,6.6,CLEAR,0.0,10.0,17.8,0.58,0,16,35,2.19,GOLD,8.01,0.0,0.325,0.416,0.25,1.99,15.94,12.75,3.19,0.5656,1,0
REQ-001065,8,TECH_CORRIDOR,AIRPORT,PREMIUM,26.2,80.1,CLEAR,0.0,10.0,31.8,0.52,0,12,28,2.33,GOLD,149.44,0.0,0.261,0.465,0.2,1.93,288.42,230.21,58.21,0.6006,0,0
REQ-001066,15,DOWNTOWN,AIRPORT,XL,7.95,22.8,CLEAR,0.0,10.0,16.6,0.34,0,37,80,2.16,REGULAR,36.38,0.0,0.03,0.406,0.0,1.44,52.39,40.89,11.5,0.751,0,0
REQ-001067,4,FINANCIAL_DISTRICT,SUBURB_NORTH,XL,26.65,54.5,CLEAR,0.0,10.0,20.1,0.25,0,56,44,0.79,REGULAR,94.66,0.007,0.005,0.0,0.0,1.01,95.61,71.8,23.81,0.8944,1,0
REQ-001068,14,SUBURB_NORTH,AIRPORT,XL,18.97,41.7,CLEAR,0.0,10.0,8.9,0.4,1,20,29,1.45,PLATINUM,70.86,0.0,0.178,0.157,0.0,1.33,94.24,73.02,21.22,0.901,0,0
REQ-001069,12,AIRPORT,TECH_CORRIDOR,STANDARD,13.72,42.0,RAIN,5.9,5.2,22.3,0.25,1,43,78,1.81,REGULAR,34.85,0.321,0.125,0.283,0.0,1.73,60.29,47.76,12.53,0.6006,1,0
REQ-001070,1,DOWNTOWN,TECH_CORRIDOR,XL,20.57,55.9,RAIN,3.8,7.1,31.0,0.15,0,32,39,1.22,REGULAR,82.74,0.323,0.0,0.077,0.15,1.55,128.25,100.74,27.51,0.6985,1,0
REQ-001071,9,FINANCIAL_DISTRICT,SUBURB_NORTH,COMFORT,10.61,22.5,CLEAR,0.0,10.0,28.2,0.75,0,53,60,1.13,REGULAR,32.13,0.041,0.541,0.0,0.2,1.78,57.19,45.4,11.79,0.5715,1,0
REQ-001072,8,TECH_CORRIDOR,DOWNTOWN,PREMIUM,10.98,22.4,CLEAR,0.0,10.0,23.1,0.52,1,42,36,0.86,GOLD,57.78,0.0,0.381,0.0,0.2,1.58,91.29,71.82,19.47,0.777,0,0
REQ-001073,3,DOWNTOWN,TECH_CORRIDOR,COMFORT,13.71,39.7,CLEAR,0.0,10.0,23.5,0.37,0,46,25,0.54,REGULAR,44.99,0.009,0.043,0.0,0.15,1.2,53.99,41.39,12.6,0.8429,1,0
REQ-001074,13,TECH_CORRIDOR,AIRPORT,PREMIUM,22.9,59.4,FOG,0.0,10.0,19.2,0.4,0,27,50,1.85,REGULAR,122.61,0.215,0.058,0.297,0.0,1.57,192.5,151.36,41.14,0.6883,0,0
REQ-001075,8,SUBURB_NORTH,DOWNTOWN,XL,23.83,65.6,CLEAR,0.0,10.0,6.0,0.73,0,32,42,1.31,REGULAR,95.4,0.0,0.512,0.109,0.2,1.82,173.63,138.05,35.58,0.5479,1,0
REQ-001076,18,FINANCIAL_DISTRICT,AIRPORT,PREMIUM,6.23,13.3,RAIN,4.8,4.5,22.4,0.41,0,44,36,0.82,PLATINUM,36.74,0.304,0.063,0.0,0.25,1.62,59.52,46.92,12.6,0.8194,1,0
REQ-001077,3,TECH_CORRIDOR,DOWNTOWN,COMFORT,6.36,12.5,CLEAR,0.0,10.0,11.2,0.06,0,35,58,1.66,REGULAR,20.61,0.049,0.0,0.231,0.15,1.43,29.47,22.99,6.48,0.7555,0,0
REQ-001078,9,TECH_CORRIDOR,SUBURB_NORTH,PREMIUM,5.16,13.2,CLEAR,0.0,10.0,15.4,0.43,0,26,50,1.92,REGULAR,33.67,0.0,0.074,0.322,0.2,1.6,53.87,42.42,11.45,0.6726,1,0
REQ-001079,17,DOWNTOWN,FINANCIAL_DISTRICT,PREMIUM,9.19,26.6,DRIZZLE,0.0,10.0,10.3,0.79,0,58,22,0.38,REGULAR,56.34,0.1,0.598,0.0,0.25,1.95,109.86,87.75,22.11,0.47,1,0
REQ-001080,8,DOWNTOWN,TECH_CORRIDOR,PREMIUM,25.82,46.6,SNOW,14.4,6.4,-13.9,0.71,0,50,59,1.18,REGULAR,119.91,0.84,0.486,0.0,0.2,2.53,303.37,245.87,57.5,0.1806,1,0
REQ-001081,2,DOWNTOWN,TECH_CORRIDOR,XL,9.78,18.8,RAIN,13.7,7.8,31.6,0.23,0,60,44,0.73,GOLD,37.82,0.404,0.002,0.0,0.15,1.56,59.0,46.37,12.63,0.7852,1,0
REQ-001082,13,TECH_CORRIDOR,DOWNTOWN,XL,22.1,63.3,CLEAR,0.0,10.0,10.5,0.2,0,33,30,0.91,REGULAR,90.39,0.0,0.0,0.0,0.0,1.0,90.39,67.79,22.6,0.8966,1,0
REQ-001083,20,DOWNTOWN,AIRPORT,PREMIUM,16.51,41.7,DRIZZLE,0.0,10.0,17.8,0.31,0,31,13,0.42,REGULAR,89.68,0.18,0.02,0.0,0.0,1.2,107.62,82.51,25.11,0.8429,1,0
REQ-001084,12,FINANCIAL_DISTRICT,SUBURB_NORTH,PREMIUM,23.94,62.2,CLEAR,0.0,10.0,21.1,0.43,1,52,55,1.06,REGULAR,127.9,0.0,0.194,0.0,0.0,1.19,152.2,116.58,35.62,0.8461,0,0
REQ-001085,17,TECH_CORRIDOR,FINANCIAL_DISTRICT,PREMIUM,2.38,7.5,HEAVY_RAIN,50.4,3.0,20.4,0.82,0,40,50,1.25,PLATINUM,21.04,1.129,0.644,0.087,0.25,3.11,65.43,53.51,11.92,0.1126,0,0
REQ-001086,4,SUBURB_NORTH,TECH_CORRIDOR,XL,20.36,55.8,CLEAR,0.0,10.0,15.4,0.08,0,49,80,1.63,REGULAR,82.24,0.0,0.0,0.22,0.0,1.22,100.33,77.06,23.27,0.8364,1,0
REQ-001087,4,TECH_CORRIDOR,SUBURB_NORTH,COMFORT,13.33,27.3,DRIZZLE,0.0,10.0,17.9,0.08,1,53,43,0.81,GOLD,38.78,0.1,0.12,0.0,0.0,1.22,47.31,36.34,10.97,0.8921,1,0
REQ-001088,1,FINANCIAL_DISTRICT,DOWNTOWN,XL,19.71,45.8,CLEAR,0.0,10.0,26.0,0.39,1,31,73,2.35,GOLD,74.87,0.0,0.173,0.472,0.15,1.79,134.02,106.43,27.59,0.6779,0,0
REQ-001089,22,DOWNTOWN,FINANCIAL_DISTRICT,STANDARD,18.44,38.9,HEAVY_RAIN,36.4,2.9,17.4,0.1,0,19,74,3.89,REGULAR,39.66,0.919,0.0,1.012,0.0,2.93,116.2,94.8,21.4,0.0778,0,0
REQ-001090,20,AIRPORT,SUBURB_NORTH,STANDARD,3.52,8.7,SNOW,12.8,4.7,-4.2,0.1,0,42,57,1.36,REGULAR,10.44,0.628,0.0,0.126,0.0,1.75,18.27,14.49,3.78,0.589,1,0
REQ-001091,0,AIRPORT,DOWNTOWN,STANDARD,5.02,11.6,DRIZZLE,0.0,10.0,27.8,0.09,0,19,64,3.37,REGULAR,13.33,0.147,0.0,0.83,0.15,2.13,28.39,22.8,5.59,0.3654,0,0
REQ-001092,6,AIRPORT,FINANCIAL_DISTRICT,PREMIUM,3.38,8.8,CLEAR,0.0,10.0,17.5,0.29,2,38,42,1.11,PLATINUM,24.94,0.025,0.254,0.0,0.0,1.28,31.92,24.64,7.28,0.9112,1,0
REQ-001093,20,DOWNTOWN,SUBURB_NORTH,XL,20.18,42.7,CLEAR,0.0,10.0,20.3,0.29,0,34,54,1.59,REGULAR,74.0,0.0,0.014,0.207,0.0,1.22,90.28,69.34,20.94,0.8364,1,0
REQ-001094,19,SUBURB_NORTH,DOWNTOWN,PREMIUM,23.74,45.7,RAIN,9.2,4.6,17.8,0.76,1,57,19,0.33,REGULAR,113.31,0.377,0.676,0.0,0.25,2.3,260.61,210.19,50.42,0.2769,0,0
REQ-001095,14,FINANCIAL_DISTRICT,SUBURB_NORTH,PREMIUM,7.77,16.0,HEAVY_RAIN,28.5,2.7,26.3,0.15,0,29,29,1.0,REGULAR,43.36,0.851,0.0,0.0,0.0,1.85,80.22,63.85,16.37,0.53,1,0
REQ-001096,18,AIRPORT,TECH_CORRIDOR,STANDARD,21.38,51.9,CLEAR,0.0,10.0,31.7,0.8,0,43,48,1.12,PLATINUM,47.88,0.081,0.613,0.0,0.25,1.94,92.89,74.17,18.72,0.6779,1,0
REQ-001097,1,FINANCIAL_DISTRICT,TECH_CORRIDOR,XL,12.55,25.0,CLEAR,0.0,10.0,6.4,0.42,0,36,52,1.44,REGULAR,47.36,0.027,0.069,0.154,0.15,1.4,66.3,51.62,14.68,0.7685,1,0
REQ-001098,0,SUBURB_NORTH,FINANCIAL_DISTRICT,COMFORT,16.68,47.1,DRIZZLE,0.0,10.0,19.6,0.36,1,39,49,1.26,GOLD,53.22,0.1,0.159,0.091,0.15,1.5,79.83,62.53,17.3,0.8085,1,0
REQ-001099,3,TECH_CORRIDOR,DOWNTOWN,COMFORT,4.59,8.8,CLEAR,0.0,10.0,18.7,0.29,0,59,47,0.8,GOLD,16.03,0.0,0.014,0.0,0.15,1.16,18.59,14.2,4.39,0.9052,1,0
REQ-001100,22,SUBURB_NORTH,DOWNTOWN,COMFORT,6.37,11.7,DRIZZLE,0.0,10.0,29.8,0.42,0,51,32,0.63,PLATINUM,20.27,0.1,0.069,0.0,0.0,1.17,23.72,18.13,5.59,0.9303,1,0
REQ-001101,18,FINANCIAL_DISTRICT,AIRPORT,PREMIUM,25.43,73.7,CLEAR,0.0,10.0,31.0,0.79,0,11,20,1.82,REGULAR,141.85,0.0,0.597,0.287,0.25,2.13,302.14,242.63,59.51,0.3654,1,0
REQ-001102,10,FINANCIAL_DISTRICT,SUBURB_NORTH,XL,13.44,40.9,CLEAR,0.0,10.0,12.6,0.25,0,16,69,4.31,REGULAR,58.76,0.069,0.005,1.158,0.0,2.23,131.03,105.5,25.53,0.3117,1,0
REQ-001103,2,AIRPORT,SUBURB_NORTH,STANDARD,25.75,70.4,CLEAR,0.0,10.0,31.5,0.32,0,54,11,0.2,REGULAR,59.83,0.0,0.023,0.0,0.15,1.17,70.0,53.52,16.48,0.8522,0,0
REQ-001104,6,DOWNTOWN,FINANCIAL_DISTRICT,XL,11.05,34.4,CLEAR,0.0,10.0,18.7,0.35,1,42,48,1.14,REGULAR,49.85,0.0,0.154,0.0,0.0,1.15,57.33,43.75,13.58,0.8581,0,0
REQ-001105,7,FINANCIAL_DISTRICT,SUBURB_NORTH,COMFORT,26.96,62.1,THUNDERSTORM,47.4,1.4,6.2,0.41,0,44,11,0.25,REGULAR,76.93,1.2,0.063,0.0,0.2,2.46,189.25,153.17,36.08,0.2069,0,0
REQ-001106,15,SUBURB_NORTH,DOWNTOWN,STANDARD,16.22,45.5,CLEAR,0.0,10.0,26.0,0.45,0,16,37,2.31,REGULAR,39.19,0.05,0.086,0.458,0.0,1.59,62.31,49.04,13.27,0.6779,1,0
REQ-001107,12,AIRPORT,SUBURB_NORTH,XL,24.41,44.6,CLEAR,0.0,10.0,15.2,0.11,0,48,54,1.12,GOLD,84.02,0.036,0.0,0.0,0.0,1.04,87.38,65.87,21.51,0.9272,1,0
REQ-001108,5,FINANCIAL_DISTRICT,TECH_CORRIDOR,XL,8.63,26.4,CLEAR,0.0,10.0,17.4,0.28,0,44,29,0.66,REGULAR,39.96,0.0,0.011,0.0,0.0,1.01,40.36,30.31,10.05,0.8944,1,0
REQ-001109,18,AIRPORT,DOWNTOWN,STANDARD,2.4,7.0,CLEAR,0.0,10.0,29.2,0.7,2,56,79,1.41,REGULAR,8.45,0.0,0.713,0.143,0.25,2.11,17.83,14.31,3.52,0.3766,0,0
REQ-001110,2,AIRPORT,FINANCIAL_DISTRICT,STANDARD,5.94,18.2,CLEAR,0.0,10.0,17.0,0.3,1,51,52,1.02,PLATINUM,16.8,0.02,0.137,0.0,0.15,1.31,22.01,17.03,4.98,0.9052,0,0
REQ-001111,5,SUBURB_NORTH,AIRPORT,PREMIUM,10.41,27.0,CLEAR,0.0,10.0,21.0,0.22,0,23,63,2.74,REGULAR,60.1,0.0,0.001,0.609,0.0,1.61,96.76,76.24,20.52,0.6673,0,0
REQ-001112,2,DOWNTOWN,AIRPORT,PREMIUM,11.62,29.4,CLEAR,0.0,10.0,31.5,0.33,1,36,24,0.67,REGULAR,65.53,0.049,0.147,0.0,0.15,1.35,88.47,68.65,19.82,0.7892,1,0
REQ-001113,5,FINANCIAL_DISTRICT,AIRPORT,STANDARD,6.7,16.1,CLEAR,0.0,10.0,26.5,0.12,0,58,25,0.43,REGULAR,17.01,0.0,0.0,0.0,0.0,1.0,17.01,12.76,4.25,0.8966,0,0
REQ-001114,16,DOWNTOWN,SUBURB_NORTH,STANDARD,13.28,38.3,CLEAR,0.0,10.0,19.5,0.27,0,44,69,1.57,REGULAR,33.0,0.0,0.009,0.2,0.0,1.21,39.93,30.64,9.29,0.8397,1,0
REQ-001115,10,DOWNTOWN,TECH_CORRIDOR,STANDARD,20.43,58.2,THUNDERSTORM,39.2,2.4,23.9,0.08,0,17,75,4.41,PLATINUM,48.91,1.2,0.0,1.194,0.0,3.39,165.8,136.04,29.76,0.0609,0,0
REQ-001116,1,FINANCIAL_DISTRICT,SUBURB_NORTH,XL,27.0,60.4,DRIZZLE,0.0,10.0,31.9,0.34,2,19,80,4.21,REGULAR,98.94,0.1,0.27,1.123,0.15,2.64,261.2,212.13,49.07,0.1448,0,0
REQ-001117,8,FINANCIAL_DISTRICT,AIRPORT,COMFORT,19.22,38.8,CLEAR,0.0,10.0,12.5,0.69,0,41,24,0.59,REGULAR,53.67,0.078,0.46,0.0,0.2,1.74,93.39,74.01,19.38,0.5948,0,0
REQ-001118,23,AIRPORT,FINANCIAL_DISTRICT,STANDARD,19.5,55.2,CLEAR,0.0,10.0,6.0,0.07,0,22,26,1.18,REGULAR,46.7,0.0,0.0,0.0,0.15,1.15,53.7,40.98,12.72,0.8581,1,0
REQ-001119,1,AIRPORT,FINANCIAL_DISTRICT,STANDARD,8.34,23.4,HEAVY_RAIN,50.4,1.8,16.3,0.21,2,60,17,0.28,REGULAR,21.62,1.2,0.24,0.0,0.15,2.59,56.0,45.44,10.56,0.1603,0,0
REQ-001120,18,FINANCIAL_DISTRICT,TECH_CORRIDOR,PREMIUM,13.95,32.9,CLEAR,0.0,10.0,19.5,0.43,1,18,21,1.17,REGULAR,75.02,0.0,0.194,0.0,0.25,1.44,108.03,84.32,23.71,0.751,0,0
REQ-001121,5,DOWNTOWN,TECH_CORRIDOR,XL,11.83,31.4,DRIZZLE,0.0,10.0,30.8,0.43,1,23,79,3.43,GOLD,49.68,0.1,0.194,0.851,0.0,2.15,106.81,85.82,20.99,0.47,1,0
REQ-001122,6,SUBURB_NORTH,TECH_CORRIDOR,COMFORT,5.92,11.3,THUNDERSTORM,36.8,0.5,6.5,0.4,0,33,68,2.06,PLATINUM,19.36,1.2,0.058,0.371,0.0,2.63,50.92,41.35,9.57,0.2866,0,0
REQ-001123,2,DOWNTOWN,TECH_CORRIDOR,COMFORT,20.21,62.7,DRIZZLE,0.0,10.0,26.7,0.07,0,58,42,0.72,REGULAR,66.07,0.1,0.0,0.0,0.15,1.25,82.59,63.59,19.0,0.8264,1,0
REQ-001124,6,SUBURB_NORTH,TECH_CORRIDOR,COMFORT,19.81,52.4,RAIN,9.8,5.4,13.2,0.12,0,32,27,0.84,REGULAR,60.77,0.36,0.0,0.0,0.0,1.36,82.65,64.18,18.47,0.7852,0,0
REQ-001125,21,DOWNTOWN,SUBURB_NORTH,COMFORT,8.65,25.1,CLEAR,0.0,10.0,27.4,0.31,0,17,22,1.29,REGULAR,30.07,0.0,0.02,0.102,0.0,1.12,33.68,25.62,8.06,0.8667,1,0
REQ-001126,4,DOWNTOWN,TECH_CORRIDOR,STANDARD,21.24,65.9,DRIZZLE,0.0,10.0,24.6,0.33,0,32,43,1.34,REGULAR,52.62,0.154,0.027,0.119,0.0,1.3,68.41,52.89,15.52,0.8085,1,0
REQ-001127,5,FINANCIAL_DISTRICT,AIRPORT,XL,26.63,84.3,HEAVY_RAIN,46.7,1.4,11.4,0.43,0,52,40,0.77,REGULAR,112.5,1.185,0.074,0.0,0.0,2.26,254.25,204.86,49.39,0.2965,0,0
REQ-001128,8,AIRPORT,TECH_CORRIDOR,PREMIUM,2.73,8.7,CLEAR,0.0,10.0,17.6,0.81,0,29,68,2.34,REGULAR,23.03,0.0,0.628,0.469,0.2,2.3,52.97,42.72,10.25,0.2769,0,0
REQ-001129,11,AIRPORT,SUBURB_NORTH,COMFORT,11.37,24.3,DRIZZLE,0.0,10.0,31.8,0.2,0,32,18,0.56,REGULAR,34.2,0.1,0.0,0.0,0.0,1.1,37.62,28.56,9.06,0.8721,0,0
REQ-001130,17,FINANCIAL_DISTRICT,DOWNTOWN,COMFORT,10.92,25.3,DRIZZLE,0.0,10.0,5.2,0.78,0,40,21,0.53,GOLD,33.9,0.1,0.583,0.0,0.25,1.93,65.43,52.23,13.2,0.6006,1,0
REQ-001131,12,SUBURB_NORTH,FINANCIAL_DISTRICT,XL,22.45,52.1,CLEAR,0.0,10.0,27.8,0.39,0,25,27,1.08,REGULAR,84.41,0.0,0.053,0.0,0.0,1.05,88.63,66.89,21.74,0.8849,1,0
REQ-001132,9,TECH_CORRIDOR,DOWNTOWN,XL,6.72,13.2,CLEAR,0.0,10.0,23.0,0.65,0,18,63,3.5,GOLD,28.03,0.0,0.407,0.875,0.2,2.48,69.51,56.28,13.23,0.2866,0,0
REQ-001133,18,AIRPORT,SUBURB_NORTH,COMFORT,20.68,38.8,CLEAR,0.0,10.0,22.8,0.45,0,9,78,8.67,REGULAR,56.08,0.0,0.086,1.2,0.25,2.54,142.44,115.47,26.97,0.1771,0,0
REQ-001134,11,SUBURB_NORTH,AIRPORT,COMFORT,5.69,11.2,RAIN,8.4,7.7,20.0,0.13,0,55,32,0.58,REGULAR,18.93,0.345,0.0,0.0,0.0,1.34,25.37,19.67,5.7,0.7931,0,0
REQ-001135,21,SUBURB_NORTH,AIRPORT,XL,23.95,64.9,CLEAR,0.0,10.0,8.0,0.44,0,51,13,0.25,REGULAR,95.24,0.0,0.08,0.0,0.0,1.08,102.86,77.91,24.95,0.8774,1,0
REQ-001136,4,AIRPORT,FINANCIAL_DISTRICT,COMFORT,25.53,62.5,DRIZZLE,0.0,10.0,15.8,0.13,0,11,15,1.36,PLATINUM,74.74,0.1,0.0,0.126,0.0,1.23,91.93,70.67,21.26,0.9204,1,0
REQ-001137,11,AIRPORT,FINANCIAL_DISTRICT,PREMIUM,26.24,49.5,CLEAR,0.0,10.0,19.0,0.06,0,51,32,0.63,GOLD,123.54,0.077,0.0,0.0,0.0,1.08,133.42,101.05,32.37,0.9204,1,0
REQ-001138,3,FINANCIAL_DISTRICT,SUBURB_NORTH,PREMIUM,19.23,60.1,CLEAR,0.0,10.0,21.3,0.28,0,21,60,2.86,REGULAR,112.93,0.0,0.011,0.651,0.15,1.81,204.4,162.45,41.95,0.5538,0,0
REQ-001139,6,DOWNTOWN,TECH_CORRIDOR,COMFORT,25.62,53.2,CLEAR,0.0,10.0,14.3,0.26,0,9,33,3.67,REGULAR,70.71,0.0,0.007,0.934,0.0,1.94,137.18,109.53,27.65,0.476,0,0
REQ-001140,19,SUBURB_NORTH,FINANCIAL_DISTRICT,XL,5.32,12.4,CLEAR,0.0,10.0,29.1,0.5,0,48,66,1.38,REGULAR,24.61,0.0,0.12,0.133,0.25,1.5,36.91,28.91,8.0,0.7231,1,0
REQ-001141,22,TECH_CORRIDOR,FINANCIAL_DISTRICT,STANDARD,9.47,28.4,DRIZZLE,0.0,10.0,29.1,0.36,0,35,21,0.6,REGULAR,24.78,0.131,0.039,0.0,0.0,1.17,28.99,22.16,6.83,0.8522,0,0
REQ-001142,14,SUBURB_NORTH,TECH_CORRIDOR,STANDARD,25.59,65.8,CLEAR,0.0,10.0,10.1,0.37,1,40,30,0.75,GOLD,58.02,0.0,0.163,0.0,0.0,1.16,67.3,51.4,15.9,0.9052,1,0
REQ-001143,3,DOWNTOWN,FINANCIAL_DISTRICT,STANDARD,14.78,29.8,CLEAR,0.0,10.0,27.8,0.27,0,43,33,0.77,GOLD,31.9,0.029,0.009,0.0,0.15,1.19,37.96,29.08,8.88,0.8988,0,0
REQ-001144,12,SUBURB_NORTH,TECH_CORRIDOR,XL,15.89,34.3,CLEAR,0.0,10.0,13.8,0.1,0,21,29,1.38,REGULAR,59.95,0.008,0.0,0.133,0.0,1.14,68.34,52.09,16.25,0.861,1,0
REQ-001145,4,TECH_CORRIDOR,DOWNTOWN,STANDARD,21.61,47.7,CLEAR,0.0,10.0,31.7,0.28,0,51,33,0.65,REGULAR,46.71,0.039,0.011,0.0,0.0,1.05,49.05,37.02,12.03,0.8849,0,0
REQ-001146,10,SUBURB_NORTH,DOWNTOWN,PREMIUM,6.76,20.6,CLEAR,0.0,10.0,22.7,0.15,0,38,41,1.08,REGULAR,44.44,0.052,0.0,0.0,0.0,1.05,46.66,35.22,11.44,0.8849,1,0
REQ-001147,8,TECH_CORRIDOR,DOWNTOWN,XL,12.32,35.9,CLEAR,0.0,10.0,11.4,0.54,0,57,25,0.44,REGULAR,53.41,0.0,0.283,0.0,0.2,1.48,79.05,61.85,17.2,0.7326,1,0
REQ-001148,21,DOWNTOWN,FINANCIAL_DISTRICT,COMFORT,22.14,45.3,CLEAR,0.0,10.0,26.2,0.14,0,31,59,1.9,REGULAR,61.41,0.0,0.0,0.315,0.0,1.31,80.45,62.24,18.21,0.8047,1,0
REQ-001149,5,SUBURB_NORTH,DOWNTOWN,XL,10.28,26.7,THUNDERSTORM,46.4,1.4,16.6,0.08,0,29,52,1.79,REGULAR,43.61,1.2,0.0,0.276,0.0,2.48,108.15,87.57,20.58,0.1991,1,0
REQ-001150,15,DOWNTOWN,TECH_CORRIDOR,COMFORT,17.36,42.2,CLEAR,0.0,10.0,10.0,0.05,1,24,31,1.29,REGULAR,52.13,0.0,0.12,0.102,0.0,1.22,63.6,48.85,14.75,0.8364,1,0
REQ-001151,2,DOWNTOWN,FINANCIAL_DISTRICT,PREMIUM,4.5,12.7,CLEAR,0.0,10.0,7.0,0.15,0,47,61,1.3,REGULAR,31.39,0.0,0.0,0.105,0.15,1.25,39.24,30.22,9.02,0.8264,1,0
REQ-001152,6,SUBURB_NORTH,TECH_CORRIDOR,STANDARD,16.73,42.4,CLEAR,0.0,10.0,16.5,0.14,0,19,26,1.37,REGULAR,38.75,0.05,0.0,0.13,0.0,1.18,45.72,34.99,10.73,0.8492,1,0
REQ-001153,17,DOWNTOWN,TECH_CORRIDOR,XL,20.08,63.2,DRIZZLE,0.0,10.0,22.5,0.51,0,48,49,1.02,REGULAR,86.09,0.1,0.251,0.0,0.25,1.6,137.74,108.47,29.27,0.6726,1,0
REQ-001154,21,SUBURB_NORTH,AIRPORT,XL,6.9,21.6,RAIN,9.9,5.3,11.3,0.11,0,9,54,6.0,REGULAR,33.45,0.361,0.0,1.2,0.0,2.56,85.63,69.44,16.19,0.1702,0,0
REQ-001155,0,AIRPORT,TECH_CORRIDOR,XL,14.48,40.5,CLEAR,0.0,10.0,31.1,0.17,0,39,61,1.56,REGULAR,60.71,0.0,0.0,0.196,0.15,1.35,81.96,63.59,18.37,0.7892,1,0
REQ-001156,11,SUBURB_NORTH,AIRPORT,STANDARD,12.91,26.9,CLEAR,0.0,10.0,31.7,0.18,1,23,55,2.39,REGULAR,28.55,0.0,0.12,0.486,0.0,1.61,45.97,36.22,9.75,0.6673,1,0
REQ-001157,19,FINANCIAL_DISTRICT,DOWNTOWN,PREMIUM,27.35,70.9,CLEAR,0.0,10.0,17.5,0.8,0,44,58,1.32,REGULAR,144.85,0.0,0.612,0.112,0.25,1.97,285.35,228.06,57.29,0.4581,1,0
REQ-001158,5,AIRPORT,TECH_CORRIDOR,STANDARD,6.66,15.2,CLEAR,0.0,10.0,17.5,0.22,0,28,47,1.68,PLATINUM,16.64,0.0,0.001,0.238,0.0,1.24,20.63,15.87,4.76,0.9186,1,0
REQ-001159,21,TECH_CORRIDOR,AIRPORT,PREMIUM,11.07,24.3,CLEAR,0.0,10.0,13.1,0.15,0,55,38,0.69,REGULAR,59.66,0.0,0.0,0.0,0.0,1.0,59.66,44.74,14.92,0.8966,1,0
REQ-001160,18,DOWNTOWN,SUBURB_NORTH,STANDARD,12.28,38.1,CLEAR,0.0,10.0,21.4,0.83,0,26,38,1.46,REGULAR,31.68,0.032,0.658,0.161,0.25,2.1,66.53,53.38,13.15,0.3823,1,0
REQ-001161,21,SUBURB_NORTH,AIRPORT,STANDARD,15.67,43.0,DRIZZLE,0.0,10.0,9.6,0.29,0,54,71,1.31,GOLD,37.64,0.1,0.014,0.109,0.0,1.22,45.92,35.27,10.65,0.8921,1,0
REQ-001162,0,TECH_CORRIDOR,AIRPORT,STANDARD,8.48,16.5,FOG,0.0,10.0,25.5,0.07,0,56,15,0.27,REGULAR,19.37,0.2,0.0,0.0,0.15,1.35,26.15,20.29,5.86,0.7892,1,0
REQ-001163,13,TECH_CORRIDOR,AIRPORT,COMFORT,9.46,26.4,CLEAR,0.0,10.0,17.8,0.39,1,23,11,0.48,REGULAR,31.99,0.0,0.173,0.0,0.0,1.17,37.43,28.62,8.81,0.8522,1,0
REQ-001164,19,SUBURB_NORTH,AIRPORT,PREMIUM,26.15,52.5,CLEAR,0.0,10.0,6.5,0.8,0,57,24,0.42,REGULAR,125.84,0.0,0.614,0.0,0.25,1.86,234.06,186.37,47.69,0.524,0,0
REQ-001165,6,AIRPORT,TECH_CORRIDOR,XL,15.75,41.5,CLEAR,0.0,10.0,14.1,0.24,1,35,20,0.57,PLATINUM,63.98,0.0,0.123,0.0,0.0,1.12,71.66,54.51,17.15,0.9377,1,0
REQ-001166,22,DOWNTOWN,SUBURB_NORTH,XL,16.37,33.8,CLEAR,0.0,10.0,15.5,0.14,0,21,47,2.24,GOLD,60.66,0.0,0.0,0.434,0.0,1.43,86.74,67.66,19.08,0.8331,1,0
REQ-001167,9,SUBURB_NORTH,FINANCIAL_DISTRICT,COMFORT,2.87,6.2,CLEAR,0.0,10.0,9.9,0.7,1,22,67,3.05,GOLD,12.03,0.0,0.59,0.717,0.2,2.51,30.2,24.47,5.73,0.2721,0,0
REQ-001168,20,SUBURB_NORTH,DOWNTOWN,STANDARD,16.36,50.1,CLEAR,0.0,10.0,24.1,0.39,0,11,29,2.64,GOLD,40.99,0.0,0.053,0.574,0.0,1.63,66.81,52.69,14.12,0.7555,1,0
REQ-001169,1,SUBURB_NORTH,TECH_CORRIDOR,XL,3.67,8.0,CLEAR,0.0,10.0,27.7,0.14,0,11,30,2.73,REGULAR,18.51,0.0,0.0,0.605,0.15,1.75,32.39,25.68,6.71,0.589,1,0
REQ-001170,10,AIRPORT,TECH_CORRIDOR,PREMIUM,10.8,26.2,RAIN,12.0,7.0,10.4,0.45,0,16,12,0.75,REGULAR,60.51,0.385,0.086,0.0,0.0,1.47,88.95,69.56,19.39,0.7373,1,0
REQ-001171,7,DOWNTOWN,AIRPORT,COMFORT,24.82,52.7,CLEAR,0.0,10.0,16.0,0.73,1,35,68,1.94,REGULAR,69.17,0.0,0.633,0.329,0.2,2.16,149.41,120.08,29.33,0.3489,0,0
REQ-001172,11,SUBURB_NORTH,TECH_CORRIDOR,COMFORT,22.17,58.8,RAIN,6.8,7.6,6.5,0.2,1,19,39,2.05,GOLD,67.54,0.327,0.12,0.367,0.0,1.81,122.25,97.16,25.09,0.6673,1,0
REQ-001173,22,AIRPORT,TECH_CORRIDOR,COMFORT,8.11,17.1,THUNDERSTORM,51.7,0.6,19.6,0.43,0,59,12,0.2,REGULAR,25.58,1.2,0.074,0.0,0.0,2.27,58.07,46.8,11.27,0.2915,0,0
REQ-001174,14,FINANCIAL_DISTRICT,AIRPORT,XL,3.36,7.8,RAIN,11.7,7.7,12.0,0.24,0,38,73,1.92,REGULAR,17.74,0.429,0.003,0.322,0.0,1.75,31.04,24.61,6.43,0.589,1,0
REQ-001175,17,DOWNTOWN,AIRPORT,XL,3.3,7.6,CLEAR,0.0,10.0,28.6,0.75,0,40,18,0.45,REGULAR,17.49,0.0,0.541,0.0,0.25,1.79,31.31,24.86,6.45,0.5656,1,0
REQ-001176,22,DOWNTOWN,SUBURB_NORTH,PREMIUM,12.25,31.2,CLEAR,0.0,10.0,18.7,0.43,0,36,19,0.53,GOLD,68.82,0.004,0.074,0.0,0.0,1.08,74.33,56.3,18.03,0.9204,1,0
REQ-001177,16,DOWNTOWN,FINANCIAL_DISTRICT,STANDARD,5.1,12.4,CLEAR,0.0,10.0,23.8,0.27,0,11,19,1.73,REGULAR,13.72,0.076,0.009,0.256,0.0,1.34,18.38,14.25,4.13,0.7931,1,0
REQ-001178,19,SUBURB_NORTH,AIRPORT,STANDARD,22.75,70.7,CLEAR,0.0,10.0,7.8,0.68,0,28,24,0.86,REGULAR,56.19,0.073,0.445,0.0,0.25,1.77,99.46,78.92,20.54,0.5774,1,0
REQ-001179,17,FINANCIAL_DISTRICT,TECH_CORRIDOR,PREMIUM,21.46,46.1,CLEAR,0.0,10.0,9.4,0.53,1,32,32,1.0,REGULAR,107.28,0.0,0.392,0.0,0.25,1.64,175.94,138.82,37.12,0.6511,1,0
REQ-001180,0,AIRPORT,TECH_CORRIDOR,COMFORT,25.63,72.7,DRIZZLE,0.0,10.0,27.0,0.17,0,9,49,5.44,REGULAR,79.51,0.1,0.0,1.2,0.15,2.45,194.8,157.63,37.17,0.2108,0,0
REQ-001181,5,TECH_CORRIDOR,AIRPORT,STANDARD,9.05,16.6,CLEAR,0.0,10.0,15.1,0.36,0,57,50,0.88,REGULAR,20.12,0.0,0.039,0.0,0.0,1.04,20.92,15.77,5.15,0.8874,1,0
REQ-001182,6,SUBURB_NORTH,AIRPORT,COMFORT,12.33,33.1,CLEAR,0.0,10.0,28.7,0.22,0,39,70,1.79,REGULAR,39.74,0.004,0.001,0.276,0.0,1.28,50.87,39.27,11.6,0.8158,1,0
REQ-001183,11,AIRPORT,FINANCIAL_DISTRICT,STANDARD,12.88,39.2,CLEAR,0.0,10.0,8.8,0.06,0,18,29,1.61,REGULAR,32.82,0.0,0.0,0.214,0.0,1.21,39.71,30.47,9.24,0.8397,1,0
REQ-001184,10,AIRPORT,TECH_CORRIDOR,COMFORT,3.09,8.1,RAIN,11.4,5.6,16.8,0.34,0,60,47,0.78,REGULAR,13.25,0.378,0.03,0.0,0.0,1.41,18.68,14.55,4.13,0.7642,0,0
REQ-001185,19,DOWNTOWN,TECH_CORRIDOR,PREMIUM,3.98,10.9,CLEAR,0.0,10.0,22.5,0.44,0,49,78,1.59,GOLD,28.41,0.0,0.08,0.207,0.25,1.54,43.75,34.35,9.4,0.7931,1,0
REQ-001186,5,AIRPORT,FINANCIAL_DISTRICT,COMFORT,3.67,9.9,HEAVY_RAIN,23.8,2.6,26.1,0.17,0,53,57,1.08,REGULAR,15.02,0.808,0.0,0.0,0.0,1.81,27.19,21.61,5.58,0.5538,0,0
REQ-001187,0,TECH_CORRIDOR,SUBURB_NORTH,PREMIUM,27.78,61.6,CLEAR,0.0,10.0,20.7,0.15,0,27,27,1.0,GOLD,138.14,0.0,0.0,0.0,0.15,1.15,158.86,121.22,37.64,0.9072,1,0
REQ-001188,15,DOWNTOWN,TECH_CORRIDOR,COMFORT,16.82,42.1,CLEAR,0.0,10.0,19.2,0.18,0,32,61,1.91,REGULAR,51.2,0.0,0.0,0.318,0.0,1.32,67.58,52.32,15.26,0.8009,0,0
REQ-001189,21,AIRPORT,DOWNTOWN,PREMIUM,20.83,43.8,CLEAR,0.0,10.0,21.5,0.22,1,12,34,2.83,REGULAR,103.55,0.0,0.121,0.64,0.0,1.76,182.25,144.56,37.69,0.5832,1,0
REQ-001190,6,DOWNTOWN,FINANCIAL_DISTRICT,XL,6.24,13.4,RAIN,4.4,6.9,30.3,0.28,0,13,70,5.38,GOLD,27.14,0.356,0.011,1.2,0.0,2.57,69.75,56.57,13.18,0.2445,0,0
REQ-001191,6,SUBURB_NORTH,AIRPORT,STANDARD,18.94,47.7,CLEAR,0.0,10.0,19.8,0.4,2,52,31,0.6,GOLD,43.38,0.0,0.298,0.0,0.0,1.3,56.39,43.59,12.8,0.8721,1,0
REQ-001192,12,AIRPORT,FINANCIAL_DISTRICT,COMFORT,16.02,33.2,CLEAR,0.0,10.0,7.6,0.07,0,41,40,0.98,REGULAR,45.87,0.0,0.0,0.0,0.0,1.0,45.87,34.4,11.47,0.8966,1,0
REQ-001193,21,AIRPORT,FINANCIAL_DISTRICT,PREMIUM,23.9,63.6,RAIN,12.2,4.2,17.2,0.22,0,23,39,1.7,REGULAR,128.98,0.387,0.001,0.245,0.0,1.63,210.24,165.81,44.43,0.6566,1,0
REQ-001194,23,FINANCIAL_DISTRICT,TECH_CORRIDOR,COMFORT,7.58,18.8,CLEAR,0.0,10.0,14.1,0.3,0,60,61,1.02,REGULAR,25.47,0.0,0.017,0.0,0.15,1.17,29.8,22.78,7.02,0.8522,1,0
REQ-001195,2,FINANCIAL_DISTRICT,TECH_CORRIDOR,XL,27.09,52.9,CLEAR,0.0,10.0,22.9,0.13,0,14,79,5.64,GOLD,94.63,0.019,0.0,1.2,0.15,2.37,224.27,181.17,43.1,0.3434,0,0
REQ-001196,2,FINANCIAL_DISTRICT,SUBURB_NORTH,COMFORT,13.99,36.9,CLEAR,0.0,10.0,13.8,0.34,0,38,73,1.92,REGULAR,44.19,0.063,0.03,0.322,0.15,1.56,68.94,54.18,14.76,0.6934,1,0
REQ-001197,17,SUBURB_NORTH,AIRPORT,COMFORT,2.16,6.6,CLEAR,0.0,10.0,28.1,0.51,1,16,69,4.31,REGULAR,11.03,0.026,0.372,1.158,0.25,2.81,30.99,25.24,5.75,0.1012,0,0
REQ-001198,18,DOWNTOWN,TECH_CORRIDOR,STANDARD,11.16,29.4,HEAVY_RAIN,45.7,1.9,13.1,0.48,0,60,29,0.48,GOLD,27.24,1.124,0.106,0.0,0.25,2.48,67.56,54.7,12.86,0.2866,0,0
REQ-001199,3,SUBURB_NORTH,TECH_CORRIDOR,COMFORT,17.9,41.1,CLEAR,0.0,10.0,17.1,0.25,0,29,51,1.76,REGULAR,52.53,0.0,0.005,0.266,0.15,1.42,74.59,58.15,16.44,0.7599,1,0
REQ-001200,18,SUBURB_NORTH,DOWNTOWN,PREMIUM,21.19,64.4,HEAVY_RAIN,20.9,1.2,17.8,0.59,0,12,66,5.5,REGULAR,122.07,0.927,0.336,1.2,0.25,3.5,427.25,350.96,76.29,0.021,0,1
REQ-001201,8,DOWNTOWN,FINANCIAL_DISTRICT,PREMIUM,9.98,27.5,DRIZZLE,0.0,10.0,23.5,0.53,0,20,74,3.7,GOLD,59.32,0.137,0.272,0.945,0.2,2.55,151.27,122.65,28.62,0.2535,1,0
REQ-001202,20,SUBURB_NORTH,FINANCIAL_DISTRICT,XL,23.81,60.2,CLEAR,0.0,10.0,15.8,0.37,1,32,47,1.47,GOLD,92.12,0.0,0.163,0.164,0.0,1.33,122.52,94.93,27.59,0.8639,1,0
REQ-001203,21,AIRPORT,SUBURB_NORTH,XL,2.26,6.0,DRIZZLE,0.0,10.0,26.8,0.18,0,10,30,3.0,REGULAR,14.35,0.145,0.0,0.7,0.0,1.84,26.4,21.0,5.4,0.5359,0,0
REQ-001204,1,DOWNTOWN,TECH_CORRIDOR,PREMIUM,9.54,25.2,CLEAR,0.0,10.0,19.7,0.38,0,22,10,0.45,REGULAR,56.13,0.0,0.048,0.0,0.15,1.2,67.36,51.64,15.72,0.8429,1,0
REQ-001205,17,TECH_CORRIDOR,FINANCIAL_DISTRICT,STANDARD,10.58,23.6,DRIZZLE,0.0,10.0,21.7,0.52,0,43,54,1.26,REGULAR,24.48,0.103,0.261,0.091,0.25,1.7,41.62,32.93,8.69,0.6177,0,0
REQ-001206,1,DOWNTOWN,AIRPORT,PREMIUM,22.5,69.3,CLEAR,0.0,10.0,6.2,0.21,0,57,55,0.96,REGULAR,129.9,0.0,0.0,0.0,0.15,1.15,149.38,113.98,35.4,0.8581,1,0
REQ-001207,18,AIRPORT,TECH_CORRIDOR,XL,4.52,9.8,CLEAR,0.0,10.0,16.8,0.78,0,44,16,0.36,REGULAR,21.37,0.0,0.583,0.0,0.25,1.83,39.11,31.11,8.0,0.5419,1,0
REQ-001208,1,DOWNTOWN,FINANCIAL_DISTRICT,PREMIUM,6.21,18.8,CLEAR,0.0,10.0,22.0,0.2,0,25,47,1.88,REGULAR,41.37,0.0,0.0,0.308,0.15,1.46,60.4,47.2,13.2,0.7419,0,0
REQ-001209,13,FINANCIAL_DISTRICT,DOWNTOWN,PREMIUM,14.58,39.8,DRIZZLE,0.0,10.0,30.1,0.2,0,17,26,1.53,REGULAR,82.65,0.127,0.0,0.185,0.0,1.31,108.27,83.76,24.51,0.8047,0,0
REQ-001210,5,TECH_CORRIDOR,SUBURB_NORTH,PREMIUM,5.56,17.3,CLEAR,0.0,10.0,28.1,0.05,0,49,47,0.96,REGULAR,38.28,0.0,0.0,0.0,0.0,1.0,38.28,28.71,9.57,0.8966,1,0
REQ-001211,9,SUBURB_NORTH,AIRPORT,PREMIUM,25.42,56.6,DRIZZLE,0.0,10.0,13.8,0.67,0,60,39,0.65,REGULAR,127.29,0.1,0.433,0.0,0.2,1.73,220.21,174.45,45.76,0.6006,1,0
REQ-001212,6,SUBURB_NORTH,DOWNTOWN,COMFORT,9.47,26.7,CLEAR,0.0,10.0,23.9,0.29,1,23,60,2.61,REGULAR,32.15,0.04,0.134,0.563,0.0,1.74,55.94,44.33,11.61,0.5948,1,0
REQ-001213,4,DOWNTOWN,FINANCIAL_DISTRICT,PREMIUM,8.16,23.6,DRIZZLE,0.0,10.0,17.5,0.36,0,23,54,2.35,REGULAR,50.91,0.1,0.039,0.472,0.0,1.61,81.97,64.58,17.39,0.6673,0,0
REQ-001214,5,AIRPORT,SUBURB_NORTH,COMFORT,6.7,18.3,DRIZZLE,0.0,10.0,14.3,0.18,0,28,72,2.57,REGULAR,23.79,0.1,0.0,0.549,0.0,1.65,39.25,30.98,8.27,0.6457,1,0
REQ-001215,20,DOWNTOWN,FINANCIAL_DISTRICT,XL,25.82,65.6,CLEAR,0.0,10.0,13.3,0.23,0,56,56,1.0,REGULAR,99.58,0.0,0.002,0.0,0.0,1.0,99.58,74.69,24.89,0.8966,1,0
REQ-001216,23,FINANCIAL_DISTRICT,SUBURB_NORTH,PREMIUM,24.72,69.8,CLEAR,0.0,10.0,27.5,0.1,0,44,68,1.55,REGULAR,136.55,0.035,0.0,0.193,0.15,1.38,188.44,146.52,41.92,0.777,1,0
REQ-001217,17,TECH_CORRIDOR,FINANCIAL_DISTRICT,STANDARD,10.67,26.5,CLEAR,0.0,10.0,10.3,0.59,0,20,40,2.0,GOLD,25.61,0.0,0.336,0.35,0.25,1.94,49.68,39.67,10.01,0.5948,1,0
REQ-001218,16,TECH_CORRIDOR,FINANCIAL_DISTRICT,PREMIUM,26.34,66.3,CLEAR,0.0,10.0,9.7,0.08,0,38,35,0.92,REGULAR,138.1,0.056,0.0,0.0,0.0,1.06,146.39,110.62,35.77,0.8825,1,0
REQ-001219,3,SUBURB_NORTH,FINANCIAL_DISTRICT,XL,19.79,44.3,CLEAR,0.0,10.0,13.3,0.31,0,38,75,1.97,REGULAR,74.14,0.0,0.02,0.339,0.15,1.51,111.95,87.74,24.21,0.7183,1,0
REQ-001220,8,DOWNTOWN,SUBURB_NORTH,PREMIUM,19.82,40.9,HEAVY_RAIN,39.9,2.3,17.0,0.47,0,12,49,4.08,REGULAR,98.27,1.019,0.099,1.078,0.2,3.4,334.12,274.18,59.94,0.0266,0,0
REQ-001221,10,FINANCIAL_DISTRICT,SUBURB_NORTH,PREMIUM,18.36,44.1,CLEAR,0.0,10.0,20.9,0.06,1,11,78,7.09,REGULAR,96.89,0.0,0.12,1.2,0.0,2.32,224.78,181.37,43.41,0.2674,0,0
REQ-001222,10,FINANCIAL_DISTRICT,DOWNTOWN,COMFORT,23.65,65.2,CLEAR,0.0,10.0,24.0,0.21,0,18,47,2.61,REGULAR,72.86,0.0,0.0,0.563,0.0,1.56,113.66,89.32,24.34,0.6934,0,0
REQ-001223,17,TECH_CORRIDOR,AIRPORT,PREMIUM,17.15,41.4,THUNDERSTORM,34.8,2.4,18.2,0.66,0,41,24,0.59,GOLD,91.21,1.2,0.42,0.0,0.25,2.87,261.77,213.38,48.39,0.1361,1,0
REQ-001224,17,FINANCIAL_DISTRICT,DOWNTOWN,PREMIUM,21.38,52.3,DRIZZLE,0.0,10.0,29.2,0.78,0,42,34,0.81,REGULAR,112.31,0.135,0.583,0.0,0.25,1.97,221.25,176.83,44.42,0.4581,0,0
REQ-001225,18,SUBURB_NORTH,DOWNTOWN,PREMIUM,2.37,5.4,CLEAR,0.0,10.0,29.7,0.55,1,25,36,1.44,REGULAR,19.23,0.0,0.412,0.154,0.25,1.82,35.0,27.83,7.17,0.5479,0,0
REQ-001226,20,FINANCIAL_DISTRICT,TECH_CORRIDOR,STANDARD,4.16,11.7,CLEAR,0.0,10.0,19.3,0.22,0,44,41,0.93,REGULAR,12.29,0.0,0.001,0.0,0.0,1.0,12.29,9.22,3.07,0.8966,0,0
REQ-001227,0,TECH_CORRIDOR,DOWNTOWN,XL,26.58,60.4,HEAVY_RAIN,20.9,2.5,22.7,0.39,0,14,66,4.71,REGULAR,98.06,0.827,0.053,1.2,0.15,3.23,316.73,259.41,57.32,0.0395,0,0
REQ-001228,7,AIRPORT,FINANCIAL_DISTRICT,PREMIUM,26.04,68.2,HEAVY_RAIN,34.9,2.1,22.7,0.64,1,54,69,1.28,PLATINUM,138.88,0.988,0.516,0.098,0.2,2.8,388.86,316.64,72.22,0.2108,1,0
REQ-001229,23,AIRPORT,FINANCIAL_DISTRICT,COMFORT,19.51,35.7,CLEAR,0.0,10.0,20.5,0.08,0,16,70,4.38,REGULAR,52.76,0.018,0.0,1.183,0.15,2.35,123.99,100.12,23.87,0.2535,0,0
REQ-001230,18,AIRPORT,SUBURB_NORTH,STANDARD,8.33,20.0,CLEAR,0.0,10.0,19.3,0.76,0,10,46,4.6,REGULAR,20.41,0.029,0.555,1.2,0.25,3.03,61.84,50.52,11.32,0.0623,0,0
REQ-001231,10,AIRPORT,FINANCIAL_DISTRICT,PREMIUM,7.37,14.0,THUNDERSTORM,51.8,1.8,10.6,0.11,0,30,75,2.5,GOLD,40.54,1.2,0.0,0.525,0.0,2.73,110.67,90.02,20.65,0.1806,0,0
REQ-001232,22,FINANCIAL_DISTRICT,AIRPORT,XL,8.29,22.1,CLEAR,0.0,10.0,14.0,0.4,0,13,56,4.31,REGULAR,36.67,0.0,0.058,1.158,0.0,2.22,81.41,65.53,15.88,0.3169,1,0
REQ-001233,7,FINANCIAL_DISTRICT,DOWNTOWN,XL,24.38,71.9,DRIZZLE,0.0,10.0,20.3,0.76,1,32,47,1.47,REGULAR,100.34,0.1,0.673,0.164,0.2,2.14,214.73,172.49,42.24,0.3599,0,0
REQ-001234,15,TECH_CORRIDOR,DOWNTOWN,COMFORT,23.8,73.2,CLEAR,0.0,10.0,17.3,0.27,0,32,62,1.94,REGULAR,76.71,0.038,0.009,0.329,0.0,1.38,105.86,82.31,23.55,0.777,0,0
REQ-001235,2,AIRPORT,FINANCIAL_DISTRICT,STANDARD,11.82,25.5,RAIN,11.2,4.3,29.1,0.33,0,21,52,2.48,REGULAR,26.7,0.376,0.027,0.518,0.15,2.07,55.27,44.31,10.96,0.3994,0,0
REQ-001236,3,AIRPORT,TECH_CORRIDOR,XL,3.11,7.2,CLEAR,0.0,10.0,23.1,0.1,2,17,72,4.24,REGULAR,16.85,0.0,0.24,1.134,0.15,2.52,42.46,34.41,8.05,0.1842,0,0
REQ-001237,14,TECH_CORRIDOR,DOWNTOWN,XL,18.48,50.8,CLEAR,0.0,10.0,25.4,0.18,2,34,15,0.44,REGULAR,75.29,0.0,0.24,0.0,0.0,1.24,93.36,71.83,21.53,0.8298,1,0
REQ-001238,8,TECH_CORRIDOR,DOWNTOWN,COMFORT,6.5,16.6,THUNDERSTORM,40.4,2.4,28.5,0.56,0,57,52,0.91,REGULAR,22.69,1.2,0.303,0.0,0.2,2.7,61.26,49.8,11.46,0.1279,0,0
REQ-001239,0,FINANCIAL_DISTRICT,TECH_CORRIDOR,STANDARD,13.79,42.0,DRIZZLE,0.0,10.0,16.5,0.27,1,14,59,4.21,GOLD,34.94,0.1,0.129,1.123,0.15,2.5,87.35,70.75,16.6,0.2769,0,0
REQ-001240,16,DOWNTOWN,AIRPORT,XL,26.62,69.9,THUNDERSTORM,40.3,1.0,17.7,0.19,0,21,61,2.9,REGULAR,103.84,1.2,0.0,0.665,0.0,2.87,298.02,242.93,55.09,0.0888,0,0
REQ-001241,0,DOWNTOWN,SUBURB_NORTH,STANDARD,8.05,14.6,DRIZZLE,0.0,10.0,8.0,0.13,0,9,33,3.67,REGULAR,18.17,0.167,0.0,0.934,0.15,2.25,40.88,32.93,7.95,0.3015,0,0
REQ-001242,2,AIRPORT,SUBURB_NORTH,COMFORT,27.22,84.2,DRIZZLE,0.0,10.0,9.6,0.41,0,30,67,2.23,REGULAR,87.3,0.143,0.063,0.43,0.15,1.79,156.27,124.1,32.17,0.5656,1,0
REQ-001243,22,AIRPORT,DOWNTOWN,STANDARD,3.47,9.6,DRIZZLE,0.0,10.0,24.0,0.14,0,23,80,3.48,REGULAR,10.7,0.1,0.0,0.868,0.0,1.97,21.08,16.85,4.23,0.4581,1,0
REQ-001244,4,SUBURB_NORTH,AIRPORT,STANDARD,26.82,83.0,RAIN,9.5,5.9,20.9,0.24,0,44,62,1.41,REGULAR,65.57,0.359,0.003,0.143,0.0,1.5,98.35,77.04,21.31,0.7231,1,0
REQ-001245,0,DOWNTOWN,TECH_CORRIDOR,XL,22.63,46.6,CLEAR,0.0,10.0,29.0,0.14,0,47,16,0.34,REGULAR,81.48,0.0,0.0,0.0,0.15,1.15,93.7,71.5,22.2,0.8581,1,0
REQ-001246,15,TECH_CORRIDOR,SUBURB_NORTH,STANDARD,19.88,41.8,CLEAR,0.0,10.0,19.7,0.31,1,17,14,0.82,REGULAR,42.48,0.0,0.14,0.0,0.0,1.14,48.43,36.92,11.51,0.861,1,0
REQ-001247,11,FINANCIAL_DISTRICT,TECH_CORRIDOR,PREMIUM,20.76,39.4,CLEAR,0.0,10.0,30.9,0.05,0,9,17,1.89,REGULAR,99.62,0.0,0.0,0.311,0.0,1.31,130.5,100.96,29.54,0.8047,1,0
REQ-001248,14,AIRPORT,DOWNTOWN,STANDARD,22.76,47.9,CLEAR,0.0,10.0,25.3,0.23,0,42,58,1.38,REGULAR,48.21,0.0,0.002,0.133,0.0,1.14,54.96,41.89,13.07,0.861,1,0
REQ-001249,0,SUBURB_NORTH,DOWNTOWN,PREMIUM,14.89,30.7,RAIN,6.0,7.5,24.2,0.21,1,39,24,0.62,REGULAR,75.78,0.318,0.12,0.0,0.15,1.59,120.49,94.84,25.65,0.6779,1,0
REQ-001250,13,DOWNTOWN,TECH_CORRIDOR,STANDARD,13.82,30.8,CLEAR,0.0,10.0,31.4,0.35,0,16,33,2.06,REGULAR,31.05,0.029,0.034,0.371,0.0,1.43,44.4,34.63,9.77,0.7555,1,0
REQ-001251,18,SUBURB_NORTH,DOWNTOWN,COMFORT,10.9,22.9,CLEAR,0.0,10.0,7.2,0.81,2,25,49,1.96,GOLD,32.78,0.068,0.868,0.336,0.25,2.52,82.61,66.94,15.67,0.2674,0,0
REQ-001252,5,SUBURB_NORTH,FINANCIAL_DISTRICT,PREMIUM,18.04,37.7,CLEAR,0.0,10.0,21.9,0.14,1,34,20,0.59,REGULAR,90.56,0.0,0.12,0.0,0.0,1.12,101.43,77.16,24.27,0.8667,1,0
REQ-001253,22,AIRPORT,DOWNTOWN,COMFORT,9.03,20.6,CLEAR,0.0,10.0,19.6,0.06,1,44,24,0.55,REGULAR,28.67,0.0,0.12,0.0,0.0,1.12,32.11,24.43,7.68,0.8667,0,0
REQ-001254,12,TECH_CORRIDOR,DOWNTOWN,COMFORT,22.94,58.7,FOG,0.0,10.0,24.0,0.37,0,43,64,1.49,GOLD,68.77,0.202,0.043,0.171,0.0,1.42,97.65,76.13,21.52,0.8364,0,0
REQ-001255,1,TECH_CORRIDOR,SUBURB_NORTH,COMFORT,7.56,17.6,THUNDERSTORM,40.0,1.2,17.3,0.35,0,13,24,1.85,REGULAR,24.89,1.2,0.034,0.297,0.15,2.68,66.71,54.21,12.5,0.1333,0,0
REQ-001256,12,TECH_CORRIDOR,FINANCIAL_DISTRICT,STANDARD,13.37,24.9,DRIZZLE,0.0,10.0,24.6,0.38,0,33,26,0.79,GOLD,28.42,0.1,0.048,0.0,0.0,1.15,32.68,24.94,7.74,0.9072,1,0
REQ-001257,1,FINANCIAL_DISTRICT,SUBURB_NORTH,XL,15.26,33.2,CLEAR,0.0,10.0,8.2,0.26,0,17,11,0.65,REGULAR,57.97,0.0,0.007,0.0,0.15,1.16,67.25,51.37,15.88,0.8552,0,0
REQ-001258,10,FINANCIAL_DISTRICT,TECH_CORRIDOR,COMFORT,24.52,56.5,CLEAR,0.0,10.0,10.6,0.07,1,41,58,1.41,REGULAR,70.39,0.0,0.12,0.143,0.0,1.26,88.69,68.35,20.34,0.8229,1,0
REQ-001259,0,SUBURB_NORTH,TECH_CORRIDOR,COMFORT,17.44,46.3,CLEAR,0.0,10.0,20.4,0.45,1,15,61,4.07,GOLD,54.12,0.015,0.206,1.075,0.15,2.45,132.59,107.29,25.3,0.3015,1,0
REQ-001260,15,DOWNTOWN,TECH_CORRIDOR,COMFORT,23.33,46.5,CLEAR,0.0,10.0,17.3,0.32,0,37,15,0.41,REGULAR,63.92,0.031,0.023,0.0,0.0,1.05,67.12,50.66,16.46,0.8849,1,0
REQ-001261,17,AIRPORT,SUBURB_NORTH,STANDARD,26.51,79.9,CLEAR,0.0,10.0,32.0,0.42,1,46,75,1.63,REGULAR,64.1,0.0,0.189,0.22,0.25,1.66,106.41,84.04,22.37,0.6401,1,0
REQ-001262,14,SUBURB_NORTH,DOWNTOWN,STANDARD,20.8,44.6,CLEAR,0.0,10.0,7.6,0.18,0,31,43,1.39,REGULAR,44.61,0.046,0.0,0.136,0.0,1.18,52.64,40.28,12.36,0.8492,1,0
REQ-001263,8,TECH_CORRIDOR,AIRPORT,COMFORT,27.29,56.3,RAIN,11.0,4.3,10.5,0.52,0,32,42,1.31,REGULAR,74.87,0.384,0.263,0.109,0.2,1.96,146.75,117.25,29.5,0.4641,0,0
REQ-001264,3,AIRPORT,TECH_CORRIDOR,PREMIUM,13.48,37.8,CLEAR,0.0,10.0,8.7,0.34,0,42,21,0.5,REGULAR,77.87,0.046,0.03,0.0,0.15,1.23,95.78,73.63,22.15,0.8331,1,0
REQ-001265,0,FINANCIAL_DISTRICT,AIRPORT,PREMIUM,17.51,50.3,CLEAR,0.0,10.0,29.0,0.26,0,24,51,2.12,PLATINUM,99.78,0.0,0.007,0.392,0.15,1.55,154.66,121.48,33.18,0.8429,1,0
REQ-001266,7,AIRPORT,FINANCIAL_DISTRICT,PREMIUM,10.1,31.6,CLEAR,0.0,10.0,17.3,0.44,0,43,27,0.63,REGULAR,63.14,0.0,0.08,0.0,0.2,1.28,80.82,62.38,18.44,0.8158,1,0
REQ-001267,20,TECH_CORRIDOR,DOWNTOWN,PREMIUM,26.39,70.7,BLIZZARD,33.8,0.5,-1.6,0.06,0,11,43,3.91,REGULAR,141.98,1.2,0.0,1.018,0.0,3.22,457.18,374.4,82.78,0.0404,1,0
REQ-001268,0,DOWNTOWN,AIRPORT,COMFORT,15.58,38.0,CLEAR,0.0,10.0,28.7,0.13,0,48,64,1.33,REGULAR,47.31,0.054,0.0,0.116,0.15,1.32,62.45,48.35,14.1,0.8009,1,0
REQ-001269,13,DOWNTOWN,SUBURB_NORTH,XL,2.3,6.5,RAIN,5.7,7.3,29.1,0.35,0,27,32,1.19,GOLD,14.73,0.37,0.034,0.0,0.0,1.4,20.62,16.05,4.57,0.8429,0,0
REQ-001270,3,SUBURB_NORTH,FINANCIAL_DISTRICT,XL,11.95,37.7,DRIZZLE,0.0,10.0,14.0,0.25,0,21,49,2.33,REGULAR,53.71,0.1,0.005,0.465,0.15,1.72,92.38,73.15,19.23,0.6064,1,0
REQ-001271,17,FINANCIAL_DISTRICT,SUBURB_NORTH,PREMIUM,4.16,13.3,CLEAR,0.0,10.0,30.4,0.74,1,37,33,0.89,REGULAR,30.95,0.009,0.646,0.0,0.25,1.9,58.8,46.88,11.92,0.5,0,0
REQ-001272,11,TECH_CORRIDOR,SUBURB_NORTH,PREMIUM,20.29,47.5,THUNDERSTORM,51.3,2.9,28.1,0.08,0,34,79,2.32,REGULAR,105.19,1.2,0.0,0.462,0.0,2.66,279.81,227.32,52.49,0.139,0,0
REQ-001273,5,AIRPORT,SUBURB_NORTH,PREMIUM,14.14,27.0,DRIZZLE,0.0,10.0,22.3,0.06,0,40,48,1.2,REGULAR,70.54,0.1,0.0,0.0,0.0,1.1,77.59,58.9,18.69,0.8721,1,0
REQ-001274,6,AIRPORT,FINANCIAL_DISTRICT,COMFORT,8.12,24.4,CLEAR,0.0,10.0,13.3,0.35,0,15,29,1.93,REGULAR,28.88,0.0,0.034,0.325,0.0,1.36,39.28,30.5,8.78,0.7852,0,0
REQ-001275,5,SUBURB_NORTH,AIRPORT,XL,6.25,13.5,CLEAR,0.0,10.0,15.8,0.37,0,15,22,1.47,REGULAR,27.22,0.0,0.043,0.164,0.0,1.21,32.94,25.28,7.66,0.8397,1,0
REQ-001276,21,FINANCIAL_DISTRICT,DOWNTOWN,COMFORT,14.05,25.3,CLEAR,0.0,10.0,13.3,0.28,0,40,32,0.8,GOLD,39.06,0.0,0.011,0.0,0.0,1.01,39.45,29.63,9.82,0.9319,1,0
REQ-001277,0,AIRPORT,TECH_CORRIDOR,STANDARD,27.82,65.9,CLEAR,0.0,10.0,7.7,0.07,1,60,57,0.95,REGULAR,60.84,0.0,0.12,0.0,0.15,1.27,77.27,59.6,17.67,0.8194,1,0
REQ-001278,22,AIRPORT,DOWNTOWN,COMFORT,8.43,15.5,CLEAR,0.0,10.0,13.4,0.26,1,23,73,3.17,REGULAR,25.39,0.005,0.127,0.759,0.0,1.89,47.99,38.25,9.74,0.506,0,0
REQ-001279,1,TECH_CORRIDOR,SUBURB_NORTH,STANDARD,27.67,57.7,FOG,0.0,10.0,10.4,0.27,0,11,20,1.82,REGULAR,57.79,0.2,0.009,0.287,0.15,1.65,95.35,75.27,20.08,0.6457,1,0
REQ-001280,3,DOWNTOWN,AIRPORT,XL,25.89,63.8,CLEAR,0.0,10.0,25.3,0.09,0,43,63,1.47,REGULAR,98.65,0.0,0.0,0.164,0.15,1.31,129.23,99.98,29.25,0.8047,1,0
REQ-001281,1,SUBURB_NORTH,FINANCIAL_DISTRICT,XL,19.78,52.7,RAIN,6.1,6.3,12.7,0.24,0,8,25,3.12,REGULAR,79.16,0.394,0.003,0.742,0.15,2.29,181.28,146.17,35.11,0.2817,0,0
REQ-001282,0,AIRPORT,FINANCIAL_DISTRICT,XL,15.78,44.0,CLEAR,0.0,10.0,9.5,0.4,0,38,27,0.71,GOLD,65.54,0.0,0.058,0.0,0.15,1.21,79.3,60.85,18.45,0.8944,1,0
REQ-001283,13,DOWNTOWN,AIRPORT,PREMIUM,4.91,11.7,CLEAR,0.0,10.0,23.6,0.3,0,20,59,2.95,REGULAR,31.69,0.0,0.017,0.682,0.0,1.7,53.87,42.62,11.25,0.6177,1,0
REQ-001284,14,DOWNTOWN,AIRPORT,PREMIUM,10.81,22.9,HEAVY_RAIN,42.4,0.8,29.4,0.16,1,54,80,1.48,REGULAR,57.73,1.197,0.12,0.168,0.0,2.49,143.75,116.41,27.34,0.1953,0,0
REQ-001285,9,TECH_CORRIDOR,DOWNTOWN,STANDARD,6.41,13.8,CLEAR,0.0,10.0,25.7,0.58,0,15,60,4.0,REGULAR,15.84,0.0,0.325,1.05,0.2,2.58,40.87,33.16,7.71,0.1636,0,0
REQ-001286,21,SUBURB_NORTH,TECH_CORRIDOR,XL,24.02,52.0,CLEAR,0.0,10.0,15.5,0.32,1,47,25,0.53,REGULAR,87.64,0.0,0.143,0.0,0.0,1.14,99.91,76.16,23.75,0.861,1,0
REQ-001287,13,AIRPORT,FINANCIAL_DISTRICT,STANDARD,10.37,29.3,HEAVY_RAIN,52.9,1.5,5.1,0.14,0,60,76,1.27,GOLD,26.21,1.2,0.0,0.095,0.0,2.3,60.28,48.62,11.66,0.3823,0,0
REQ-001288,19,FINANCIAL_DISTRICT,SUBURB_NORTH,COMFORT,20.27,56.2,CLEAR,0.0,10.0,11.0,0.64,0,9,11,1.22,REGULAR,63.24,0.0,0.396,0.077,0.25,1.72,108.77,86.13,22.64,0.6064,1,0
REQ-001289,4,SUBURB_NORTH,DOWNTOWN,STANDARD,10.23,21.7,CLEAR,0.0,10.0,29.6,0.34,0,32,47,1.47,REGULAR,23.38,0.0,0.03,0.164,0.0,1.19,27.82,21.31,6.51,0.8461,1,0
REQ-001290,0,FINANCIAL_DISTRICT,SUBURB_NORTH,COMFORT,10.06,19.4,CLEAR,0.0,10.0,27.1,0.16,0,17,72,4.24,REGULAR,29.83,0.046,0.0,1.134,0.15,2.33,69.5,56.09,13.41,0.2627,0,0
REQ-001291,10,SUBURB_NORTH,DOWNTOWN,XL,14.28,36.7,RAIN,14.0,4.4,19.7,0.23,0,16,39,2.44,REGULAR,58.01,0.407,0.002,0.504,0.0,1.91,110.8,88.38,22.42,0.494,0,0
REQ-001292,20,SUBURB_NORTH,DOWNTOWN,XL,11.42,23.0,CLEAR,0.0,10.0,23.1,0.11,2,26,47,1.81,REGULAR,43.78,0.0,0.24,0.283,0.0,1.52,66.55,52.19,14.36,0.7134,0,0
REQ-001293,1,AIRPORT,SUBURB_NORTH,PREMIUM,22.1,54.3,CLEAR,0.0,10.0,16.9,0.13,0,31,59,1.9,GOLD,116.03,0.0,0.0,0.315,0.15,1.46,169.4,132.39,37.01,0.8229,1,0
REQ-001294,3,SUBURB_NORTH,FINANCIAL_DISTRICT,PREMIUM,19.28,36.4,CLEAR,0.0,10.0,13.3,0.06,0,60,19,0.32,GOLD,92.92,0.0,0.0,0.0,0.15,1.15,106.86,81.54,25.32,0.9072,1,0
REQ-001295,5,AIRPORT,TECH_CORRIDOR,COMFORT,11.97,24.3,CLEAR,0.0,10.0,25.8,0.26,0,19,76,4.0,GOLD,35.19,0.0,0.007,1.05,0.0,2.06,72.49,58.1,14.39,0.524,0,0
REQ-001296,20,SUBURB_NORTH,TECH_CORRIDOR,PREMIUM,8.52,15.5,HEAVY_RAIN,47.3,0.9,30.5,0.33,0,43,61,1.42,REGULAR,45.03,1.2,0.027,0.147,0.0,2.37,106.72,86.21,20.51,0.2445,0,0
REQ-001297,16,AIRPORT,FINANCIAL_DISTRICT,COMFORT,25.22,60.6,HEAVY_RAIN,44.3,1.5,23.1,0.16,0,33,39,1.18,REGULAR,73.38,1.148,0.0,0.0,0.0,2.15,157.77,126.77,31.0,0.3543,0,0
REQ-001298,21,AIRPORT,FINANCIAL_DISTRICT,XL,2.16,6.3,CLEAR,0.0,10.0,27.5,0.24,0,28,67,2.39,REGULAR,14.32,0.014,0.003,0.486,0.0,1.5,21.48,16.83,4.65,0.7231,1,0
REQ-001299,13,DOWNTOWN,SUBURB_NORTH,COMFORT,19.73,55.9,CLEAR,0.0,10.0,24.9,0.4,0,24,30,1.25,REGULAR,62.21,0.0,0.058,0.087,0.0,1.15,71.54,54.59,16.95,0.8581,1,0
REQ-001300,6,DOWNTOWN,AIRPORT,XL,5.83,12.0,HEAVY_RAIN,50.0,0.8,24.7,0.33,0,38,23,0.61,REGULAR,25.44,1.2,0.027,0.0,0.0,2.23,56.73,45.68,11.05,0.3117,1,0
REQ-001301,15,SUBURB_NORTH,AIRPORT,PREMIUM,13.07,25.7,CLEAR,0.0,10.0,9.4,0.11,0,26,44,1.69,GOLD,66.44,0.016,0.0,0.241,0.0,1.26,83.71,64.51,19.2,0.8825,1,0
REQ-001302,13,TECH_CORRIDOR,FINANCIAL_DISTRICT,STANDARD,11.74,36.6,SNOW,3.1,6.3,-12.2,0.35,0,58,80,1.38,REGULAR,30.49,0.73,0.034,0.133,0.0,1.9,57.93,46.19,11.74,0.5,0,0
REQ-001303,1,AIRPORT,FINANCIAL_DISTRICT,PREMIUM,8.98,26.6,CLEAR,0.0,10.0,5.7,0.24,2,21,20,0.95,REGULAR,55.75,0.0,0.243,0.0,0.15,1.39,77.49,60.29,17.2,0.7728,1,0
REQ-001304,6,DOWNTOWN,SUBURB_NORTH,STANDARD,26.48,58.5,CLEAR,0.0,10.0,16.2,0.15,0,15,66,4.4,REGULAR,56.57,0.0,0.0,1.19,0.0,2.19,123.89,99.65,24.24,0.3327,1,0
REQ-001305,7,SUBURB_NORTH,TECH_CORRIDOR,COMFORT,25.81,46.7,SNOW,3.4,5.6,-11.1,0.56,0,43,51,1.19,REGULAR,68.11,0.66,0.303,0.0,0.2,2.16,147.12,118.24,28.88,0.3489,0,0
REQ-001306,15,TECH_CORRIDOR,FINANCIAL_DISTRICT,COMFORT,14.01,28.3,CLEAR,0.0,10.0,28.3,0.28,0,49,16,0.33,REGULAR,40.36,0.0,0.011,0.0,0.0,1.01,40.76,30.61,10.15,0.8944,1,0
REQ-001307,14,SUBURB_NORTH,DOWNTOWN,COMFORT,23.59,66.2,CLEAR,0.0,10.0,13.9,0.4,0,21,72,3.43,REGULAR,73.21,0.0,0.058,0.851,0.0,1.91,139.83,111.53,28.3,0.494,0,0
REQ-001308,17,TECH_CORRIDOR,AIRPORT,STANDARD,13.77,24.8,CLEAR,0.0,10.0,27.0,0.62,0,9,31,3.44,REGULAR,28.89,0.0,0.372,0.854,0.25,2.48,71.65,58.01,13.64,0.1991,1,0
REQ-001309,11,DOWNTOWN,AIRPORT,STANDARD,6.31,18.2,RAIN,14.3,7.5,11.4,0.15,0,22,32,1.45,GOLD,17.26,0.411,0.0,0.157,0.0,1.57,27.1,21.31,5.79,0.7811,1,0
REQ-001310,7,FINANCIAL_DISTRICT,AIRPORT,COMFORT,6.51,20.4,CLEAR,0.0,10.0,6.1,0.81,0,11,24,2.18,REGULAR,24.42,0.025,0.628,0.413,0.2,2.27,55.43,44.67,10.76,0.2915,0,0
REQ-001311,1,AIRPORT,SUBURB_NORTH,XL,22.7,62.6,CLEAR,0.0,10.0,15.9,0.27,0,21,34,1.62,GOLD,91.23,0.0,0.009,0.217,0.15,1.38,125.9,97.89,28.01,0.8492,1,0
REQ-001312,13,FINANCIAL_DISTRICT,SUBURB_NORTH,COMFORT,12.25,24.8,CLEAR,0.0,10.0,26.9,0.28,0,22,25,1.14,REGULAR,35.87,0.0,0.011,0.0,0.0,1.01,36.23,27.21,9.02,0.8944,0,0
REQ-001313,14,AIRPORT,SUBURB_NORTH,STANDARD,6.2,16.2,RAIN,12.0,5.6,29.5,0.3,0,23,73,3.17,REGULAR,16.42,0.385,0.017,0.759,0.0,2.16,35.47,28.51,6.96,0.3489,1,0
REQ-001314,0,SUBURB_NORTH,AIRPORT,XL,9.22,17.4,CLEAR,0.0,10.0,21.1,0.31,0,29,22,0.76,REGULAR,35.8,0.042,0.02,0.0,0.15,1.21,43.32,33.24,10.08,0.8397,1,0
REQ-001315,23,SUBURB_NORTH,DOWNTOWN,COMFORT,4.6,10.7,CLEAR,0.0,10.0,30.5,0.16,0,40,61,1.52,REGULAR,16.9,0.038,0.0,0.182,0.15,1.37,23.15,17.99,5.16,0.7811,1,0
REQ-001316,7,FINANCIAL_DISTRICT,DOWNTOWN,PREMIUM,5.13,15.0,CLEAR,0.0,10.0,20.4,0.73,0,16,44,2.75,REGULAR,35.11,0.0,0.514,0.612,0.2,2.33,81.81,66.03,15.78,0.2627,1,0
REQ-001317,11,DOWNTOWN,FINANCIAL_DISTRICT,XL,19.97,60.0,CLEAR,0.0,10.0,7.5,0.36,1,48,23,0.48,REGULAR,83.94,0.0,0.159,0.0,0.0,1.16,97.37,74.37,23.0,0.8552,1,0
REQ-001318,4,DOWNTOWN,TECH_CORRIDOR,PREMIUM,25.85,63.2,CLEAR,0.0,10.0,21.3,0.33,0,13,74,5.69,REGULAR,134.1,0.0,0.027,1.2,0.0,2.23,299.04,240.77,58.27,0.3117,0,0
REQ-001319,0,AIRPORT,SUBURB_NORTH,STANDARD,17.36,49.1,CLEAR,0.0,10.0,19.7,0.22,0,20,36,1.8,GOLD,41.88,0.0,0.001,0.28,0.15,1.43,59.89,46.72,13.17,0.8331,1,0
REQ-001320,1,TECH_CORRIDOR,SUBURB_NORTH,XL,4.48,13.5,CLEAR,0.0,10.0,17.6,0.17,0,41,52,1.27,REGULAR,23.51,0.0,0.0,0.095,0.15,1.24,29.15,22.43,6.72,0.8298,1,0
REQ-001321,13,AIRPORT,FINANCIAL_DISTRICT,COMFORT,27.29,61.4,RAIN,8.7,5.6,9.6,0.16,0,57,31,0.54,REGULAR,77.16,0.352,0.0,0.0,0.0,1.35,104.17,80.83,23.34,0.7892,0,0
REQ-001322,17,AIRPORT,SUBURB_NORTH,STANDARD,22.43,52.7,CLEAR,0.0,10.0,10.0,0.74,0,58,61,1.05,REGULAR,49.49,0.0,0.526,0.0,0.25,1.78,88.09,69.93,18.16,0.5715,0,0
REQ-001323,8,AIRPORT,TECH_CORRIDOR,COMFORT,16.36,33.8,HEAVY_RAIN,45.8,0.7,30.5,0.51,0,44,32,0.73,REGULAR,46.7,1.2,0.252,0.0,0.2,2.65,123.76,100.53,23.23,0.1419,0,0
REQ-001324,1,TECH_CORRIDOR,SUBURB_NORTH,PREMIUM,6.43,17.8,CLEAR,0.0,10.0,15.8,0.38,0,45,56,1.24,REGULAR,41.13,0.0,0.048,0.084,0.15,1.28,52.65,40.64,12.01,0.8158,1,0
REQ-001325,2,SUBURB_NORTH,AIRPORT,STANDARD,2.49,5.3,CLEAR,0.0,10.0,25.5,0.15,0,19,27,1.42,REGULAR,7.96,0.0,0.0,0.147,0.15,1.3,10.35,8.0,2.35,0.8085,0,0
REQ-001326,1,DOWNTOWN,FINANCIAL_DISTRICT,COMFORT,11.94,21.6,CLEAR,0.0,10.0,5.6,0.23,0,25,61,2.44,REGULAR,33.92,0.0,0.002,0.504,0.15,1.66,56.31,44.47,11.84,0.6401,0,0
REQ-001327,12,SUBURB_NORTH,DOWNTOWN,PREMIUM,27.37,82.6,CLEAR,0.0,10.0,24.1,0.19,1,28,39,1.39,REGULAR,154.85,0.0,0.12,0.136,0.0,1.26,195.11,150.36,44.75,0.8229,1,0
REQ-001328,7,SUBURB_NORTH,DOWNTOWN,PREMIUM,23.48,63.9,DRIZZLE,0.0,10.0,10.6,0.49,2,58,43,0.74,REGULAR,128.05,0.142,0.353,0.0,0.2,1.69,216.4,171.13,45.27,0.6234,1,0
REQ-001329,12,SUBURB_NORTH,AIRPORT,COMFORT,26.41,74.0,CLEAR,0.0,10.0,29.3,0.42,0,38,59,1.55,REGULAR,81.38,0.0,0.069,0.193,0.0,1.26,102.54,79.02,23.52,0.8229,1,0
REQ-001330,8,SUBURB_NORTH,DOWNTOWN,PREMIUM,24.32,50.9,DRIZZLE,0.0,10.0,9.9,0.77,0,38,51,1.34,GOLD,119.37,0.174,0.569,0.119,0.2,2.06,245.9,197.08,48.82,0.524,1,0
REQ-001331,15,TECH_CORRIDOR,SUBURB_NORTH,STANDARD,27.95,83.0,DRIZZLE,0.0,10.0,20.2,0.33,1,18,46,2.56,REGULAR,66.99,0.1,0.147,0.546,0.0,1.79,119.91,95.22,24.69,0.5656,1,0
REQ-001332,8,AIRPORT,SUBURB_NORTH,STANDARD,21.98,44.7,CLEAR,0.0,10.0,26.1,0.63,0,44,11,0.25,REGULAR,46.12,0.021,0.382,0.0,0.2,1.6,73.79,58.11,15.68,0.6726,0,0
REQ-001333,13,TECH_CORRIDOR,AIRPORT,COMFORT,11.84,33.9,DRIZZLE,0.0,10.0,6.1,0.12,0,25,18,0.72,REGULAR,39.29,0.1,0.0,0.0,0.0,1.1,43.22,32.81,10.41,0.8721,0,0
REQ-001334,10,DOWNTOWN,SUBURB_NORTH,COMFORT,15.02,34.1,CLEAR,0.0,10.0,30.5,0.21,0,45,12,0.27,GOLD,44.63,0.0,0.0,0.0,0.0,1.0,44.63,33.47,11.16,0.9334,1,0
REQ-001335,9,FINANCIAL_DISTRICT,TECH_CORRIDOR,STANDARD,8.81,21.1,CLEAR,0.0,10.0,22.5,0.44,0,41,43,1.05,REGULAR,21.39,0.0,0.08,0.0,0.2,1.28,27.38,21.13,6.25,0.8158,1,0
REQ-001336,20,SUBURB_NORTH,TECH_CORRIDOR,STANDARD,16.1,39.2,SNOW,7.2,5.7,-2.3,0.4,0,59,18,0.31,REGULAR,36.84,0.527,0.058,0.0,0.0,1.59,58.58,46.11,12.47,0.6779,1,0
REQ-001337,15,DOWNTOWN,SUBURB_NORTH,STANDARD,26.4,53.0,THUNDERSTORM,26.7,2.6,5.3,0.18,0,43,59,1.37,REGULAR,54.55,1.09,0.0,0.13,0.0,2.22,121.1,97.48,23.62,0.3169,0,0
REQ-001338,7,AIRPORT,TECH_CORRIDOR,PREMIUM,2.86,8.7,RAIN,8.3,7.7,21.0,0.41,0,21,12,0.57,GOLD,23.4,0.343,0.063,0.0,0.2,1.61,37.67,29.68,7.99,0.7642,1,0
REQ-001339,15,DOWNTOWN,AIRPORT,COMFORT,21.11,50.4,THUNDERSTORM,45.7,2.4,21.6,0.23,0,21,74,3.52,GOLD,62.01,1.2,0.002,0.882,0.0,3.08,190.99,156.14,34.85,0.0869,0,0
REQ-001340,6,DOWNTOWN,TECH_CORRIDOR,PREMIUM,21.54,56.0,CLEAR,0.0,10.0,27.0,0.33,0,38,61,1.61,REGULAR,115.91,0.0,0.027,0.214,0.0,1.24,143.73,110.58,33.15,0.8298,0,0
REQ-001341,3,AIRPORT,DOWNTOWN,XL,16.85,33.6,DRIZZLE,0.0,10.0,6.6,0.27,0,42,61,1.45,REGULAR,61.55,0.1,0.009,0.157,0.15,1.42,87.4,68.14,19.26,0.7599,1,0
REQ-001342,2,SUBURB_NORTH,TECH_CORRIDOR,COMFORT,6.86,12.9,CLEAR,0.0,10.0,9.4,0.32,0,59,32,0.54,GOLD,21.63,0.061,0.023,0.0,0.15,1.23,26.6,20.45,6.15,0.8897,1,0
REQ-001343,13,TECH_CORRIDOR,DOWNTOWN,COMFORT,14.75,38.2,RAIN,14.6,7.1,25.9,0.09,0,42,64,1.52,GOLD,46.03,0.414,0.0,0.182,0.0,1.6,73.65,58.0,15.65,0.7685,1,0
REQ-001344,6,AIRPORT,FINANCIAL_DISTRICT,PREMIUM,17.27,34.9,RAIN,10.1,6.7,23.0,0.08,0,27,12,0.44,REGULAR,86.02,0.437,0.0,0.0,0.0,1.44,123.87,96.69,27.18,0.751,1,0
REQ-001345,5,TECH_CORRIDOR,SUBURB_NORTH,PREMIUM,2.7,6.3,CLEAR,0.0,10.0,14.2,0.13,0,41,30,0.73,PLATINUM,20.91,0.0,0.0,0.0,0.0,1.0,20.91,15.68,5.23,0.9526,1,0
REQ-001346,22,TECH_CORRIDOR,AIRPORT,COMFORT,23.1,64.1,DRIZZLE,0.0,10.0,25.0,0.27,0,8,59,7.38,REGULAR,71.46,0.1,0.009,1.2,0.0,2.31,165.07,133.16,31.91,0.2721,0,0
REQ-001347,18,AIRPORT,FINANCIAL_DISTRICT,STANDARD,10.94,29.6,HEAVY_RAIN,50.3,2.8,7.8,0.51,0,50,28,0.56,PLATINUM,27.03,1.086,0.253,0.0,0.25,2.59,70.01,56.81,13.2,0.3066,0,0
REQ-001348,1,DOWNTOWN,SUBURB_NORTH,STANDARD,7.19,17.5,CLEAR,0.0,10.0,6.5,0.11,0,11,36,3.27,REGULAR,18.11,0.0,0.0,0.794,0.15,1.94,35.13,28.05,7.08,0.476,0,0
REQ-001349,5,DOWNTOWN,FINANCIAL_DISTRICT,PREMIUM,6.14,12.3,DRIZZLE,0.0,10.0,16.2,0.4,0,41,51,1.24,GOLD,35.65,0.1,0.058,0.084,0.0,1.24,44.21,34.01,10.2,0.8874,1,0
REQ-001350,10,DOWNTOWN,TECH_CORRIDOR,COMFORT,15.42,42.0,SNOW,5.2,6.6,-13.7,0.05,0,54,59,1.09,GOLD,48.84,0.732,0.0,0.0,0.0,1.73,84.49,66.93,17.56,0.7085,1,0
REQ-001351,16,SUBURB_NORTH,TECH_CORRIDOR,PREMIUM,5.44,14.0,CLEAR,0.0,10.0,5.5,0.23,0,34,34,1.0,REGULAR,35.13,0.0,0.002,0.0,0.0,1.0,35.13,26.35,8.78,0.8966,1,0
REQ-001352,20,AIRPORT,SUBURB_NORTH,COMFORT,10.48,27.6,DRIZZLE,0.0,10.0,22.3,0.26,0,8,20,2.5,REGULAR,34.21,0.1,0.007,0.525,0.0,1.63,55.76,43.97,11.79,0.6566,0,0
REQ-001353,6,AIRPORT,FINANCIAL_DISTRICT,XL,6.22,18.8,CLEAR,0.0,10.0,5.5,0.42,0,23,11,0.48,REGULAR,30.34,0.0,0.069,0.0,0.0,1.07,32.46,24.56,7.9,0.88,0,0
REQ-001354,1,TECH_CORRIDOR,SUBURB_NORTH,PREMIUM,23.4,72.5,CLEAR,0.0,10.0,15.2,0.05,0,32,50,1.56,REGULAR,135.14,0.01,0.0,0.196,0.15,1.36,183.79,142.71,41.08,0.7852,1,0
REQ-001355,13,AIRPORT,DOWNTOWN,XL,11.23,31.2,CLEAR,0.0,10.0,25.4,0.38,0,25,12,0.48,PLATINUM,48.3,0.0,0.048,0.0,0.0,1.05,50.71,38.27,12.44,0.9468,1,0
REQ-001356,14,AIRPORT,FINANCIAL_DISTRICT,STANDARD,11.16,31.3,FOG,0.0,10.0,11.7,0.43,0,20,26,1.3,REGULAR,27.91,0.2,0.074,0.105,0.0,1.38,38.52,29.95,8.57,0.777,1,0
REQ-001357,11,SUBURB_NORTH,TECH_CORRIDOR,PREMIUM,9.38,17.9,DRIZZLE,0.0,10.0,20.3,0.41,0,16,16,1.0,PLATINUM,49.47,0.1,0.063,0.0,0.0,1.16,57.39,43.83,13.56,0.9319,1,0
REQ-001358,19,TECH_CORRIDOR,SUBURB_NORTH,COMFORT,6.31,15.0,CLEAR,0.0,10.0,15.4,0.83,0,34,32,0.94,REGULAR,21.66,0.0,0.66,0.0,0.25,1.91,41.37,33.0,8.37,0.494,1,0
REQ-001359,23,TECH_CORRIDOR,FINANCIAL_DISTRICT,COMFORT,7.6,21.7,CLEAR,0.0,10.0,31.3,0.24,0,31,65,2.1,REGULAR,26.81,0.0,0.003,0.385,0.15,1.54,41.29,32.42,8.87,0.7035,1,0
REQ-001360,8,AIRPORT,FINANCIAL_DISTRICT,STANDARD,15.6,47.0,HEAVY_RAIN,52.5,0.7,10.4,0.49,0,16,61,3.81,REGULAR,38.95,1.2,0.113,0.983,0.2,3.5,136.33,111.99,24.34,0.021,1,0
REQ-001361,22,DOWNTOWN,SUBURB_NORTH,XL,3.29,10.4,CLEAR,0.0,10.0,15.8,0.34,0,27,39,1.44,GOLD,19.15,0.034,0.03,0.154,0.0,1.22,23.36,17.94,5.42,0.8921,1,0
REQ-001362,16,TECH_CORRIDOR,DOWNTOWN,COMFORT,9.81,17.9,RAIN,8.9,4.6,22.2,0.1,0,49,51,1.04,GOLD,28.74,0.35,0.0,0.0,0.0,1.35,38.8,30.11,8.69,0.8581,1,0
REQ-001363,22,FINANCIAL_DISTRICT,AIRPORT,XL,25.62,57.9,DRIZZLE,0.0,10.0,6.5,0.18,0,39,64,1.64,REGULAR,94.54,0.1,0.0,0.224,0.0,1.32,124.79,96.62,28.17,0.8009,0,0
REQ-001364,17,DOWNTOWN,SUBURB_NORTH,PREMIUM,5.25,16.3,THUNDERSTORM,59.2,0.6,31.7,0.64,0,50,56,1.12,REGULAR,36.56,1.2,0.395,0.0,0.25,2.85,104.2,84.91,19.29,0.0928,0,0
REQ-001365,18,SUBURB_NORTH,TECH_CORRIDOR,PREMIUM,4.61,11.7,CLEAR,0.0,10.0,18.0,0.69,0,26,10,0.38,REGULAR,30.85,0.009,0.46,0.0,0.25,1.72,53.06,42.02,11.04,0.6064,0,0
REQ-001366,7,AIRPORT,TECH_CORRIDOR,XL,5.13,10.4,SNOW,10.9,5.9,-2.2,0.42,0,18,19,1.06,REGULAR,23.01,0.567,0.069,0.0,0.2,1.84,42.34,33.69,8.65,0.5359,0,0
REQ-001367,21,DOWNTOWN,AIRPORT,PREMIUM,4.24,11.0,CLEAR,0.0,10.0,6.2,0.38,0,54,19,0.35,REGULAR,29.22,0.0,0.048,0.0,0.0,1.05,30.68,23.16,7.52,0.8849,1,0
REQ-001368,5,FINANCIAL_DISTRICT,AIRPORT,PREMIUM,3.05,6.8,RAIN,13.2,5.2,27.9,0.29,0,9,66,7.33,GOLD,22.32,0.398,0.014,1.2,0.0,2.61,58.26,47.29,10.97,0.2272,0,0
REQ-001369,0,FINANCIAL_DISTRICT,AIRPORT,XL,27.65,85.5,DRIZZLE,0.0,10.0,17.7,0.36,0,48,14,0.29,PLATINUM,115.36,0.1,0.039,0.0,0.15,1.29,148.81,114.95,33.86,0.9092,1,0
REQ-001370,5,AIRPORT,DOWNTOWN,PREMIUM,20.07,63.1,HEAVY_RAIN,43.7,0.7,14.5,0.15,0,58,55,0.95,REGULAR,117.83,1.2,0.0,0.0,0.0,2.2,259.23,208.56,50.67,0.3274,0,0
REQ-001371,8,TECH_CORRIDOR,DOWNTOWN,STANDARD,10.34,30.7,CLEAR,0.0,10.0,26.6,0.56,0,33,16,0.48,REGULAR,26.67,0.0,0.305,0.0,0.2,1.5,40.01,31.34,8.67,0.7231,0,0
REQ-001372,0,DOWNTOWN,FINANCIAL_DISTRICT,XL,2.29,4.9,RAIN,6.8,5.2,19.6,0.45,0,53,79,1.49,REGULAR,13.75,0.404,0.086,0.171,0.15,1.81,24.89,19.78,5.11,0.5538,1,0
REQ-001373,5,TECH_CORRIDOR,DOWNTOWN,COMFORT,17.3,40.7,RAIN,11.9,4.2,18.9,0.27,0,48,12,0.25,REGULAR,51.36,0.44,0.009,0.0,0.0,1.45,74.47,58.16,16.31,0.7465,1,0
REQ-001374,10,DOWNTOWN,AIRPORT,PREMIUM,10.36,27.5,CLEAR,0.0,10.0,29.3,0.22,0,54,40,0.74,REGULAR,60.39,0.0,0.001,0.0,0.0,1.0,60.39,45.29,15.1,0.8966,1,0
REQ-001375,8,FINANCIAL_DISTRICT,DOWNTOWN,COMFORT,17.73,43.5,HEAVY_RAIN,40.1,1.8,6.4,0.59,1,54,71,1.31,PLATINUM,53.32,1.084,0.458,0.109,0.2,2.85,151.96,123.83,28.13,0.1915,1,0
REQ-001376,17,FINANCIAL_DISTRICT,DOWNTOWN,STANDARD,17.59,46.8,HEAVY_RAIN,52.9,2.1,31.4,0.44,0,17,59,3.47,REGULAR,41.37,1.2,0.08,0.865,0.25,3.4,140.66,115.42,25.24,0.0266,0,0
REQ-001377,12,TECH_CORRIDOR,AIRPORT,XL,16.58,37.8,CLEAR,0.0,10.0,22.8,0.31,1,37,30,0.81,REGULAR,63.5,0.0,0.14,0.0,0.0,1.14,72.39,55.18,17.21,0.861,1,0
REQ-001378,11,TECH_CORRIDOR,SUBURB_NORTH,STANDARD,14.38,45.0,RAIN,6.6,6.9,30.9,0.26,0,48,35,0.73,REGULAR,36.73,0.324,0.007,0.0,0.0,1.33,48.85,37.85,11.0,0.7971,1,0
REQ-001379,23,AIRPORT,TECH_CORRIDOR,STANDARD,23.39,60.8,CLEAR,0.0,10.0,12.4,0.24,0,34,33,0.97,REGULAR,53.52,0.045,0.003,0.0,0.15,1.2,64.22,49.23,14.99,0.8429,1,0
REQ-001380,4,TECH_CORRIDOR,SUBURB_NORTH,STANDARD,11.45,36.3,RAIN,3.9,6.1,5.4,0.38,2,32,76,2.38,REGULAR,30.01,0.294,0.288,0.483,0.0,2.06,61.82,49.55,12.27,0.4052,1,0
REQ-001381,13,DOWNTOWN,TECH_CORRIDOR,COMFORT,3.08,7.3,HEAVY_RAIN,34.8,0.8,19.3,0.31,0,47,79,1.68,REGULAR,12.87,1.111,0.02,0.238,0.0,2.37,30.5,24.64,5.86,0.2445,1,0
REQ-001382,23,FINANCIAL_DISTRICT,DOWNTOWN,STANDARD,27.7,52.1,CLEAR,0.0,10.0,5.8,0.06,0,20,68,3.4,GOLD,55.85,0.0,0.0,0.84,0.15,1.99,111.14,88.88,22.26,0.5656,0,0
REQ-001383,5,TECH_CORRIDOR,AIRPORT,COMFORT,24.29,63.3,SNOW,3.5,6.5,-14.4,0.24,0,26,51,1.96,REGULAR,73.06,0.768,0.003,0.336,0.0,2.11,154.16,123.73,30.43,0.3766,1,0
REQ-001384,19,TECH_CORRIDOR,FINANCIAL_DISTRICT,STANDARD,10.29,29.3,CLEAR,0.0,10.0,12.7,0.63,1,9,25,2.78,GOLD,26.11,0.0,0.504,0.623,0.25,2.38,62.14,50.21,11.93,0.338,0,0
REQ-001385,9,AIRPORT,SUBURB_NORTH,COMFORT,9.37,27.9,RAIN,7.8,5.6,28.4,0.71,1,39,73,1.87,REGULAR,32.51,0.338,0.605,0.304,0.2,2.45,79.65,64.45,15.2,0.2108,0,0
REQ-001386,13,SUBURB_NORTH,DOWNTOWN,COMFORT,27.21,64.5,HEAVY_RAIN,32.4,1.6,17.1,0.4,0,33,12,0.36,REGULAR,78.43,1.004,0.058,0.0,0.0,2.06,161.57,129.49,32.08,0.4052,1,0
REQ-001387,6,DOWNTOWN,SUBURB_NORTH,XL,2.71,6.3,DRIZZLE,0.0,10.0,6.8,0.34,0,59,22,0.37,REGULAR,15.47,0.1,0.03,0.0,0.0,1.13,17.48,13.31,4.17,0.8639,1,0
REQ-001388,9,TECH_CORRIDOR,SUBURB_NORTH,STANDARD,11.71,24.0,CLEAR,0.0,10.0,11.6,0.6,0,24,56,2.33,REGULAR,26.04,0.0,0.348,0.465,0.2,2.01,52.34,41.89,10.45,0.4344,0,0
REQ-001389,18,AIRPORT,TECH_CORRIDOR,STANDARD,10.3,25.2,THUNDERSTORM,23.2,2.1,19.2,0.58,0,53,61,1.15,REGULAR,24.7,1.101,0.325,0.0,0.25,2.68,66.2,53.8,12.4,0.1333,0,0
REQ-001390,19,SUBURB_NORTH,DOWNTOWN,COMFORT,7.07,15.9,CLEAR,0.0,10.0,21.9,0.58,0,37,16,0.43,GOLD,23.33,0.0,0.325,0.0,0.25,1.57,36.63,28.8,7.83,0.7811,0,0
REQ-001391,0,SUBURB_NORTH,TECH_CORRIDOR,STANDARD,16.09,34.5,RAIN,4.2,4.7,5.7,0.25,0,17,71,4.18,REGULAR,35.18,0.297,0.005,1.113,0.15,2.56,90.06,73.03,17.03,0.1702,0,0
REQ-001392,17,FINANCIAL_DISTRICT,TECH_CORRIDOR,XL,8.74,18.0,THUNDERSTORM,32.9,2.4,27.0,0.8,0,45,33,0.73,REGULAR,35.15,1.2,0.614,0.0,0.25,3.06,107.56,87.91,19.65,0.0582,0,0
REQ-001393,20,FINANCIAL_DISTRICT,AIRPORT,COMFORT,20.74,62.5,CLEAR,0.0,10.0,8.7,0.06,1,52,10,0.19,REGULAR,66.84,0.0,0.12,0.0,0.0,1.12,74.86,56.95,17.91,0.8667,1,0
REQ-001394,9,FINANCIAL_DISTRICT,AIRPORT,XL,9.63,20.2,CLEAR,0.0,10.0,6.9,0.47,0,38,52,1.37,GOLD,38.34,0.0,0.099,0.13,0.2,1.43,54.83,42.77,12.06,0.8331,0,0
REQ-001395,14,AIRPORT,SUBURB_NORTH,XL,5.3,12.4,CLEAR,0.0,10.0,20.3,0.08,0,9,10,1.11,GOLD,24.57,0.0,0.0,0.0,0.0,1.0,24.57,18.43,6.14,0.9334,1,0
REQ-001396,13,AIRPORT,FINANCIAL_DISTRICT,COMFORT,19.51,40.2,FOG,0.0,10.0,24.6,0.1,0,21,19,0.9,REGULAR,54.78,0.2,0.0,0.0,0.0,1.2,65.74,50.4,15.34,0.8429,1,0
REQ-001397,0,DOWNTOWN,TECH_CORRIDOR,PREMIUM,26.14,73.8,THUNDERSTORM,37.7,1.0,14.8,0.37,0,47,74,1.57,GOLD,143.92,1.2,0.043,0.2,0.15,2.59,372.75,302.45,70.3,0.2358,1,0
REQ-001398,9,AIRPORT,DOWNTOWN,STANDARD,18.65,54.2,RAIN,4.6,6.0,5.5,0.6,0,18,64,3.56,REGULAR,45.28,0.302,0.347,0.896,0.2,2.75,124.52,101.31,23.21,0.1151,0,0
REQ-001399,1,TECH_CORRIDOR,DOWNTOWN,PREMIUM,23.59,42.9,CLEAR,0.0,10.0,15.9,0.31,0,59,61,1.03,GOLD,110.51,0.023,0.02,0.0,0.15,1.19,131.51,100.73,30.78,0.8988,1,0
REQ-001400,19,SUBURB_NORTH,DOWNTOWN,XL,16.92,36.8,CLEAR,0.0,10.0,20.8,0.82,0,44,72,1.64,GOLD,63.61,0.0,0.643,0.224,0.25,2.12,134.85,108.26,26.59,0.488,0,0
REQ-001401,13,AIRPORT,DOWNTOWN,XL,17.57,49.0,CLEAR,0.0,10.0,25.0,0.38,1,26,36,1.38,REGULAR,72.3,0.049,0.168,0.133,0.0,1.35,97.61,75.74,21.87,0.7892,1,0
REQ-001402,18,SUBURB_NORTH,AIRPORT,COMFORT,5.32,15.1,CLEAR,0.0,10.0,15.3,0.47,0,42,19,0.45,REGULAR,20.07,0.0,0.099,0.0,0.25,1.35,27.09,21.02,6.07,0.7892,0,0
REQ-001403,22,AIRPORT,SUBURB_NORTH,XL,7.93,14.5,CLEAR,0.0,10.0,23.5,0.33,0,20,77,3.85,GOLD,31.35,0.0,0.027,0.997,0.0,2.02,63.33,50.7,12.63,0.5479,1,0
REQ-001404,5,SUBURB_NORTH,AIRPORT,COMFORT,23.49,72.8,CLEAR,0.0,10.0,24.3,0.33,1,40,74,1.85,REGULAR,76.02,0.006,0.147,0.297,0.0,1.45,110.23,86.09,24.14,0.7465,0,0
REQ-001405,15,FINANCIAL_DISTRICT,AIRPORT,PREMIUM,15.67,40.2,CLEAR,0.0,10.0,22.7,0.17,0,52,19,0.37,PLATINUM,86.05,0.074,0.0,0.0,0.0,1.07,92.07,69.65,22.42,0.9444,1,0
REQ-001406,18,AIRPORT,SUBURB_NORTH,PREMIUM,9.95,28.3,DRIZZLE,0.0,10.0,31.3,0.58,0,35,66,1.89,REGULAR,59.91,0.173,0.325,0.311,0.25,2.06,123.41,98.91,24.5,0.4052,0,0
REQ-001407,14,SUBURB_NORTH,FINANCIAL_DISTRICT,COMFORT,27.25,81.7,CLEAR,0.0,10.0,15.7,0.39,1,17,63,3.71,REGULAR,86.23,0.0,0.173,0.948,0.0,2.12,182.81,146.77,36.04,0.371,0,0
REQ-001408,23,DOWNTOWN,FINANCIAL_DISTRICT,PREMIUM,10.39,31.8,CLEAR,0.0,10.0,18.7,0.18,0,33,51,1.55,REGULAR,64.12,0.067,0.0,0.193,0.15,1.41,90.41,70.44,19.97,0.7642,1,0
REQ-001409,15,SUBURB_NORTH,AIRPORT,STANDARD,27.77,56.7,CLEAR,0.0,10.0,5.2,0.26,0,34,77,2.26,GOLD,57.55,0.0,0.007,0.441,0.0,1.45,83.45,65.18,18.27,0.8264,1,0
REQ-001410,10,DOWNTOWN,SUBURB_NORTH,STANDARD,12.78,29.3,CLEAR,0.0,10.0,9.7,0.17,1,40,70,1.75,PLATINUM,29.22,0.0,0.12,0.262,0.0,1.38,40.32,31.35,8.97,0.8897,1,0
REQ-001411,0,FINANCIAL_DISTRICT,AIRPORT,PREMIUM,25.72,82.2,CLEAR,0.0,10.0,11.3,0.24,1,12,67,5.58,REGULAR,149.89,0.0,0.123,1.2,0.15,2.47,370.23,299.71,70.52,0.2029,0,0
REQ-001412,6,FINANCIAL_DISTRICT,DOWNTOWN,XL,23.06,50.2,CLEAR,0.0,10.0,16.1,0.37,0,47,78,1.66,REGULAR,84.55,0.0,0.043,0.231,0.0,1.27,107.38,82.82,24.56,0.8194,0,0
REQ-001413,18,AIRPORT,DOWNTOWN,COMFORT,9.0,23.5,RAIN,10.7,7.3,17.8,0.78,0,39,27,0.69,GOLD,29.93,0.37,0.583,0.0,0.25,2.2,65.85,52.98,12.87,0.4403,1,0
REQ-001414,8,FINANCIAL_DISTRICT,SUBURB_NORTH,STANDARD,7.45,17.5,CLEAR,0.0,10.0,13.1,0.61,0,56,72,1.29,REGULAR,18.43,0.056,0.359,0.102,0.2,1.72,31.7,25.1,6.6,0.6064,1,0
REQ-001415,18,DOWNTOWN,SUBURB_NORTH,PREMIUM,18.65,58.5,CLEAR,0.0,10.0,5.5,0.77,0,50,65,1.3,REGULAR,109.95,0.0,0.569,0.105,0.25,1.92,211.1,168.44,42.66,0.488,0,0
REQ-001416,1,AIRPORT,SUBURB_NORTH,COMFORT,18.92,55.5,RAIN,14.6,5.4,19.3,0.11,0,9,69,7.67,REGULAR,60.7,0.488,0.0,1.2,0.15,2.84,172.39,140.46,31.93,0.0948,0,0
REQ-001417,14,DOWNTOWN,AIRPORT,STANDARD,16.65,40.2,CLEAR,0.0,10.0,19.4,0.29,0,27,18,0.67,REGULAR,37.88,0.0,0.014,0.0,0.0,1.01,38.26,28.73,9.53,0.8944,1,0
REQ-001418,23,AIRPORT,FINANCIAL_DISTRICT,COMFORT,2.1,5.3,CLEAR,0.0,10.0,21.4,0.26,0,25,23,0.92,REGULAR,10.34,0.018,0.007,0.0,0.15,1.17,12.1,9.25,2.85,0.8522,1,0
REQ-001419,23,FINANCIAL_DISTRICT,AIRPORT,PREMIUM,2.81,7.6,CLEAR,0.0,10.0,24.3,0.12,0,41,36,0.88,REGULAR,22.33,0.009,0.0,0.0,0.15,1.16,25.9,19.78,6.12,0.8552,0,0
REQ-001420,6,FINANCIAL_DISTRICT,DOWNTOWN,PREMIUM,12.47,37.2,DRIZZLE,0.0,10.0,22.3,0.2,0,59,21,0.36,REGULAR,74.54,0.1,0.0,0.0,0.0,1.1,81.99,62.24,19.75,0.8721,1,0
REQ-001421,18,AIRPORT,FINANCIAL_DISTRICT,PREMIUM,23.41,69.1,CLEAR,0.0,10.0,21.8,0.41,0,16,68,4.25,GOLD,132.28,0.0,0.063,1.137,0.25,2.45,324.09,262.25,61.84,0.3015,1,0
REQ-001422,0,SUBURB_NORTH,DOWNTOWN,PREMIUM,18.24,57.0,FOG,0.0,10.0,28.9,0.32,0,60,64,1.07,REGULAR,107.52,0.2,0.023,0.0,0.15,1.37,147.3,114.45,32.85,0.7811,1,0
REQ-001423,14,TECH_CORRIDOR,SUBURB_NORTH,STANDARD,19.45,50.0,FOG,0.0,10.0,20.7,0.08,0,28,50,1.79,REGULAR,44.81,0.2,0.0,0.276,0.0,1.48,66.32,51.89,14.43,0.7326,1,0
REQ-001424,2,TECH_CORRIDOR,DOWNTOWN,PREMIUM,21.47,52.6,CLEAR,0.0,10.0,6.7,0.07,0,46,59,1.28,REGULAR,112.83,0.0,0.0,0.098,0.15,1.25,141.04,108.6,32.44,0.8264,0,0
REQ-001425,4,FINANCIAL_DISTRICT,SUBURB_NORTH,PREMIUM,12.69,32.2,SNOW,11.2,5.6,-6.1,0.12,0,46,13,0.28,REGULAR,70.9,0.648,0.0,0.0,0.0,1.65,116.98,92.34,24.64,0.6457,1,0
REQ-001426,17,DOWNTOWN,FINANCIAL_DISTRICT,COMFORT,26.14,70.7,CLEAR,0.0,10.0,15.4,0.74,0,59,13,0.22,REGULAR,79.45,0.0,0.527,0.0,0.25,1.78,141.42,112.26,29.16,0.5715,1,0
REQ-001427,18,SUBURB_NORTH,TECH_CORRIDOR,STANDARD,24.7,46.1,CLEAR,0.0,10.0,18.0,0.65,0,22,38,1.73,REGULAR,50.01,0.0,0.407,0.256,0.25,1.91,95.52,76.19,19.33,0.494,0,0
REQ-001428,10,SUBURB_NORTH,AIRPORT,PREMIUM,25.95,55.5,CLEAR,0.0,10.0,18.3,0.3,0,22,34,1.55,REGULAR,127.83,0.0,0.017,0.193,0.0,1.21,154.67,118.69,35.98,0.8397,1,0
REQ-001429,5,DOWNTOWN,TECH_CORRIDOR,PREMIUM,8.14,15.8,HEAVY_RAIN,46.3,2.7,7.7,0.3,0,36,14,0.39,REGULAR,44.22,1.051,0.017,0.0,0.0,2.07,91.54,73.39,18.15,0.3994,0,0
REQ-001430,8,TECH_CORRIDOR,SUBURB_NORTH,COMFORT,15.43,43.1,CLEAR,0.0,10.0,13.4,0.64,1,12,49,4.08,REGULAR,49.35,0.076,0.516,1.078,0.2,2.87,141.63,115.45,26.18,0.0888,0,0
REQ-001431,10,DOWNTOWN,FINANCIAL_DISTRICT,COMFORT,26.34,83.5,HEAVY_RAIN,27.9,1.8,17.0,0.35,0,46,19,0.41,GOLD,85.54,0.934,0.034,0.0,0.0,1.97,168.51,134.68,33.83,0.5774,0,0
REQ-001432,4,SUBURB_NORTH,TECH_CORRIDOR,PREMIUM,15.98,48.3,CLEAR,0.0,10.0,31.3,0.3,0,24,62,2.58,PLATINUM,93.79,0.023,0.017,0.553,0.0,1.59,149.13,117.38,31.75,0.8298,1,0
REQ-001433,13,AIRPORT,DOWNTOWN,COMFORT,23.3,55.7,SNOW,12.8,4.3,-13.0,0.14,0,15,55,3.67,REGULAR,68.02,0.804,0.0,0.934,0.0,2.74,186.37,151.61,34.76,0.1175,0,0
REQ-001434,16,SUBURB_NORTH,FINANCIAL_DISTRICT,COMFORT,19.23,40.9,CLEAR,0.0,10.0,20.1,0.33,1,13,52,4.0,REGULAR,54.64,0.005,0.147,1.05,0.0,2.2,120.21,96.71,23.5,0.3274,0,0
REQ-001435,12,AIRPORT,FINANCIAL_DISTRICT,COMFORT,7.89,17.5,HEAVY_RAIN,49.5,0.7,14.4,0.27,0,9,69,7.67,PLATINUM,25.4,1.2,0.009,1.2,0.0,3.41,86.61,71.08,15.53,0.0582,0,0
REQ-001436,11,SUBURB_NORTH,TECH_CORRIDOR,XL,12.11,34.1,RAIN,9.9,6.2,22.6,0.24,0,47,24,0.51,REGULAR,51.89,0.42,0.003,0.0,0.0,1.42,73.68,57.44,16.24,0.7599,1,0
REQ-001437,21,AIRPORT,DOWNTOWN,COMFORT,25.34,48.3,CLEAR,0.0,10.0,20.2,0.38,0,22,48,2.18,GOLD,68.04,0.0,0.048,0.413,0.0,1.46,99.34,77.63,21.71,0.8229,1,0
REQ-001438,15,SUBURB_NORTH,DOWNTOWN,XL,23.25,48.5,RAIN,6.5,6.9,8.5,0.39,0,48,40,0.83,PLATINUM,83.93,0.348,0.053,0.0,0.0,1.4,117.5,91.48,26.02,0.8849,1,0
REQ-001439,23,DOWNTOWN,AIRPORT,PREMIUM,27.01,72.6,CLEAR,0.0,10.0,24.6,0.33,0,20,63,3.15,REGULAR,145.34,0.0,0.027,0.752,0.15,1.93,280.51,223.9,56.61,0.482,1,0
REQ-001440,0,TECH_CORRIDOR,SUBURB_NORTH,PREMIUM,12.76,40.0,CLEAR,0.0,10.0,13.5,0.15,0,10,27,2.7,GOLD,77.73,0.0,0.0,0.595,0.15,1.74,135.25,107.19,28.06,0.7035,0,0
REQ-001441,2,FINANCIAL_DISTRICT,AIRPORT,XL,17.96,46.0,HEAVY_RAIN,28.4,1.6,16.4,0.22,0,14,70,5.0,GOLD,71.32,0.96,0.001,1.2,0.15,3.31,236.07,193.53,42.54,0.052,0,0
REQ-001442,8,AIRPORT,FINANCIAL_DISTRICT,XL,9.18,21.7,CLEAR,0.0,10.0,21.7,0.75,0,33,56,1.7,REGULAR,38.3,0.0,0.54,0.245,0.2,1.99,76.22,60.96,15.26,0.4462,1,0
REQ-001443,4,SUBURB_NORTH,DOWNTOWN,STANDARD,16.29,34.9,CLEAR,0.0,10.0,6.8,0.35,0,47,52,1.11,REGULAR,35.57,0.0,0.034,0.0,0.0,1.03,36.64,27.59,9.05,0.8897,1,0
REQ-001444,2,FINANCIAL_DISTRICT,TECH_CORRIDOR,PREMIUM,11.77,35.7,CLEAR,0.0,10.0,6.2,0.39,0,28,10,0.36,PLATINUM,71.31,0.0,0.053,0.0,0.15,1.2,85.57,65.6,19.97,0.9255,1,0
REQ-001445,8,AIRPORT,SUBURB_NORTH,STANDARD,20.94,66.4,RAIN,14.1,5.0,19.8,0.48,0,8,48,6.0,REGULAR,52.42,0.409,0.106,1.2,0.2,2.92,153.07,124.87,28.2,0.0796,0,0
REQ-001446,23,FINANCIAL_DISTRICT,DOWNTOWN,XL,26.05,57.0,RAIN,4.0,6.7,12.9,0.11,1,24,68,2.83,REGULAR,94.91,0.326,0.12,0.64,0.15,2.24,212.6,171.22,41.38,0.3066,0,0
REQ-001447,9,AIRPORT,FINANCIAL_DISTRICT,STANDARD,5.48,15.1,CLEAR,0.0,10.0,13.7,0.62,0,20,16,0.8,REGULAR,15.13,0.0,0.372,0.0,0.2,1.57,23.75,18.67,5.08,0.6883,0,0
REQ-001448,15,TECH_CORRIDOR,DOWNTOWN,STANDARD,4.6,12.8,SNOW,4.0,4.8,-13.6,0.14,0,48,23,0.48,PLATINUM,13.23,0.717,0.0,0.0,0.0,1.72,22.76,18.02,4.74,0.7811,1,0
REQ-001449,12,TECH_CORRIDOR,DOWNTOWN,PREMIUM,4.53,12.1,DRIZZLE,0.0,10.0,13.6,0.18,0,49,80,1.63,REGULAR,30.97,0.1,0.0,0.22,0.0,1.32,40.88,31.65,9.23,0.8009,1,0
REQ-001450,11,SUBURB_NORTH,FINANCIAL_DISTRICT,COMFORT,26.04,73.2,SNOW,5.2,7.0,-14.5,0.07,0,29,52,1.79,PLATINUM,80.41,0.748,0.0,0.276,0.0,2.02,162.43,130.02,32.41,0.6346,1,0
REQ-001451,9,AIRPORT,FINANCIAL_DISTRICT,COMFORT,9.5,18.4,RAIN,3.3,5.6,6.0,0.52,0,9,22,2.44,PLATINUM,28.45,0.287,0.261,0.504,0.2,2.25,64.01,51.56,12.45,0.5,1,0
REQ-001452,8,FINANCIAL_DISTRICT,AIRPORT,COMFORT,5.35,16.0,CLEAR,0.0,10.0,31.8,0.84,1,50,32,0.64,REGULAR,20.53,0.0,0.794,0.0,0.2,1.99,40.85,32.67,8.18,0.4462,1,0
REQ-001453,6,DOWNTOWN,FINANCIAL_DISTRICT,STANDARD,24.11,47.2,CLEAR,0.0,10.0,13.3,0.09,0,19,76,4.0,REGULAR,49.66,0.0,0.0,1.05,0.0,2.05,101.8,81.56,20.24,0.411,0,0
REQ-001454,13,FINANCIAL_DISTRICT,AIRPORT,COMFORT,21.06,45.4,DRIZZLE,0.0,10.0,14.0,0.12,0,27,66,2.44,REGULAR,59.68,0.1,0.0,0.504,0.0,1.6,95.49,75.2,20.29,0.6726,1,0
REQ-001455,1,AIRPORT,TECH_CORRIDOR,PREMIUM,7.03,14.4,RAIN,10.0,5.4,16.8,0.32,0,23,45,1.96,REGULAR,39.92,0.362,0.023,0.336,0.15,1.87,74.65,59.46,15.19,0.518,0,0
REQ-001456,2,AIRPORT,FINANCIAL_DISTRICT,PREMIUM,23.59,54.2,CLEAR,0.0,10.0,9.8,0.43,0,12,44,3.67,REGULAR,120.12,0.0,0.074,0.934,0.15,2.16,259.46,208.53,50.93,0.3489,0,0
REQ-001457,19,FINANCIAL_DISTRICT,SUBURB_NORTH,COMFORT,24.68,62.1,THUNDERSTORM,36.7,0.8,17.8,0.5,0,31,30,0.97,REGULAR,73.17,1.2,0.12,0.0,0.25,2.57,188.05,152.53,35.52,0.1669,0,0
REQ-001458,10,AIRPORT,TECH_CORRIDOR,PREMIUM,20.71,56.6,CLEAR,0.0,10.0,20.7,0.42,1,48,80,1.67,GOLD,114.1,0.0,0.189,0.234,0.0,1.42,162.02,126.31,35.71,0.8364,1,0
REQ-001459,12,FINANCIAL_DISTRICT,SUBURB_NORTH,COMFORT,24.81,69.2,CLEAR,0.0,10.0,21.0,0.19,1,49,68,1.39,GOLD,76.58,0.0,0.12,0.136,0.0,1.26,96.49,74.36,22.13,0.8825,1,0
REQ-001460,21,SUBURB_NORTH,FINANCIAL_DISTRICT,COMFORT,10.42,21.9,CLEAR,0.0,10.0,19.8,0.22,2,58,22,0.38,REGULAR,31.55,0.0,0.241,0.0,0.0,1.24,39.12,30.1,9.02,0.8298,1,0
REQ-001461,17,AIRPORT,TECH_CORRIDOR,COMFORT,18.01,51.4,RAIN,3.9,4.4,28.2,0.63,1,58,75,1.29,REGULAR,57.35,0.294,0.502,0.102,0.25,2.15,123.3,99.07,24.23,0.3543,0,0
REQ-001462,15,DOWNTOWN,FINANCIAL_DISTRICT,COMFORT,2.6,7.6,CLEAR,0.0,10.0,6.6,0.36,0,25,78,3.12,REGULAR,12.21,0.0,0.039,0.742,0.0,1.78,21.73,17.25,4.48,0.5715,0,0
REQ-001463,6,TECH_CORRIDOR,DOWNTOWN,COMFORT,12.05,26.3,CLEAR,0.0,10.0,31.4,0.21,0,58,66,1.14,REGULAR,36.22,0.075,0.0,0.0,0.0,1.07,38.76,29.32,9.44,0.88,1,0
REQ-001464,11,AIRPORT,FINANCIAL_DISTRICT,COMFORT,12.1,33.7,RAIN,5.5,7.3,21.1,0.35,0,48,48,1.0,REGULAR,39.63,0.312,0.034,0.0,0.0,1.35,53.5,41.51,11.99,0.7892,1,0
REQ-001465,20,TECH_CORRIDOR,AIRPORT,STANDARD,27.83,54.4,CLEAR,0.0,10.0,29.6,0.28,1,34,67,1.97,PLATINUM,56.83,0.0,0.131,0.339,0.0,1.47,83.54,65.33,18.21,0.8667,1,0
REQ-001466,1,TECH_CORRIDOR,FINANCIAL_DISTRICT,COMFORT,10.54,27.8,CLEAR,0.0,10.0,15.5,0.36,0,57,41,0.72,REGULAR,34.4,0.0,0.039,0.0,0.15,1.19,40.94,31.36,9.58,0.8461,1,0
REQ-001467,8,TECH_CORRIDOR,DOWNTOWN,STANDARD,7.06,15.0,CLEAR,0.0,10.0,29.8,0.62,0,25,78,3.12,GOLD,17.07,0.0,0.371,0.742,0.2,2.31,39.43,31.81,7.62,0.3766,1,0
REQ-001468,13,TECH_CORRIDOR,AIRPORT,STANDARD,20.94,65.7,CLEAR,0.0,10.0,10.8,0.15,0,8,46,5.75,REGULAR,52.18,0.0,0.0,1.2,0.0,2.2,114.8,92.36,22.44,0.3274,0,0
REQ-001469,5,DOWNTOWN,FINANCIAL_DISTRICT,STANDARD,24.06,65.4,HEAVY_RAIN,21.5,1.8,27.4,0.22,1,42,14,0.33,GOLD,55.96,0.862,0.121,0.0,0.0,1.98,110.8,88.58,22.22,0.5715,1,0
REQ-001470,6,TECH_CORRIDOR,DOWNTOWN,COMFORT,9.59,18.9,CLEAR,0.0,10.0,29.2,0.17,0,11,36,3.27,REGULAR,28.82,0.062,0.0,0.794,0.0,1.86,53.61,42.69,10.92,0.524,1,0
REQ-001471,18,DOWNTOWN,TECH_CORRIDOR,STANDARD,14.63,45.6,CLEAR,0.0,10.0,29.9,0.44,0,52,21,0.4,GOLD,37.25,0.0,0.08,0.0,0.25,1.33,49.54,38.38,11.16,0.8639,1,0
REQ-001472,4,FINANCIAL_DISTRICT,DOWNTOWN,XL,26.08,76.8,CLEAR,0.0,10.0,17.5,0.11,0,49,21,0.43,REGULAR,106.85,0.042,0.0,0.0,0.0,1.04,111.12,83.77,27.35,0.8874,1,0
REQ-001473,22,TECH_CORRIDOR,SUBURB_NORTH,XL,10.24,31.5,CLEAR,0.0,10.0,30.1,0.22,0,32,47,1.47,GOLD,46.4,0.0,0.001,0.164,0.0,1.16,53.82,41.11,12.71,0.9052,1,0
REQ-001474,9,DOWNTOWN,AIRPORT,STANDARD,2.98,8.0,DRIZZLE,0.0,10.0,8.0,0.45,0,23,29,1.26,REGULAR,9.53,0.177,0.086,0.091,0.2,1.55,14.77,11.6,3.17,0.6985,1,0
REQ-001475,10,DOWNTOWN,FINANCIAL_DISTRICT,COMFORT,4.14,9.4,CLEAR,0.0,10.0,21.1,0.31,0,24,54,2.25,REGULAR,15.56,0.0,0.02,0.438,0.0,1.46,22.72,17.76,4.96,0.7419,0,0
REQ-001476,20,FINANCIAL_DISTRICT,TECH_CORRIDOR,XL,25.23,45.5,CLEAR,0.0,10.0,18.1,0.42,0,53,45,0.85,REGULAR,86.28,0.025,0.069,0.0,0.0,1.09,94.05,71.31,22.74,0.8748,0,0
REQ-001477,19,AIRPORT,TECH_CORRIDOR,PREMIUM,17.72,44.5,CLEAR,0.0,10.0,6.6,0.67,0,35,67,1.91,REGULAR,95.44,0.0,0.432,0.318,0.25,2.0,190.88,152.7,38.18,0.4403,0,0
REQ-001478,4,SUBURB_NORTH,FINANCIAL_DISTRICT,XL,11.47,28.8,HEAVY_RAIN,27.4,2.1,7.3,0.21,0,31,13,0.42,REGULAR,47.37,0.898,0.0,0.0,0.0,1.9,90.0,71.76,18.24,0.5,0,0
REQ-001479,20,SUBURB_NORTH,DOWNTOWN,STANDARD,4.16,12.5,THUNDERSTORM,24.4,1.1,31.6,0.31,0,24,15,0.62,GOLD,12.58,1.2,0.02,0.0,0.0,2.22,27.93,22.48,5.45,0.4285,0,0
REQ-001480,13,DOWNTOWN,FINANCIAL_DISTRICT,STANDARD,27.18,86.2,CLEAR,0.0,10.0,21.2,0.45,0,16,78,4.88,REGULAR,67.15,0.0,0.086,1.2,0.0,2.29,153.77,123.99,29.78,0.2817,0,0
REQ-001481,21,FINANCIAL_DISTRICT,AIRPORT,STANDARD,5.16,15.6,CLEAR,0.0,10.0,11.2,0.12,0,42,45,1.07,REGULAR,14.91,0.0,0.0,0.0,0.0,1.0,14.91,11.18,3.73,0.8966,1,0
REQ-001482,9,TECH_CORRIDOR,FINANCIAL_DISTRICT,XL,28.0,73.6,CLEAR,0.0,10.0,12.4,0.74,0,15,39,2.6,REGULAR,108.96,0.0,0.526,0.56,0.2,2.29,249.52,201.2,48.32,0.2817,0,0
REQ-001483,10,DOWNTOWN,AIRPORT,XL,19.34,57.2,CLEAR,0.0,10.0,31.1,0.42,0,45,26,0.58,PLATINUM,80.93,0.065,0.069,0.0,0.0,1.13,91.45,69.64,21.81,0.9363,1,0
REQ-001484,11,SUBURB_NORTH,AIRPORT,STANDARD,18.63,57.9,SNOW,9.7,4.2,-7.1,0.42,1,12,13,1.08,GOLD,46.55,0.651,0.189,0.0,0.0,1.84,85.65,68.15,17.5,0.6511,1,0
REQ-001485,4,AIRPORT,SUBURB_NORTH,COMFORT,9.83,26.1,RAIN,9.1,7.6,30.1,0.24,0,54,26,0.48,REGULAR,32.47,0.352,0.003,0.0,0.0,1.35,43.83,34.01,9.82,0.7892,1,0
REQ-001486,15,TECH_CORRIDOR,FINANCIAL_DISTRICT,STANDARD,12.02,34.4,FOG,0.0,10.0,20.1,0.06,0,45,24,0.53,REGULAR,30.06,0.2,0.0,0.0,0.0,1.2,36.07,27.65,8.42,0.8429,1,0
REQ-001487,23,TECH_CORRIDOR,SUBURB_NORTH,XL,26.21,80.3,CLEAR,0.0,10.0,20.5,0.18,0,39,57,1.46,REGULAR,109.22,0.0,0.0,0.161,0.15,1.31,143.08,110.7,32.38,0.8047,1,0
REQ-001488,13,DOWNTOWN,SUBURB_NORTH,COMFORT,16.97,48.0,DRIZZLE,0.0,10.0,16.6,0.33,0,46,79,1.72,REGULAR,54.1,0.1,0.027,0.252,0.0,1.38,74.66,58.05,16.61,0.777,1,0
REQ-001489,14,DOWNTOWN,TECH_CORRIDOR,XL,12.93,27.6,RAIN,7.5,7.6,7.2,0.23,1,22,63,2.86,REGULAR,49.71,0.334,0.122,0.651,0.0,2.11,104.89,84.19,20.7,0.3766,1,0
REQ-001490,16,TECH_CORRIDOR,DOWNTOWN,COMFORT,11.3,30.4,CLEAR,0.0,10.0,17.9,0.3,0,26,44,1.69,REGULAR,36.82,0.0,0.017,0.241,0.0,1.26,46.39,35.75,10.64,0.8229,1,0
REQ-001491,17,SUBURB_NORTH,FINANCIAL_DISTRICT,XL,22.87,67.2,CLEAR,0.0,10.0,10.0,0.81,0,8,14,1.75,REGULAR,94.35,0.005,0.627,0.262,0.25,2.14,201.91,162.19,39.72,0.3599,0,0
REQ-001492,12,FINANCIAL_DISTRICT,SUBURB_NORTH,STANDARD,20.72,47.2,DRIZZLE,0.0,10.0,13.8,0.23,0,9,59,6.56,REGULAR,45.42,0.1,0.002,1.2,0.0,2.3,104.47,84.26,20.21,0.2769,0,0
REQ-001493,1,SUBURB_NORTH,DOWNTOWN,COMFORT,9.22,21.4,CLEAR,0.0,10.0,25.6,0.11,0,26,55,2.12,REGULAR,29.34,0.0,0.0,0.392,0.15,1.54,45.18,35.47,9.71,0.7035,1,0
REQ-001494,8,DOWNTOWN,SUBURB_NORTH,COMFORT,15.66,33.2,CLEAR,0.0,10.0,27.4,0.58,0,46,21,0.46,REGULAR,45.28,0.0,0.325,0.0,0.2,1.52,68.83,53.98,14.85,0.7134,1,0
REQ-001495,2,AIRPORT,FINANCIAL_DISTRICT,COMFORT,23.56,43.3,CLEAR,0.0,10.0,19.6,0.41,0,19,61,3.21,REGULAR,62.85,0.013,0.063,0.773,0.15,2.0,125.7,100.56,25.14,0.4403,1,0
REQ-001496,1,DOWNTOWN,TECH_CORRIDOR,COMFORT,27.64,81.5,BLIZZARD,24.8,1.1,-14.3,0.43,0,10,63,6.3,REGULAR,86.79,1.2,0.074,1.2,0.15,3.5,303.77,249.53,54.24,0.021,0,1
REQ-001497,15,DOWNTOWN,AIRPORT,COMFORT,7.5,20.0,DRIZZLE,0.0,10.0,7.3,0.07,1,53,53,1.0,REGULAR,25.88,0.1,0.12,0.0,0.0,1.22,31.57,24.25,7.32,0.8364,1,0
REQ-001498,22,FINANCIAL_DISTRICT,SUBURB_NORTH,PREMIUM,20.6,56.6,CLEAR,0.0,10.0,18.9,0.44,0,45,28,0.62,REGULAR,113.79,0.0,0.08,0.0,0.0,1.08,122.89,93.08,29.81,0.8774,1,0
REQ-001499,12,AIRPORT,FINANCIAL_DISTRICT,COMFORT,21.32,40.8,DRIZZLE,0.0,10.0,17.7,0.26,1,29,58,2.0,REGULAR,58.04,0.157,0.127,0.35,0.0,1.63,94.61,74.61,20.0,0.6566,0,0
REQ-001500,9,FINANCIAL_DISTRICT,TECH_CORRIDOR,STANDARD,22.34,43.9,SNOW,7.2,6.7,-13.4,0.6,0,53,64,1.21,REGULAR,46.29,0.749,0.349,0.073,0.2,2.37,109.71,88.62,21.09,0.2445,0,0
REQ-001501,5,SUBURB_NORTH,TECH_CORRIDOR,STANDARD,5.25,15.2,DRIZZLE,0.0,10.0,27.2,0.24,1,50,19,0.38,GOLD,14.88,0.1,0.123,0.0,0.0,1.22,18.15,13.94,4.21,0.8921,1,0
REQ-001502,15,FINANCIAL_DISTRICT,AIRPORT,COMFORT,3.8,7.4,DRIZZLE,0.0,10.0,23.4,0.2,0,21,52,2.48,REGULAR,14.1,0.1,0.0,0.518,0.0,1.62,22.84,18.0,4.84,0.662,1,0
REQ-001503,4,SUBURB_NORTH,DOWNTOWN,XL,17.23,32.7,CLEAR,0.0,10.0,22.2,0.31,0,39,20,0.51,REGULAR,61.8,0.0,0.02,0.0,0.0,1.02,63.04,47.4,15.64,0.8921,1,0
REQ-001504,23,TECH_CORRIDOR,AIRPORT,COMFORT,2.56,4.7,CLEAR,0.0,10.0,27.4,0.15,0,52,29,0.56,GOLD,10.84,0.014,0.0,0.0,0.15,1.16,12.57,9.6,2.97,0.9052,1,0
REQ-001505,21,DOWNTOWN,AIRPORT,COMFORT,8.75,20.0,DRIZZLE,0.0,10.0,28.0,0.13,0,42,43,1.02,REGULAR,27.94,0.1,0.0,0.0,0.0,1.1,30.73,23.33,7.4,0.8721,1,0
REQ-001506,10,FINANCIAL_DISTRICT,TECH_CORRIDOR,PREMIUM,10.9,20.7,HEAVY_RAIN,56.8,0.8,7.5,0.32,1,32,55,1.72,REGULAR,56.11,1.2,0.143,0.252,0.0,2.59,145.32,117.91,27.41,0.1603,0,0
REQ-001507,7,AIRPORT,FINANCIAL_DISTRICT,PREMIUM,13.57,39.5,HEAVY_RAIN,34.8,2.5,18.2,0.54,0,23,72,3.13,PLATINUM,79.57,1.021,0.283,0.745,0.2,3.25,258.6,211.85,46.75,0.0832,0,0
REQ-001508,8,SUBURB_NORTH,AIRPORT,PREMIUM,17.95,56.9,CLEAR,0.0,10.0,18.8,0.47,0,26,57,2.19,GOLD,106.62,0.0,0.099,0.416,0.2,1.71,182.32,144.31,38.01,0.7183,1,0
REQ-001509,4,SUBURB_NORTH,FINANCIAL_DISTRICT,XL,2.15,5.1,BLIZZARD,36.8,1.5,-2.1,0.32,0,56,67,1.2,GOLD,13.57,1.2,0.023,0.0,0.0,2.22,30.13,24.25,5.88,0.4285,0,0
REQ-001510,18,FINANCIAL_DISTRICT,AIRPORT,XL,20.26,53.9,RAIN,6.1,7.5,28.4,0.66,0,50,57,1.14,PLATINUM,80.89,0.319,0.42,0.0,0.25,1.99,160.97,128.74,32.23,0.6511,1,0
REQ-001511,22,FINANCIAL_DISTRICT,SUBURB_NORTH,PREMIUM,14.0,44.5,THUNDERSTORM,48.0,2.3,5.2,0.44,0,16,57,3.56,REGULAR,85.02,1.2,0.08,0.896,0.0,3.18,270.36,221.3,49.06,0.0443,0,0
REQ-001512,16,DOWNTOWN,TECH_CORRIDOR,STANDARD,7.29,19.8,CLEAR,0.0,10.0,12.9,0.39,0,57,41,0.72,REGULAR,19.04,0.0,0.053,0.0,0.0,1.05,19.99,15.09,4.9,0.8849,1,0
REQ-001513,12,FINANCIAL_DISTRICT,DOWNTOWN,XL,10.23,28.7,CLEAR,0.0,10.0,25.7,0.21,0,16,76,4.75,REGULAR,44.7,0.0,0.0,1.2,0.0,2.2,98.34,79.12,19.22,0.3274,1,0
REQ-001514,1,DOWNTOWN,AIRPORT,COMFORT,2.7,8.4,HEAVY_RAIN,48.8,1.8,18.6,0.21,0,42,36,0.86,REGULAR,12.74,1.169,0.0,0.0,0.15,2.32,29.56,23.85,5.71,0.2674,0,0
REQ-001515,5,SUBURB_NORTH,TECH_CORRIDOR,PREMIUM,2.6,7.6,THUNDERSTORM,47.7,2.0,18.5,0.08,2,29,42,1.45,REGULAR,21.74,1.2,0.24,0.157,0.0,2.6,56.52,45.87,10.65,0.1571,0,0
REQ-001516,13,SUBURB_NORTH,FINANCIAL_DISTRICT,STANDARD,16.62,38.5,CLEAR,0.0,10.0,24.3,0.4,1,47,57,1.21,GOLD,37.25,0.0,0.178,0.073,0.0,1.25,46.56,35.85,10.71,0.8849,1,0
REQ-001517,0,TECH_CORRIDOR,FINANCIAL_DISTRICT,XL,3.3,9.0,CLEAR,0.0,10.0,29.3,0.09,0,53,17,0.32,REGULAR,18.33,0.0,0.0,0.0,0.15,1.15,21.08,16.08,5.0,0.8581,1,0
REQ-001518,9,TECH_CORRIDOR,DOWNTOWN,XL,8.64,16.4,CLEAR,0.0,10.0,11.5,0.57,0,21,52,2.48,REGULAR,33.98,0.0,0.315,0.518,0.2,2.03,68.98,55.23,13.75,0.4226,0,0
REQ-001519,11,DOWNTOWN,SUBURB_NORTH,COMFORT,14.41,35.2,CLEAR,0.0,10.0,10.3,0.05,0,28,58,2.07,REGULAR,44.12,0.0,0.0,0.374,0.0,1.37,60.44,46.96,13.48,0.7811,1,0
REQ-001520,1,SUBURB_NORTH,AIRPORT,STANDARD,4.37,13.5,CLEAR,0.0,10.0,17.5,0.09,0,43,36,0.84,REGULAR,13.18,0.056,0.0,0.0,0.15,1.21,15.95,12.24,3.71,0.8397,1,0
REQ-001521,16,DOWNTOWN,FINANCIAL_DISTRICT,XL,15.41,36.1,BLIZZARD,24.5,1.9,-2.5,0.28,0,20,30,1.5,REGULAR,60.02,1.2,0.011,0.175,0.0,2.39,143.45,115.93,27.52,0.2358,0,0
REQ-001522,6,DOWNTOWN,SUBURB_NORTH,STANDARD,10.65,33.8,CLEAR,0.0,10.0,11.9,0.08,0,53,29,0.55,REGULAR,28.14,0.0,0.0,0.0,0.0,1.0,28.14,21.11,7.03,0.8966,1,0
REQ-001523,21,FINANCIAL_DISTRICT,AIRPORT,COMFORT,9.34,21.9,CLEAR,0.0,10.0,17.6,0.24,0,29,79,2.72,GOLD,29.77,0.015,0.003,0.602,0.0,1.62,48.23,38.02,10.21,0.7599,0,0
REQ-001524,6,SUBURB_NORTH,TECH_CORRIDOR,COMFORT,2.11,6.4,CLEAR,0.0,10.0,26.3,0.11,0,56,59,1.05,REGULAR,10.86,0.0,0.0,0.0,0.0,1.0,10.86,8.14,2.72,0.8966,1,0
REQ-001525,23,FINANCIAL_DISTRICT,SUBURB_NORTH,XL,3.81,8.8,RAIN,5.0,4.5,19.0,0.22,2,42,69,1.64,GOLD,19.28,0.371,0.241,0.224,0.15,1.99,38.37,30.69,7.68,0.5656,0,0
REQ-001526,20,DOWNTOWN,TECH_CORRIDOR,COMFORT,25.04,74.6,CLEAR,0.0,10.0,27.4,0.34,0,38,70,1.84,REGULAR,79.39,0.0,0.03,0.294,0.0,1.32,104.79,81.13,23.66,0.8009,1,0
REQ-001527,23,DOWNTOWN,FINANCIAL_DISTRICT,XL,5.65,11.2,CLEAR,0.0,10.0,18.6,0.05,2,13,28,2.15,REGULAR,24.59,0.0,0.24,0.402,0.15,1.79,44.02,34.96,9.06,0.5656,0,0
REQ-001528,6,AIRPORT,FINANCIAL_DISTRICT,COMFORT,9.68,21.4,HEAVY_RAIN,58.6,1.4,22.8,0.33,0,56,64,1.14,PLATINUM,30.1,1.2,0.027,0.0,0.0,2.23,67.12,54.04,13.08,0.512,0,0
REQ-001529,13,TECH_CORRIDOR,SUBURB_NORTH,STANDARD,11.78,32.9,CLEAR,0.0,10.0,15.8,0.21,1,47,58,1.23,REGULAR,29.23,0.013,0.12,0.08,0.0,1.21,35.37,27.14,8.23,0.8397,1,0
REQ-001530,4,AIRPORT,SUBURB_NORTH,STANDARD,2.45,6.9,CLEAR,0.0,10.0,27.3,0.11,0,31,35,1.13,GOLD,8.48,0.0,0.0,0.0,0.0,1.0,8.48,6.36,2.12,0.9334,1,0
REQ-001531,7,FINANCIAL_DISTRICT,AIRPORT,STANDARD,17.07,48.9,FOG,0.0,10.0,24.0,0.56,0,34,16,0.47,GOLD,41.45,0.2,0.304,0.0,0.2,1.7,70.47,55.75,14.72,0.7231,1,0
REQ-001532,23,TECH_CORRIDOR,DOWNTOWN,STANDARD,25.6,57.9,RAIN,3.5,5.6,27.4,0.05,0,30,36,1.2,REGULAR,55.26,0.289,0.0,0.0,0.15,1.44,79.57,62.11,17.46,0.751,0,0
REQ-001533,16,AIRPORT,TECH_CORRIDOR,COMFORT,7.74,17.1,RAIN,7.3,7.6,21.2,0.28,0,24,59,2.46,REGULAR,24.97,0.332,0.011,0.511,0.0,1.85,46.19,36.76,9.43,0.53,0,0
REQ-001534,7,TECH_CORRIDOR,SUBURB_NORTH,PREMIUM,24.18,66.5,RAIN,3.3,4.8,30.4,0.71,0,31,28,0.9,GOLD,132.22,0.354,0.486,0.0,0.2,2.04,269.73,216.05,53.68,0.5359,1,0
REQ-001535,5,SUBURB_NORTH,AIRPORT,XL,24.32,63.9,FOG,0.0,10.0,18.4,0.05,0,55,28,0.51,REGULAR,95.41,0.2,0.0,0.0,0.0,1.2,114.49,87.78,26.71,0.8429,1,0
REQ-001536,0,DOWNTOWN,FINANCIAL_DISTRICT,XL,19.33,45.0,CLEAR,0.0,10.0,20.9,0.19,0,15,61,4.07,PLATINUM,73.59,0.0,0.0,1.075,0.15,2.23,164.11,132.13,31.98,0.512,1,0
REQ-001537,20,DOWNTOWN,AIRPORT,COMFORT,10.33,24.7,THUNDERSTORM,35.3,2.3,27.5,0.06,0,10,16,1.6,REGULAR,32.66,1.2,0.0,0.21,0.0,2.41,78.71,63.64,15.07,0.2272,0,0
REQ-001538,9,FINANCIAL_DISTRICT,DOWNTOWN,PREMIUM,15.55,43.8,HEAVY_RAIN,41.3,0.6,19.2,0.5,0,29,79,2.72,GOLD,88.77,1.2,0.243,0.602,0.2,3.25,288.5,236.35,52.15,0.0595,0,0
REQ-001539,7,FINANCIAL_DISTRICT,DOWNTOWN,COMFORT,3.28,7.1,DRIZZLE,0.0,10.0,16.3,0.75,0,49,13,0.27,REGULAR,13.1,0.1,0.539,0.0,0.2,1.84,24.1,19.18,4.92,0.5359,0,0
REQ-001540,18,FINANCIAL_DISTRICT,AIRPORT,PREMIUM,15.52,35.5,CLEAR,0.0,10.0,17.4,0.52,2,30,38,1.27,REGULAR,81.64,0.0,0.501,0.095,0.25,1.85,151.03,120.21,30.82,0.53,0,0
REQ-001541,21,DOWNTOWN,FINANCIAL_DISTRICT,XL,19.7,61.6,RAIN,5.9,7.4,16.7,0.29,0,16,22,1.38,REGULAR,84.33,0.377,0.014,0.133,0.0,1.52,128.18,100.52,27.66,0.7134,0,0
REQ-001542,13,AIRPORT,FINANCIAL_DISTRICT,PREMIUM,17.77,43.8,RAIN,7.3,4.1,24.7,0.24,0,40,73,1.82,REGULAR,94.99,0.332,0.003,0.287,0.0,1.62,153.88,121.3,32.58,0.662,0,0
REQ-001543,16,FINANCIAL_DISTRICT,AIRPORT,PREMIUM,26.1,62.8,THUNDERSTORM,46.7,0.6,24.7,0.36,0,33,32,0.97,REGULAR,134.46,1.2,0.039,0.0,0.0,2.24,301.19,242.57,58.62,0.3066,1,0
REQ-001544,0,SUBURB_NORTH,TECH_CORRIDOR,PREMIUM,15.38,42.6,DRIZZLE,0.0,10.0,23.6,0.21,0,28,31,1.11,REGULAR,87.27,0.1,0.0,0.0,0.15,1.25,109.09,84.0,25.09,0.8264,0,0
REQ-001545,10,TECH_CORRIDOR,DOWNTOWN,PREMIUM,9.58,25.1,DRIZZLE,0.0,10.0,7.9,0.3,0,28,73,2.61,REGULAR,56.16,0.1,0.017,0.563,0.0,1.68,94.35,74.58,19.77,0.629,1,0
REQ-001546,22,FINANCIAL_DISTRICT,SUBURB_NORTH,STANDARD,10.24,31.7,SNOW,6.5,7.1,-0.8,0.24,0,60,27,0.45,REGULAR,26.89,0.489,0.003,0.0,0.0,1.49,40.07,31.37,8.7,0.7279,0,0
REQ-001547,14,AIRPORT,TECH_CORRIDOR,XL,22.84,58.2,CLEAR,0.0,10.0,8.1,0.26,1,49,56,1.14,GOLD,88.88,0.075,0.127,0.0,0.0,1.2,106.66,81.77,24.89,0.8966,1,0
REQ-001548,5,TECH_CORRIDOR,FINANCIAL_DISTRICT,XL,9.01,25.1,CLEAR,0.0,10.0,17.1,0.25,0,48,39,0.81,REGULAR,39.98,0.032,0.005,0.0,0.0,1.04,41.58,31.34,10.24,0.8874,1,0
REQ-001549,4,TECH_CORRIDOR,FINANCIAL_DISTRICT,STANDARD,5.21,14.7,CLEAR,0.0,10.0,5.4,0.21,0,18,12,0.67,REGULAR,14.65,0.0,0.0,0.0,0.0,1.0,14.65,10.99,3.66,0.8966,1,0
REQ-001550,13,AIRPORT,FINANCIAL_DISTRICT,COMFORT,6.21,18.6,DRIZZLE,0.0,10.0,27.2,0.06,0,58,73,1.26,REGULAR,23.12,0.1,0.0,0.091,0.0,1.19,27.51,21.07,6.44,0.8461,1,0
REQ-001551,13,FINANCIAL_DISTRICT,SUBURB_NORTH,COMFORT,25.52,69.2,CLEAR,0.0,10.0,23.9,0.2,0,48,46,0.96,PLATINUM,77.75,0.0,0.0,0.0,0.0,1.0,77.75,58.31,19.44,0.9526,1,0
REQ-001552,9,AIRPORT,TECH_CORRIDOR,STANDARD,22.98,65.9,CLEAR,0.0,10.0,22.9,0.81,0,24,16,0.67,GOLD,54.8,0.0,0.627,0.0,0.2,1.83,100.28,79.76,20.52,0.6566,1,0
REQ-001553,11,SUBURB_NORTH,FINANCIAL_DISTRICT,XL,18.79,40.5,CLEAR,0.0,10.0,13.9,0.2,0,42,63,1.5,REGULAR,69.76,0.0,0.0,0.175,0.0,1.18,82.32,63.0,19.32,0.8492,0,0
REQ-001554,7,FINANCIAL_DISTRICT,SUBURB_NORTH,COMFORT,22.45,58.1,DRIZZLE,0.0,10.0,30.0,0.83,0,39,37,0.95,REGULAR,67.68,0.1,0.658,0.0,0.2,1.96,132.65,105.98,26.67,0.4641,1,0
REQ-001555,14,AIRPORT,SUBURB_NORTH,COMFORT,6.01,18.1,CLEAR,0.0,10.0,19.2,0.25,0,57,62,1.09,GOLD,22.57,0.0,0.005,0.0,0.0,1.0,22.57,16.93,5.64,0.9334,1,0
REQ-001556,13,FINANCIAL_DISTRICT,SUBURB_NORTH,XL,8.34,26.4,FOG,0.0,10.0,23.6,0.06,1,54,49,0.91,REGULAR,39.35,0.242,0.12,0.0,0.0,1.36,53.52,41.56,11.96,0.7852,1,0
REQ-001557,0,DOWNTOWN,AIRPORT,XL,12.42,25.2,CLEAR,0.0,10.0,10.3,0.44,0,10,69,6.9,REGULAR,47.2,0.0,0.08,1.2,0.15,2.43,114.7,92.78,21.92,0.2189,0,0
REQ-001558,11,SUBURB_NORTH,FINANCIAL_DISTRICT,XL,9.01,26.2,DRIZZLE,0.0,10.0,31.2,0.27,1,34,27,0.79,REGULAR,40.64,0.1,0.129,0.0,0.0,1.23,49.99,38.43,11.56,0.8331,0,0
REQ-001559,20,DOWNTOWN,SUBURB_NORTH,STANDARD,19.59,54.2,CLEAR,0.0,10.0,31.8,0.12,0,29,39,1.34,GOLD,46.46,0.0,0.0,0.119,0.0,1.12,52.04,39.59,12.45,0.9131,1,0
REQ-001560,19,SUBURB_NORTH,AIRPORT,COMFORT,23.43,66.8,HEAVY_RAIN,50.3,1.0,26.5,0.45,1,50,55,1.1,REGULAR,73.22,1.2,0.206,0.0,0.25,2.66,194.77,158.23,36.54,0.139,0,0
REQ-001561,8,FINANCIAL_DISTRICT,TECH_CORRIDOR,XL,6.8,16.6,CLEAR,0.0,10.0,16.7,0.81,0,52,16,0.31,REGULAR,30.24,0.0,0.628,0.0,0.2,1.83,55.34,44.02,11.32,0.5419,1,0
REQ-001562,2,TECH_CORRIDOR,FINANCIAL_DISTRICT,XL,11.06,25.2,CLEAR,0.0,10.0,25.4,0.37,0,45,39,0.87,REGULAR,44.35,0.075,0.043,0.0,0.15,1.27,56.32,43.44,12.88,0.8194,1,0
REQ-001563,22,AIRPORT,SUBURB_NORTH,XL,10.13,27.9,CLEAR,0.0,10.0,5.8,0.1,0,34,68,2.0,REGULAR,44.01,0.011,0.0,0.35,0.0,1.36,59.85,46.47,13.38,0.7852,1,0
REQ-001564,15,SUBURB_NORTH,DOWNTOWN,COMFORT,23.99,65.6,CLEAR,0.0,10.0,16.4,0.4,0,14,32,2.29,GOLD,73.6,0.0,0.058,0.451,0.0,1.51,111.14,87.11,24.03,0.8047,1,0
REQ-001565,19,AIRPORT,DOWNTOWN,PREMIUM,12.2,22.2,THUNDERSTORM,37.0,1.1,21.3,0.41,0,46,53,1.15,PLATINUM,61.03,1.2,0.063,0.0,0.25,2.51,153.19,124.11,29.08,0.3489,0,0
REQ-001566,23,SUBURB_NORTH,DOWNTOWN,XL,10.73,30.0,DRIZZLE,0.0,10.0,20.9,0.38,0,34,66,1.94,REGULAR,46.53,0.1,0.048,0.329,0.15,1.63,75.84,59.81,16.03,0.6566,0,0
REQ-001567,16,FINANCIAL_DISTRICT,AIRPORT,XL,22.32,66.0,THUNDERSTORM,41.2,0.6,18.6,0.09,0,17,57,3.35,REGULAR,92.47,1.2,0.0,0.823,0.0,3.02,279.26,228.12,51.14,0.0637,0,0
REQ-001568,5,AIRPORT,SUBURB_NORTH,STANDARD,24.33,48.7,RAIN,5.9,5.0,8.6,0.2,0,47,18,0.38,REGULAR,50.45,0.316,0.0,0.0,0.0,1.32,66.59,51.56,15.03,0.8009,1,0
REQ-001569,2,TECH_CORRIDOR,DOWNTOWN,XL,18.35,38.0,CLEAR,0.0,10.0,24.1,0.15,0,58,20,0.34,GOLD,67.34,0.0,0.0,0.0,0.15,1.15,77.44,59.09,18.35,0.9072,1,0
REQ-001570,10,FINANCIAL_DISTRICT,TECH_CORRIDOR,PREMIUM,5.09,13.7,CLEAR,0.0,10.0,9.0,0.43,0,32,53,1.66,GOLD,33.89,0.0,0.074,0.231,0.0,1.31,44.4,34.35,10.05,0.8694,0,0
REQ-001571,19,FINANCIAL_DISTRICT,AIRPORT,STANDARD,23.89,47.7,CLEAR,0.0,10.0,6.4,0.5,0,45,80,1.78,REGULAR,49.56,0.0,0.243,0.273,0.25,1.77,87.72,69.61,18.11,0.5774,1,0
REQ-001572,15,DOWNTOWN,SUBURB_NORTH,PREMIUM,7.66,18.7,CLEAR,0.0,10.0,5.7,0.26,2,49,47,0.96,REGULAR,45.34,0.0,0.247,0.0,0.0,1.25,56.68,43.64,13.04,0.8264,1,0
REQ-001573,8,TECH_CORRIDOR,DOWNTOWN,XL,24.45,45.9,CLEAR,0.0,10.0,5.3,0.4,0,59,76,1.29,REGULAR,84.88,0.079,0.058,0.102,0.2,1.44,122.23,95.41,26.82,0.751,1,0
REQ-001574,11,TECH_CORRIDOR,DOWNTOWN,COMFORT,21.36,47.7,HEAVY_RAIN,26.8,1.3,15.8,0.07,0,8,36,4.5,REGULAR,61.21,0.982,0.0,1.2,0.0,3.18,194.65,159.33,35.32,0.0443,0,0
REQ-001575,23,SUBURB_NORTH,AIRPORT,XL,18.26,46.6,CLEAR,0.0,10.0,26.3,0.09,1,23,80,3.48,REGULAR,72.31,0.0,0.12,0.868,0.15,2.14,154.74,124.3,30.44,0.3599,0,0
REQ-001576,12,DOWNTOWN,FINANCIAL_DISTRICT,XL,4.6,9.9,CLEAR,0.0,10.0,19.7,0.05,0,18,56,3.11,GOLD,21.6,0.0,0.0,0.738,0.0,1.74,37.58,29.78,7.8,0.7035,1,0
REQ-001577,16,TECH_CORRIDOR,FINANCIAL_DISTRICT,STANDARD,24.92,68.3,CLEAR,0.0,10.0,26.1,0.22,1,42,21,0.5,REGULAR,58.05,0.0,0.121,0.0,0.0,1.12,65.02,49.46,15.56,0.8667,1,0
REQ-001578,22,FINANCIAL_DISTRICT,TECH_CORRIDOR,STANDARD,14.11,35.5,CLEAR,0.0,10.0,18.1,0.07,1,16,20,1.25,REGULAR,33.06,0.0,0.12,0.087,0.0,1.21,40.0,30.69,9.31,0.8397,1,0
REQ-001579,8,DOWNTOWN,TECH_CORRIDOR,STANDARD,13.88,33.4,DRIZZLE,0.0,10.0,28.5,0.69,0,14,33,2.36,REGULAR,32.04,0.1,0.46,0.476,0.2,2.24,71.77,57.8,13.97,0.3066,1,0
REQ-001580,2,AIRPORT,DOWNTOWN,STANDARD,24.94,65.3,DRIZZLE,0.0,10.0,26.6,0.15,0,17,60,3.53,REGULAR,57.03,0.1,0.0,0.885,0.15,2.14,122.04,98.03,24.01,0.3599,0,0
REQ-001581,14,DOWNTOWN,AIRPORT,PREMIUM,13.12,25.1,CLEAR,0.0,10.0,23.5,0.35,0,17,64,3.76,REGULAR,66.08,0.0,0.034,0.966,0.0,2.0,132.16,105.73,26.43,0.4403,1,0
REQ-001582,14,DOWNTOWN,AIRPORT,PREMIUM,21.89,51.1,CLEAR,0.0,10.0,30.4,0.25,0,41,71,1.73,GOLD,112.73,0.0,0.005,0.256,0.0,1.26,142.04,109.46,32.58,0.8825,1,0
REQ-001583,22,DOWNTOWN,AIRPORT,COMFORT,7.65,20.8,RAIN,6.5,5.5,6.9,0.21,0,21,37,1.76,REGULAR,26.48,0.323,0.0,0.266,0.0,1.59,42.1,33.14,8.96,0.6779,0,0
REQ-001584,9,DOWNTOWN,FINANCIAL_DISTRICT,PREMIUM,12.82,24.8,CLEAR,0.0,10.0,23.1,0.53,0,42,63,1.5,REGULAR,64.98,0.0,0.273,0.175,0.2,1.65,107.22,84.64,22.58,0.6457,0,0
REQ-001585,12,AIRPORT,TECH_CORRIDOR,STANDARD,23.88,56.0,CLEAR,0.0,10.0,20.3,0.41,0,43,39,0.91,REGULAR,52.45,0.0,0.063,0.0,0.0,1.06,55.6,42.02,13.58,0.8825,1,0
REQ-001586,2,FINANCIAL_DISTRICT,TECH_CORRIDOR,COMFORT,12.44,26.3,RAIN,9.9,4.7,30.7,0.33,0,49,31,0.63,REGULAR,36.87,0.377,0.027,0.0,0.15,1.55,57.15,44.89,12.26,0.6985,1,0
REQ-001587,1,AIRPORT,FINANCIAL_DISTRICT,XL,3.67,11.3,CLEAR,0.0,10.0,30.3,0.09,0,40,30,0.75,REGULAR,20.49,0.0,0.0,0.0,0.15,1.15,23.56,17.98,5.58,0.8581,1,0
REQ-001588,18,FINANCIAL_DISTRICT,DOWNTOWN,STANDARD,15.95,38.7,RAIN,14.4,6.6,27.9,0.7,0,54,76,1.41,REGULAR,36.48,0.412,0.473,0.143,0.25,2.28,83.17,67.05,16.12,0.2866,0,0
REQ-001589,5,SUBURB_NORTH,AIRPORT,PREMIUM,18.23,34.3,THUNDERSTORM,25.4,1.7,8.0,0.21,0,41,22,0.54,REGULAR,88.19,1.166,0.0,0.0,0.0,2.17,191.37,153.85,37.52,0.3434,0,0
REQ-001590,21,DOWNTOWN,FINANCIAL_DISTRICT,PREMIUM,4.0,8.4,HEAVY_RAIN,54.6,1.3,28.3,0.21,0,37,56,1.51,GOLD,26.34,1.2,0.0,0.178,0.0,2.38,62.69,50.65,12.04,0.338,0,0
REQ-001591,13,FINANCIAL_DISTRICT,TECH_CORRIDOR,STANDARD,12.88,28.7,CLEAR,0.0,10.0,29.7,0.09,0,52,16,0.31,REGULAR,29.14,0.0,0.0,0.0,0.0,1.0,29.14,21.86,7.28,0.8966,0,0
REQ-001592,0,FINANCIAL_DISTRICT,DOWNTOWN,STANDARD,21.85,59.0,CLEAR,0.0,10.0,16.5,0.13,0,32,38,1.19,GOLD,50.96,0.0,0.0,0.0,0.15,1.15,58.6,44.71,13.89,0.9072,1,0
REQ-001593,16,SUBURB_NORTH,DOWNTOWN,COMFORT,4.0,10.6,CLEAR,0.0,10.0,20.6,0.07,0,23,70,3.04,REGULAR,15.87,0.008,0.0,0.714,0.0,1.72,27.3,21.62,5.68,0.6064,1,0
REQ-001594,13,AIRPORT,SUBURB_NORTH,XL,15.09,34.4,THUNDERSTORM,52.8,1.1,21.1,0.35,1,38,45,1.18,PLATINUM,58.33,1.2,0.154,0.0,0.0,2.35,137.08,110.69,26.39,0.4403,1,0
REQ-001595,3,FINANCIAL_DISTRICT,AIRPORT,XL,22.21,67.7,CLEAR,0.0,10.0,12.4,0.33,0,12,42,3.5,GOLD,93.26,0.032,0.027,0.875,0.15,2.08,193.98,155.56,38.42,0.512,0,0
REQ-001596,1,FINANCIAL_DISTRICT,DOWNTOWN,COMFORT,20.37,48.2,CLEAR,0.0,10.0,19.6,0.29,0,21,42,2.0,REGULAR,59.8,0.0,0.014,0.35,0.15,1.51,90.3,70.77,19.53,0.7183,1,0
REQ-001597,15,SUBURB_NORTH,FINANCIAL_DISTRICT,STANDARD,17.68,32.0,DRIZZLE,0.0,10.0,19.1,0.36,0,35,49,1.4,REGULAR,36.3,0.103,0.039,0.14,0.0,1.28,46.46,35.86,10.6,0.8158,1,0
REQ-001598,1,TECH_CORRIDOR,SUBURB_NORTH,COMFORT,18.37,56.6,DRIZZLE,0.0,10.0,25.2,0.12,1,38,34,0.89,REGULAR,60.28,0.1,0.12,0.0,0.15,1.37,82.58,64.16,18.42,0.7811,0,0
REQ-001599,6,DOWNTOWN,TECH_CORRIDOR,PREMIUM,15.21,28.8,CLEAR,0.0,10.0,21.8,0.22,1,52,27,0.52,REGULAR,75.07,0.0,0.121,0.0,0.0,1.12,84.08,63.96,20.12,0.8667,1,0
REQ-001600,20,AIRPORT,DOWNTOWN,COMFORT,9.95,27.0,CLEAR,0.0,10.0,28.0,0.33,0,54,39,0.72,GOLD,33.07,0.0,0.027,0.0,0.0,1.03,34.06,25.64,8.42,0.9288,1,0
REQ-001601,0,FINANCIAL_DISTRICT,AIRPORT,COMFORT,13.28,29.6,CLEAR,0.0,10.0,19.7,0.17,0,43,44,1.02,REGULAR,39.73,0.0,0.0,0.0,0.15,1.15,45.69,34.86,10.83,0.8581,0,0
REQ-001602,11,DOWNTOWN,AIRPORT,XL,8.36,24.8,CLEAR,0.0,10.0,21.2,0.19,0,50,75,1.5,REGULAR,38.44,0.0,0.0,0.175,0.0,1.18,45.36,34.71,10.65,0.8492,1,0
REQ-001603,9,AIRPORT,TECH_CORRIDOR,XL,2.21,6.5,CLEAR,0.0,10.0,18.4,0.64,0,37,14,0.38,REGULAR,14.54,0.0,0.396,0.0,0.2,1.6,23.26,18.32,4.94,0.6726,0,0
REQ-001604,19,FINANCIAL_DISTRICT,SUBURB_NORTH,XL,27.74,76.5,CLEAR,0.0,10.0,29.6,0.79,0,12,13,1.08,REGULAR,110.15,0.0,0.597,0.0,0.25,1.85,203.78,162.2,41.58,0.53,1,0
REQ-001605,5,AIRPORT,SUBURB_NORTH,COMFORT,21.48,56.5,CLEAR,0.0,10.0,30.8,0.2,0,35,32,0.91,GOLD,65.37,0.0,0.0,0.0,0.0,1.0,65.37,49.03,16.34,0.9334,1,0
REQ-001606,2,FINANCIAL_DISTRICT,AIRPORT,PREMIUM,4.43,9.5,DRIZZLE,0.0,10.0,19.6,0.29,1,47,39,0.83,GOLD,28.47,0.108,0.134,0.0,0.15,1.39,39.57,30.79,8.78,0.8461,1,0
REQ-001607,5,AIRPORT,FINANCIAL_DISTRICT,XL,2.06,4.9,CLEAR,0.0,10.0,10.1,0.13,0,46,39,0.85,PLATINUM,13.27,0.0,0.0,0.0,0.0,1.0,13.27,9.95,3.32,0.9526,1,0
REQ-001608,12,SUBURB_NORTH,AIRPORT,STANDARD,26.42,74.8,CLEAR,0.0,10.0,21.5,0.25,0,26,32,1.23,REGULAR,62.21,0.001,0.005,0.08,0.0,1.09,67.81,51.42,16.39,0.8748,1,0
REQ-001609,14,FINANCIAL_DISTRICT,TECH_CORRIDOR,COMFORT,16.42,37.5,CLEAR,0.0,10.0,14.2,0.28,0,43,76,1.77,GOLD,48.47,0.032,0.011,0.269,0.0,1.31,63.5,49.13,14.37,0.8694,0,0
REQ-001610,7,TECH_CORRIDOR,AIRPORT,PREMIUM,23.93,72.1,DRIZZLE,0.0,10.0,26.8,0.83,0,46,22,0.48,GOLD,136.28,0.1,0.659,0.0,0.2,1.96,267.11,213.42,53.69,0.5832,1,0
REQ-001611,16,AIRPORT,DOWNTOWN,XL,13.91,40.7,CLEAR,0.0,10.0,6.0,0.29,0,37,37,1.0,PLATINUM,59.63,0.0,0.014,0.0,0.0,1.01,60.23,45.23,15.0,0.9515,0,0
REQ-001612,14,TECH_CORRIDOR,SUBURB_NORTH,PREMIUM,15.42,37.1,DRIZZLE,0.0,10.0,21.5,0.06,0,49,12,0.24,GOLD,82.72,0.1,0.0,0.0,0.0,1.1,90.99,69.07,21.92,0.9168,1,0
REQ-001613,2,SUBURB_NORTH,DOWNTOWN,STANDARD,24.0,64.1,CLEAR,0.0,10.0,31.0,0.26,0,36,23,0.64,REGULAR,55.43,0.0,0.007,0.0,0.15,1.16,64.3,49.11,15.19,0.8552,1,0
REQ-001614,10,AIRPORT,TECH_CORRIDOR,PREMIUM,20.93,37.7,CLEAR,0.0,10.0,24.7,0.06,1,39,47,1.21,REGULAR,98.65,0.0,0.12,0.073,0.0,1.19,117.39,89.92,27.47,0.8461,0,0
REQ-001615,11,FINANCIAL_DISTRICT,AIRPORT,XL,20.05,63.3,DRIZZLE,0.0,10.0,22.3,0.26,1,25,51,2.04,GOLD,86.09,0.1,0.127,0.364,0.0,1.59,136.88,107.74,29.14,0.7728,1,0
REQ-001616,7,AIRPORT,TECH_CORRIDOR,PREMIUM,24.28,63.3,CLEAR,0.0,10.0,13.4,0.72,0,58,65,1.12,REGULAR,129.78,0.0,0.499,0.0,0.2,1.7,220.63,174.56,46.07,0.6177,0,0
REQ-001617,1,TECH_CORRIDOR,FINANCIAL_DISTRICT,XL,22.84,45.1,HEAVY_RAIN,33.2,3.0,23.4,0.18,0,55,32,0.58,GOLD,81.02,0.874,0.0,0.0,0.15,2.02,163.66,131.01,32.65,0.5479,0,0
REQ-001618,20,AIRPORT,DOWNTOWN,PREMIUM,21.78,46.8,CLEAR,0.0,10.0,11.6,0.39,0,20,51,2.55,REGULAR,108.76,0.007,0.053,0.542,0.0,1.6,174.02,137.04,36.98,0.6726,1,0
REQ-001619,17,DOWNTOWN,FINANCIAL_DISTRICT,STANDARD,24.1,48.1,DRIZZLE,0.0,10.0,21.2,0.76,2,26,74,2.85,GOLD,49.96,0.1,0.795,0.647,0.25,2.79,139.39,113.49,25.9,0.1603,1,0
REQ-001620,1,SUBURB_NORTH,TECH_CORRIDOR,XL,15.63,44.7,HEAVY_RAIN,35.5,1.5,6.4,0.22,0,21,43,2.05,REGULAR,65.64,1.049,0.001,0.367,0.15,2.57,168.69,136.82,31.87,0.1669,0,0
REQ-001621,4,SUBURB_NORTH,FINANCIAL_DISTRICT,COMFORT,4.73,9.0,CLEAR,0.0,10.0,15.0,0.09,0,11,67,6.09,GOLD,16.35,0.0,0.0,1.2,0.0,2.2,35.97,28.94,7.03,0.4403,0,0
REQ-001622,13,SUBURB_NORTH,AIRPORT,XL,24.53,60.0,CLEAR,0.0,10.0,16.2,0.15,0,52,15,0.29,REGULAR,93.51,0.0,0.0,0.0,0.0,1.0,93.51,70.13,23.38,0.8966,0,0
REQ-001623,11,TECH_CORRIDOR,SUBURB_NORTH,PREMIUM,8.89,22.2,DRIZZLE,0.0,10.0,23.5,0.43,0,16,55,3.44,GOLD,51.76,0.1,0.074,0.854,0.0,2.03,105.07,84.13,20.94,0.5419,1,0
REQ-001624,15,SUBURB_NORTH,AIRPORT,STANDARD,27.02,78.3,CLEAR,0.0,10.0,16.3,0.06,2,38,63,1.66,REGULAR,64.17,0.0,0.24,0.231,0.0,1.47,94.33,73.76,20.57,0.7373,1,0
REQ-001625,10,TECH_CORRIDOR,SUBURB_NORTH,XL,7.19,13.8,RAIN,12.2,6.6,10.6,0.07,1,53,15,0.28,REGULAR,29.38,0.387,0.12,0.0,0.0,1.51,44.36,34.77,9.59,0.7183,1,0
REQ-001626,4,DOWNTOWN,TECH_CORRIDOR,XL,12.36,34.8,CLEAR,0.0,10.0,12.8,0.15,0,49,64,1.31,REGULAR,52.84,0.0,0.0,0.109,0.0,1.11,58.65,44.57,14.08,0.8694,1,0
REQ-001627,1,FINANCIAL_DISTRICT,AIRPORT,COMFORT,26.48,63.6,DRIZZLE,0.0,10.0,29.7,0.06,0,9,20,2.22,REGULAR,76.81,0.1,0.0,0.427,0.15,1.68,129.04,102.0,27.04,0.629,0,0
REQ-001628,19,AIRPORT,SUBURB_NORTH,PREMIUM,4.02,10.6,CLEAR,0.0,10.0,21.0,0.54,1,43,23,0.53,REGULAR,28.27,0.0,0.403,0.0,0.25,1.65,46.65,36.83,9.82,0.6457,1,0
REQ-001629,23,FINANCIAL_DISTRICT,TECH_CORRIDOR,XL,12.45,23.7,CLEAR,0.0,10.0,17.1,0.25,0,39,10,0.26,REGULAR,46.36,0.059,0.005,0.0,0.15,1.21,56.1,43.05,13.05,0.8397,1,0
REQ-001630,12,TECH_CORRIDOR,SUBURB_NORTH,PREMIUM,19.45,58.4,CLEAR,0.0,10.0,9.0,0.35,0,29,57,1.97,REGULAR,112.1,0.0,0.034,0.339,0.0,1.37,153.58,119.33,34.25,0.7811,1,0
REQ-001631,0,DOWNTOWN,SUBURB_NORTH,COMFORT,20.24,56.0,RAIN,9.9,4.7,16.4,0.06,0,23,78,3.39,REGULAR,63.1,0.361,0.0,0.837,0.15,2.35,148.28,119.73,28.55,0.2535,0,0
REQ-001632,2,DOWNTOWN,SUBURB_NORTH,STANDARD,11.22,23.6,CLEAR,0.0,10.0,15.2,0.17,0,45,21,0.47,REGULAR,25.29,0.0,0.0,0.0,0.15,1.15,29.08,22.19,6.89,0.8581,1,0
REQ-001633,9,TECH_CORRIDOR,AIRPORT,COMFORT,8.79,19.5,HEAVY_RAIN,20.1,1.3,12.1,0.82,0,54,38,0.7,GOLD,27.78,0.896,0.643,0.0,0.2,2.74,76.12,61.92,14.2,0.1771,0,0
REQ-001634,22,FINANCIAL_DISTRICT,SUBURB_NORTH,STANDARD,15.97,45.5,RAIN,7.9,5.2,28.4,0.17,0,31,19,0.61,REGULAR,38.88,0.339,0.0,0.0,0.0,1.34,52.1,40.4,11.7,0.7931,1,0
REQ-001635,13,FINANCIAL_DISTRICT,SUBURB_NORTH,XL,7.09,21.7,RAIN,9.4,4.3,10.7,0.26,0,52,25,0.48,REGULAR,33.91,0.356,0.007,0.0,0.0,1.36,46.12,35.81,10.31,0.7852,1,0
REQ-001636,2,AIRPORT,DOWNTOWN,XL,20.35,55.9,THUNDERSTORM,58.8,1.9,15.1,0.26,0,32,68,2.12,REGULAR,82.28,1.2,0.007,0.392,0.15,2.75,226.27,184.1,42.17,0.1151,0,0
REQ-001637,18,FINANCIAL_DISTRICT,AIRPORT,STANDARD,17.28,38.6,CLEAR,0.0,10.0,29.1,0.73,0,12,43,3.58,GOLD,38.11,0.011,0.512,0.903,0.25,2.68,102.13,83.0,19.13,0.1991,1,0
REQ-001638,19,FINANCIAL_DISTRICT,AIRPORT,XL,25.78,50.1,HEAVY_RAIN,43.0,2.4,11.5,0.42,0,19,18,0.95,REGULAR,90.2,1.055,0.069,0.0,0.25,2.37,213.77,172.68,41.09,0.2445,1,0
REQ-001639,12,FINANCIAL_DISTRICT,SUBURB_NORTH,STANDARD,27.74,61.4,CLEAR,0.0,10.0,11.7,0.31,0,12,51,4.25,REGULAR,59.16,0.0,0.02,1.137,0.0,2.16,127.79,102.71,25.08,0.3489,1,0
REQ-001640,21,AIRPORT,SUBURB_NORTH,STANDARD,13.69,34.9,RAIN,13.7,6.5,29.0,0.3,0,28,68,2.43,REGULAR,32.32,0.404,0.017,0.501,0.0,1.92,62.05,49.51,12.54,0.488,0,0
REQ-001641,3,SUBURB_NORTH,FINANCIAL_DISTRICT,XL,10.46,31.8,RAIN,11.9,4.7,21.0,0.43,0,29,29,1.0,REGULAR,47.05,0.384,0.074,0.0,0.15,1.61,75.75,59.68,16.07,0.6673,1,0
REQ-001642,22,DOWNTOWN,FINANCIAL_DISTRICT,STANDARD,12.9,25.1,RAIN,14.8,5.5,21.6,0.41,0,54,77,1.43,REGULAR,27.91,0.416,0.063,0.15,0.0,1.63,45.49,35.88,9.61,0.6566,1,0
REQ-001643,16,AIRPORT,FINANCIAL_DISTRICT,STANDARD,12.52,25.0,THUNDERSTORM,26.1,0.7,26.9,0.31,0,47,58,1.23,PLATINUM,27.4,1.2,0.02,0.08,0.0,2.3,63.02,50.83,12.19,0.47,1,0
REQ-001644,2,FINANCIAL_DISTRICT,SUBURB_NORTH,PREMIUM,16.9,52.5,RAIN,3.1,6.3,8.8,0.3,0,39,26,0.67,GOLD,99.94,0.307,0.017,0.0,0.15,1.47,146.91,114.88,32.03,0.8194,1,0
REQ-001645,20,SUBURB_NORTH,DOWNTOWN,COMFORT,6.11,11.3,DRIZZLE,0.0,10.0,29.6,0.19,0,59,34,0.58,REGULAR,19.67,0.1,0.0,0.0,0.0,1.1,21.64,16.43,5.21,0.8721,0,0
REQ-001646,22,FINANCIAL_DISTRICT,SUBURB_NORTH,STANDARD,9.68,19.9,RAIN,7.0,8.0,28.9,0.06,0,41,61,1.49,REGULAR,22.06,0.352,0.0,0.171,0.0,1.52,33.53,26.29,7.24,0.7134,1,0
REQ-001647,8,AIRPORT,DOWNTOWN,COMFORT,22.57,66.9,CLEAR,0.0,10.0,26.1,0.8,0,33,53,1.61,REGULAR,71.85,0.036,0.613,0.214,0.2,2.06,148.01,118.62,29.39,0.4052,0,0
REQ-001648,8,AIRPORT,DOWNTOWN,XL,13.33,42.0,CLEAR,0.0,10.0,7.5,0.68,0,22,75,3.41,REGULAR,59.19,0.0,0.446,0.844,0.2,2.49,147.38,119.35,28.03,0.1953,0,0
REQ-001649,19,TECH_CORRIDOR,SUBURB_NORTH,PREMIUM,11.04,30.6,DRIZZLE,0.0,10.0,11.4,0.7,1,49,26,0.53,GOLD,64.92,0.1,0.591,0.0,0.25,1.94,125.94,100.56,25.38,0.5948,1,0
REQ-001650,6,TECH_CORRIDOR,DOWNTOWN,STANDARD,27.8,81.2,DRIZZLE,0.0,10.0,5.2,0.38,0,13,11,0.85,REGULAR,66.17,0.1,0.048,0.0,0.0,1.15,76.1,58.07,18.03,0.8581,1,0
REQ-001651,10,AIRPORT,DOWNTOWN,XL,24.28,61.4,RAIN,9.7,7.8,20.4,0.29,0,59,16,0.27,PLATINUM,93.83,0.359,0.014,0.0,0.0,1.37,128.55,99.88,28.67,0.8921,1,0
REQ-001652,23,SUBURB_NORTH,FINANCIAL_DISTRICT,COMFORT,17.3,52.5,CLEAR,0.0,10.0,10.8,0.28,0,54,60,1.11,REGULAR,56.66,0.0,0.011,0.0,0.15,1.16,65.73,50.2,15.53,0.8552,1,0
REQ-001653,22,AIRPORT,TECH_CORRIDOR,PREMIUM,23.7,53.7,DRIZZLE,0.0,10.0,21.0,0.36,0,19,30,1.58,REGULAR,120.01,0.1,0.039,0.203,0.0,1.34,160.81,124.69,36.12,0.7931,1,0
REQ-001654,11,TECH_CORRIDOR,DOWNTOWN,STANDARD,15.7,31.7,CLEAR,0.0,10.0,16.8,0.19,0,35,72,2.06,PLATINUM,33.71,0.0,0.0,0.371,0.0,1.37,46.18,35.88,10.3,0.8921,1,0
REQ-001655,7,TECH_CORRIDOR,DOWNTOWN,PREMIUM,9.24,27.0,CLEAR,0.0,10.0,12.3,0.55,0,13,39,3.0,REGULAR,56.82,0.0,0.292,0.7,0.2,2.19,124.44,100.09,24.35,0.3327,1,0
REQ-001656,19,SUBURB_NORTH,AIRPORT,XL,19.78,55.2,DRIZZLE,0.0,10.0,29.9,0.62,0,25,21,0.84,PLATINUM,80.66,0.1,0.371,0.0,0.25,1.72,138.74,109.86,28.88,0.7811,1,0
REQ-001657,3,AIRPORT,TECH_CORRIDOR,COMFORT,13.14,29.6,HEAVY_RAIN,46.1,2.5,21.7,0.18,0,58,50,0.86,REGULAR,39.5,1.069,0.0,0.0,0.15,2.22,87.69,70.59,17.1,0.3169,0,0
REQ-001658,19,SUBURB_NORTH,AIRPORT,STANDARD,17.9,43.3,CLEAR,0.0,10.0,30.3,0.76,0,55,74,1.35,GOLD,40.53,0.0,0.555,0.123,0.25,1.93,78.22,62.43,15.79,0.6006,1,0
REQ-001659,23,DOWNTOWN,TECH_CORRIDOR,COMFORT,23.77,45.6,CLEAR,0.0,10.0,17.8,0.12,0,25,79,3.16,GOLD,64.24,0.0,0.0,0.756,0.15,1.91,122.7,97.87,24.83,0.6121,1,0
REQ-001660,18,TECH_CORRIDOR,FINANCIAL_DISTRICT,PREMIUM,11.92,30.7,DRIZZLE,0.0,10.0,25.7,0.71,0,40,14,0.35,REGULAR,67.47,0.1,0.486,0.0,0.25,1.84,124.14,98.77,25.37,0.5359,0,0
REQ-001661,7,FINANCIAL_DISTRICT,SUBURB_NORTH,STANDARD,3.87,11.6,CLEAR,0.0,10.0,11.5,0.64,0,14,54,3.86,REGULAR,11.9,0.02,0.395,1.001,0.2,2.62,31.18,25.31,5.87,0.1508,0,0
REQ-001662,1,DOWNTOWN,SUBURB_NORTH,COMFORT,17.23,52.5,DRIZZLE,0.0,10.0,16.8,0.42,0,52,27,0.52,REGULAR,56.55,0.139,0.069,0.0,0.15,1.36,76.91,59.72,17.19,0.7852,1,0
REQ-001663,9,AIRPORT,FINANCIAL_DISTRICT,PREMIUM,26.05,78.0,DRIZZLE,0.0,10.0,6.7,0.47,0,34,66,1.94,GOLD,147.24,0.1,0.099,0.329,0.2,1.73,254.73,201.8,52.93,0.7085,0,0
REQ-001664,11,FINANCIAL_DISTRICT,SUBURB_NORTH,STANDARD,6.44,12.4,SNOW,11.7,7.4,-5.2,0.39,0,28,80,2.86,REGULAR,15.39,0.636,0.053,0.651,0.0,2.34,36.01,29.07,6.94,0.2581,0,0
REQ-001665,11,SUBURB_NORTH,FINANCIAL_DISTRICT,PREMIUM,8.76,27.3,CLEAR,0.0,10.0,22.3,0.35,1,43,12,0.28,GOLD,55.73,0.0,0.154,0.0,0.0,1.15,64.09,48.9,15.19,0.9072,1,0
REQ-001666,2,DOWNTOWN,FINANCIAL_DISTRICT,STANDARD,13.86,32.2,CLEAR,0.0,10.0,23.3,0.09,0,29,36,1.24,REGULAR,31.59,0.0,0.0,0.084,0.15,1.23,38.86,29.87,8.99,0.8331,1,0
REQ-001667,21,AIRPORT,FINANCIAL_DISTRICT,COMFORT,15.45,41.7,DRIZZLE,0.0,10.0,12.3,0.19,0,10,71,7.1,REGULAR,48.76,0.1,0.0,1.2,0.0,2.3,112.15,90.45,21.7,0.2769,0,0
REQ-001668,13,TECH_CORRIDOR,AIRPORT,COMFORT,18.6,41.4,CLEAR,0.0,10.0,22.7,0.39,0,17,10,0.59,GOLD,53.82,0.0,0.053,0.0,0.0,1.05,56.51,42.65,13.86,0.9255,1,0
REQ-001669,7,TECH_CORRIDOR,DOWNTOWN,PREMIUM,12.53,39.2,CLEAR,0.0,10.0,8.0,0.67,0,50,16,0.32,REGULAR,76.4,0.0,0.433,0.0,0.2,1.63,124.53,98.21,26.32,0.6566,0,0
REQ-001670,19,AIRPORT,TECH_CORRIDOR,PREMIUM,24.33,69.9,SNOW,5.9,4.3,-11.1,0.46,0,40,53,1.32,REGULAR,135.54,0.688,0.093,0.112,0.25,2.14,290.06,233.0,57.06,0.3599,1,0
REQ-001671,10,AIRPORT,SUBURB_NORTH,PREMIUM,10.03,23.6,HEAVY_RAIN,35.0,1.0,23.0,0.39,0,30,80,2.67,REGULAR,56.14,1.094,0.053,0.584,0.0,2.73,153.26,124.66,28.6,0.12,0,0
REQ-001672,15,TECH_CORRIDOR,AIRPORT,PREMIUM,21.42,47.6,CLEAR,0.0,10.0,18.5,0.21,0,41,43,1.05,REGULAR,108.44,0.0,0.0,0.0,0.0,1.0,108.44,81.33,27.11,0.8966,1,0
REQ-001673,20,FINANCIAL_DISTRICT,TECH_CORRIDOR,COMFORT,8.2,23.3,RAIN,10.7,5.8,13.1,0.15,0,36,22,0.61,REGULAR,28.52,0.37,0.0,0.0,0.0,1.37,39.07,30.36,8.71,0.7811,0,0
REQ-001674,11,TECH_CORRIDOR,SUBURB_NORTH,COMFORT,27.33,54.0,RAIN,9.9,8.0,19.0,0.43,0,10,25,2.5,REGULAR,73.89,0.361,0.074,0.525,0.0,1.96,144.82,115.71,29.11,0.4641,1,0
REQ-001675,21,SUBURB_NORTH,DOWNTOWN,STANDARD,4.02,9.2,CLEAR,0.0,10.0,27.9,0.23,1,32,68,2.12,REGULAR,11.24,0.009,0.122,0.392,0.0,1.52,17.08,13.39,3.69,0.7134,1,0
REQ-001676,5,TECH_CORRIDOR,DOWNTOWN,PREMIUM,16.12,44.8,SNOW,6.8,6.7,-4.4,0.37,0,50,80,1.6,GOLD,91.22,0.565,0.043,0.21,0.0,1.82,166.02,132.0,34.02,0.662,0,0
REQ-001677,6,SUBURB_NORTH,TECH_CORRIDOR,PREMIUM,19.6,45.0,RAIN,8.8,5.0,28.7,0.33,0,11,68,6.18,REGULAR,101.13,0.37,0.027,1.2,0.0,2.6,262.94,213.39,49.55,0.1571,0,0
REQ-001678,11,FINANCIAL_DISTRICT,SUBURB_NORTH,STANDARD,27.14,57.6,HEAVY_RAIN,50.1,2.0,7.0,0.29,0,39,49,1.26,PLATINUM,57.08,1.164,0.014,0.091,0.0,2.27,129.57,104.43,25.14,0.488,1,0
REQ-001679,18,SUBURB_NORTH,FINANCIAL_DISTRICT,XL,14.47,41.7,CLEAR,0.0,10.0,25.8,0.83,0,20,11,0.55,REGULAR,61.41,0.047,0.658,0.0,0.25,1.96,120.36,96.16,24.2,0.4641,0,0
REQ-001680,4,FINANCIAL_DISTRICT,SUBURB_NORTH,PREMIUM,23.93,61.9,CLEAR,0.0,10.0,5.7,0.39,0,34,40,1.18,GOLD,127.61,0.0,0.053,0.0,0.0,1.05,133.99,101.13,32.86,0.9255,1,0
REQ-001681,16,TECH_CORRIDOR,AIRPORT,STANDARD,5.68,14.3,CLEAR,0.0,10.0,30.4,0.37,0,58,31,0.53,REGULAR,15.1,0.0,0.043,0.0,0.0,1.04,15.7,11.83,3.87,0.8874,1,0
REQ-001682,3,FINANCIAL_DISTRICT,SUBURB_NORTH,COMFORT,22.93,43.9,DRIZZLE,0.0,10.0,26.3,0.37,1,29,49,1.69,REGULAR,62.08,0.1,0.163,0.241,0.15,1.65,102.43,80.86,21.57,0.6457,0,0
REQ-001683,11,AIRPORT,TECH_CORRIDOR,XL,18.36,40.1,RAIN,5.2,6.7,13.6,0.08,0,52,78,1.5,REGULAR,68.62,0.308,0.0,0.175,0.0,1.48,101.56,79.46,22.1,0.7326,0,0
REQ-001684,16,AIRPORT,DOWNTOWN,COMFORT,11.93,29.0,SNOW,11.2,4.6,-2.6,0.09,0,54,64,1.19,REGULAR,37.23,0.578,0.0,0.0,0.0,1.58,58.82,46.27,12.55,0.6831,0,0
REQ-001685,21,TECH_CORRIDOR,AIRPORT,PREMIUM,26.42,57.2,CLEAR,0.0,10.0,5.8,0.31,0,25,17,0.68,GOLD,130.6,0.0,0.02,0.0,0.0,1.02,133.21,100.17,33.04,0.9303,1,0
REQ-001686,0,SUBURB_NORTH,FINANCIAL_DISTRICT,COMFORT,25.7,46.7,CLEAR,0.0,10.0,28.7,0.17,0,44,11,0.25,PLATINUM,67.92,0.0,0.0,0.0,0.15,1.15,78.11,59.6,18.51,0.9334,1,0
REQ-001687,14,SUBURB_NORTH,TECH_CORRIDOR,STANDARD,27.25,58.1,CLEAR,0.0,10.0,25.0,0.24,0,12,63,5.25,REGULAR,57.4,0.0,0.003,1.2,0.0,2.2,126.28,101.6,24.68,0.3274,1,0
REQ-001688,12,FINANCIAL_DISTRICT,DOWNTOWN,XL,16.19,48.3,DRIZZLE,0.0,10.0,22.7,0.21,0,60,30,0.5,REGULAR,68.98,0.1,0.0,0.0,0.0,1.1,75.88,57.6,18.28,0.8721,1,0
REQ-001689,3,AIRPORT,TECH_CORRIDOR,XL,17.98,44.1,DRIZZLE,0.0,10.0,7.2,0.34,0,51,12,0.24,REGULAR,70.22,0.1,0.03,0.0,0.15,1.28,89.88,69.38,20.5,0.8158,0,0
REQ-001690,4,TECH_CORRIDOR,DOWNTOWN,PREMIUM,18.77,39.8,CLEAR,0.0,10.0,22.9,0.43,0,43,18,0.42,GOLD,94.39,0.0,0.074,0.0,0.0,1.07,101.0,76.41,24.59,0.9222,1,0
REQ-001691,18,TECH_CORRIDOR,DOWNTOWN,COMFORT,12.32,31.6,CLEAR,0.0,10.0,30.8,0.48,0,12,41,3.42,REGULAR,39.05,0.0,0.106,0.847,0.25,2.2,85.91,69.12,16.79,0.3274,0,0
REQ-001692,5,FINANCIAL_DISTRICT,SUBURB_NORTH,COMFORT,12.44,22.5,CLEAR,0.0,10.0,20.4,0.06,0,58,45,0.78,REGULAR,35.15,0.061,0.0,0.0,0.0,1.06,37.26,28.16,9.1,0.8825,1,0
REQ-001693,7,TECH_CORRIDOR,FINANCIAL_DISTRICT,COMFORT,22.09,51.1,RAIN,12.9,4.8,27.7,0.4,0,59,51,0.86,GOLD,63.95,0.395,0.058,0.0,0.2,1.65,105.52,83.3,22.22,0.7465,1,0
REQ-001694,22,AIRPORT,SUBURB_NORTH,PREMIUM,16.92,48.7,CLEAR,0.0,10.0,5.7,0.08,1,59,21,0.36,REGULAR,96.78,0.0,0.12,0.0,0.0,1.12,108.39,82.45,25.94,0.8667,1,0
REQ-001695,18,FINANCIAL_DISTRICT,DOWNTOWN,XL,11.56,36.2,RAIN,9.8,4.0,11.0,0.79,0,39,20,0.51,GOLD,52.0,0.384,0.598,0.0,0.25,2.23,115.96,93.37,22.59,0.4226,0,0
REQ-001696,1,FINANCIAL_DISTRICT,DOWNTOWN,XL,12.68,30.8,HEAVY_RAIN,32.1,0.8,29.6,0.05,1,33,42,1.27,REGULAR,51.11,1.081,0.12,0.095,0.15,2.45,125.22,101.33,23.89,0.2108,0,0
REQ-001697,8,TECH_CORRIDOR,AIRPORT,COMFORT,8.22,19.2,CLEAR,0.0,10.0,20.0,0.58,0,11,11,1.0,REGULAR,26.7,0.011,0.326,0.0,0.2,1.54,41.12,32.28,8.84,0.7035,1,0
REQ-001698,15,AIRPORT,TECH_CORRIDOR,COMFORT,23.91,64.4,RAIN,3.5,4.9,12.1,0.35,0,56,73,1.3,GOLD,72.93,0.308,0.034,0.105,0.0,1.45,105.75,82.59,23.16,0.8264,1,0
REQ-001699,17,AIRPORT,DOWNTOWN,STANDARD,9.86,21.6,HEAVY_RAIN,43.5,2.3,31.5,0.5,1,13,54,4.15,REGULAR,22.88,1.059,0.24,1.103,0.25,3.5,80.08,65.78,14.3,0.021,0,1
REQ-001700,18,AIRPORT,FINANCIAL_DISTRICT,PREMIUM,3.34,8.8,HEAVY_RAIN,34.4,1.9,29.0,0.59,1,14,16,1.14,REGULAR,24.83,1.02,0.456,0.0,0.25,2.73,67.79,55.14,12.65,0.12,0,0
REQ-001701,21,SUBURB_NORTH,TECH_CORRIDOR,XL,24.91,57.5,RAIN,8.0,5.8,18.8,0.11,0,26,74,2.85,REGULAR,92.81,0.359,0.0,0.647,0.0,2.01,186.55,149.29,37.26,0.4344,0,0
REQ-001702,21,DOWNTOWN,AIRPORT,STANDARD,17.83,38.5,CLEAR,0.0,10.0,28.2,0.05,0,54,33,0.61,PLATINUM,38.76,0.004,0.0,0.0,0.0,1.0,38.76,29.07,9.69,0.9526,0,0
REQ-001703,17,SUBURB_NORTH,DOWNTOWN,COMFORT,15.5,48.1,CLEAR,0.0,10.0,21.9,0.8,0,31,69,2.23,REGULAR,51.71,0.04,0.612,0.43,0.25,2.33,120.48,97.24,23.24,0.2627,0,0
REQ-001704,18,TECH_CORRIDOR,SUBURB_NORTH,COMFORT,11.78,29.4,CLEAR,0.0,10.0,25.1,0.6,0,36,40,1.11,PLATINUM,37.17,0.009,0.348,0.0,0.25,1.61,59.84,47.15,12.69,0.8229,1,0
REQ-001705,13,TECH_CORRIDOR,SUBURB_NORTH,COMFORT,6.87,20.0,CLEAR,0.0,10.0,29.3,0.16,0,57,40,0.7,REGULAR,24.84,0.057,0.0,0.0,0.0,1.06,26.33,19.9,6.43,0.8825,1,0
REQ-001706,12,TECH_CORRIDOR,FINANCIAL_DISTRICT,XL,9.28,17.0,RAIN,13.7,7.3,30.7,0.44,0,8,61,7.62,REGULAR,35.69,0.404,0.08,1.2,0.0,2.68,95.65,77.73,17.92,0.1333,0,0
REQ-001707,4,FINANCIAL_DISTRICT,SUBURB_NORTH,PREMIUM,15.98,37.5,DRIZZLE,0.0,10.0,7.4,0.15,0,58,58,1.0,GOLD,84.62,0.1,0.0,0.0,0.0,1.1,93.08,70.66,22.42,0.9168,1,0
REQ-001708,10,TECH_CORRIDOR,AIRPORT,XL,15.82,45.7,CLEAR,0.0,10.0,8.1,0.35,0,24,31,1.29,REGULAR,66.64,0.0,0.034,0.102,0.0,1.14,75.97,57.91,18.06,0.861,0,0
REQ-001709,9,FINANCIAL_DISTRICT,DOWNTOWN,XL,8.44,20.4,BLIZZARD,34.6,2.5,-2.1,0.65,0,33,13,0.39,REGULAR,35.96,1.2,0.407,0.0,0.2,2.81,101.05,82.3,18.75,0.1012,1,0
REQ-001710,15,TECH_CORRIDOR,FINANCIAL_DISTRICT,COMFORT,5.18,15.8,CLEAR,0.0,10.0,29.3,0.34,0,34,36,1.06,PLATINUM,20.16,0.0,0.03,0.0,0.0,1.03,20.76,15.63,5.13,0.9492,1,0
REQ-001711,15,FINANCIAL_DISTRICT,TECH_CORRIDOR,PREMIUM,6.15,18.7,CLEAR,0.0,10.0,26.5,0.37,0,59,62,1.05,REGULAR,41.11,0.0,0.043,0.0,0.0,1.04,42.75,32.23,10.52,0.8874,1,0
REQ-001712,7,SUBURB_NORTH,TECH_CORRIDOR,XL,9.81,23.5,CLEAR,0.0,10.0,9.9,0.4,1,28,20,0.71,GOLD,40.7,0.0,0.178,0.0,0.2,1.38,56.17,43.67,12.5,0.8492,1,0
REQ-001713,0,SUBURB_NORTH,AIRPORT,XL,19.8,39.8,CLEAR,0.0,10.0,9.3,0.35,1,39,56,1.44,REGULAR,71.46,0.0,0.154,0.154,0.15,1.46,104.33,81.53,22.8,0.7419,0,0
REQ-001714,21,DOWNTOWN,TECH_CORRIDOR,XL,15.78,42.1,HEAVY_RAIN,22.7,2.7,12.3,0.4,0,57,22,0.39,REGULAR,64.4,0.785,0.058,0.0,0.0,1.84,118.5,94.28,24.22,0.5359,1,0
REQ-001715,7,TECH_CORRIDOR,SUBURB_NORTH,XL,9.17,27.1,HEAVY_RAIN,35.9,1.7,29.5,0.73,0,20,11,0.55,REGULAR,41.52,1.034,0.513,0.0,0.2,2.75,114.18,92.9,21.28,0.1151,0,0
REQ-001716,17,SUBURB_NORTH,FINANCIAL_DISTRICT,COMFORT,19.91,41.9,RAIN,3.1,4.2,7.4,0.6,0,33,72,2.18,REGULAR,56.21,0.285,0.348,0.413,0.25,2.3,129.28,104.27,25.01,0.2769,0,0
REQ-001717,3,TECH_CORRIDOR,AIRPORT,STANDARD,18.14,44.3,CLEAR,0.0,10.0,24.5,0.25,0,50,26,0.52,REGULAR,41.18,0.0,0.005,0.0,0.15,1.15,47.36,36.14,11.22,0.8581,1,0
REQ-001718,17,DOWNTOWN,AIRPORT,STANDARD,5.1,13.2,RAIN,7.2,5.0,24.0,0.6,1,25,35,1.4,GOLD,14.0,0.404,0.469,0.14,0.25,2.26,31.64,25.49,6.15,0.4052,0,0
REQ-001719,20,TECH_CORRIDOR,FINANCIAL_DISTRICT,STANDARD,10.94,34.5,THUNDERSTORM,56.6,2.5,7.1,0.37,0,46,31,0.67,PLATINUM,28.74,1.2,0.043,0.0,0.0,2.24,64.38,51.85,12.53,0.506,0,0
REQ-001720,9,SUBURB_NORTH,AIRPORT,PREMIUM,9.87,29.6,THUNDERSTORM,32.0,2.5,27.3,0.47,1,46,20,0.43,REGULAR,60.8,1.16,0.219,0.0,0.2,2.58,156.86,127.25,29.61,0.1636,0,0
REQ-001721,15,DOWNTOWN,AIRPORT,XL,18.98,59.5,RAIN,5.8,7.7,16.7,0.24,0,20,49,2.45,REGULAR,81.56,0.334,0.003,0.508,0.0,1.84,150.07,119.4,30.67,0.5359,0,0
REQ-001722,12,AIRPORT,TECH_CORRIDOR,PREMIUM,6.28,19.9,CLEAR,0.0,10.0,8.0,0.35,0,41,15,0.37,GOLD,42.49,0.053,0.034,0.0,0.0,1.09,46.31,35.11,11.2,0.9186,1,0
REQ-001723,0,TECH_CORRIDOR,DOWNTOWN,COMFORT,9.03,23.0,DRIZZLE,0.0,10.0,8.4,0.4,0,54,16,0.3,REGULAR,29.75,0.1,0.058,0.0,0.15,1.31,38.97,30.15,8.82,0.8047,1,0
REQ-001724,4,DOWNTOWN,TECH_CORRIDOR,XL,14.56,35.9,CLEAR,0.0,10.0,9.5,0.36,0,31,43,1.39,REGULAR,58.12,0.0,0.039,0.136,0.0,1.17,68.0,51.99,16.01,0.8522,0,0
REQ-001725,22,FINANCIAL_DISTRICT,TECH_CORRIDOR,COMFORT,3.38,9.7,SNOW,14.1,6.5,-13.5,0.24,1,53,24,0.45,GOLD,14.45,0.829,0.123,0.0,0.0,1.95,28.18,22.51,5.67,0.589,1,0
REQ-001726,10,FINANCIAL_DISTRICT,TECH_CORRIDOR,XL,25.7,55.6,CLEAR,0.0,10.0,31.2,0.05,1,25,26,1.04,PLATINUM,93.33,0.0,0.12,0.0,0.0,1.12,104.53,79.52,25.01,0.9377,1,0
REQ-001727,5,FINANCIAL_DISTRICT,SUBURB_NORTH,XL,13.66,30.4,DRIZZLE,0.0,10.0,22.2,0.44,0,34,63,1.85,PLATINUM,52.93,0.132,0.08,0.297,0.0,1.51,79.92,62.64,17.28,0.8552,1,0
REQ-001728,5,SUBURB_NORTH,DOWNTOWN,XL,8.48,22.3,CLEAR,0.0,10.0,25.8,0.17,0,28,11,0.39,REGULAR,37.19,0.0,0.0,0.0,0.0,1.0,37.19,27.89,9.3,0.8966,1,0
REQ-001729,13,TECH_CORRIDOR,DOWNTOWN,STANDARD,20.28,54.6,CLEAR,0.0,10.0,17.2,0.39,0,40,72,1.8,REGULAR,47.46,0.0,0.053,0.28,0.0,1.33,63.12,48.91,14.21,0.7971,1,0
REQ-001730,9,AIRPORT,SUBURB_NORTH,XL,19.13,35.8,CLEAR,0.0,10.0,11.7,0.62,1,53,17,0.32,GOLD,67.65,0.0,0.492,0.0,0.2,1.69,114.33,90.42,23.91,0.7279,1,0
REQ-001731,7,AIRPORT,SUBURB_NORTH,COMFORT,18.17,40.5,DRIZZLE,0.0,10.0,15.8,0.54,0,45,33,0.73,GOLD,52.71,0.1,0.283,0.0,0.2,1.58,83.28,65.52,17.76,0.777,1,0
REQ-001732,16,FINANCIAL_DISTRICT,TECH_CORRIDOR,COMFORT,10.69,22.2,CLEAR,0.0,10.0,11.0,0.24,0,51,36,0.71,REGULAR,32.13,0.0,0.003,0.0,0.0,1.0,32.13,24.1,8.03,0.8966,0,0
REQ-001733,15,SUBURB_NORTH,AIRPORT,STANDARD,23.97,48.3,THUNDERSTORM,20.9,1.9,15.1,0.23,1,22,54,2.45,REGULAR,49.86,1.095,0.122,0.508,0.0,2.72,135.62,110.29,25.33,0.1226,0,0
REQ-001734,3,SUBURB_NORTH,DOWNTOWN,COMFORT,8.46,16.8,RAIN,8.8,4.4,30.6,0.39,1,45,44,0.98,REGULAR,26.02,0.349,0.173,0.0,0.15,1.67,43.45,34.33,9.12,0.6346,0,0
REQ-001735,21,AIRPORT,FINANCIAL_DISTRICT,COMFORT,25.28,74.4,CLEAR,0.0,10.0,14.2,0.08,0,31,21,0.68,REGULAR,79.69,0.0,0.0,0.0,0.0,1.0,79.69,59.77,19.92,0.8966,1,0
REQ-001736,23,DOWNTOWN,TECH_CORRIDOR,STANDARD,17.25,51.4,BLIZZARD,33.8,0.6,-11.7,0.29,0,12,70,5.83,REGULAR,42.55,1.2,0.014,1.2,0.15,3.5,148.92,122.33,26.59,0.021,0,1
REQ-001737,12,AIRPORT,SUBURB_NORTH,PREMIUM,26.68,81.4,CLEAR,0.0,10.0,11.2,0.3,1,25,62,2.48,REGULAR,151.89,0.069,0.137,0.518,0.0,1.72,261.25,206.87,54.38,0.6064,0,0
REQ-001738,21,SUBURB_NORTH,DOWNTOWN,PREMIUM,5.49,16.4,DRIZZLE,0.0,10.0,19.5,0.43,0,8,10,1.25,REGULAR,37.31,0.1,0.074,0.087,0.0,1.26,47.01,36.23,10.78,0.8229,0,0
REQ-001739,17,AIRPORT,DOWNTOWN,XL,6.0,13.4,DRIZZLE,0.0,10.0,18.5,0.69,0,12,49,4.08,REGULAR,26.64,0.1,0.46,1.078,0.25,2.89,76.99,62.78,14.21,0.085,0,0
REQ-001740,3,SUBURB_NORTH,DOWNTOWN,STANDARD,21.37,56.2,CLEAR,0.0,10.0,29.7,0.22,1,11,37,3.36,REGULAR,49.38,0.011,0.121,0.826,0.15,2.11,104.19,83.62,20.57,0.3766,0,0
REQ-001741,12,TECH_CORRIDOR,DOWNTOWN,COMFORT,2.99,8.7,DRIZZLE,0.0,10.0,15.4,0.26,0,53,78,1.47,GOLD,13.34,0.1,0.007,0.164,0.0,1.27,16.94,13.06,3.88,0.88,1,0
REQ-001742,21,AIRPORT,TECH_CORRIDOR,STANDARD,27.82,74.5,DRIZZLE,0.0,10.0,14.0,0.27,0,19,77,4.05,REGULAR,63.84,0.1,0.009,1.067,0.0,2.18,139.17,111.91,27.26,0.338,0,0
REQ-001743,17,FINANCIAL_DISTRICT,TECH_CORRIDOR,COMFORT,23.43,65.9,CLEAR,0.0,10.0,23.1,0.6,0,30,63,2.1,REGULAR,72.82,0.041,0.348,0.385,0.25,2.02,147.1,117.75,29.35,0.4285,0,0
REQ-001744,14,FINANCIAL_DISTRICT,DOWNTOWN,COMFORT,3.29,7.8,SNOW,9.2,6.4,-6.5,0.15,0,21,62,2.95,REGULAR,13.44,0.634,0.0,0.682,0.0,2.32,31.18,25.16,6.02,0.2674,1,0
REQ-001745,12,SUBURB_NORTH,TECH_CORRIDOR,XL,16.67,52.0,CLEAR,0.0,10.0,24.5,0.08,0,14,20,1.43,REGULAR,72.21,0.0,0.0,0.15,0.0,1.15,83.04,63.36,19.68,0.8581,1,0
REQ-001746,9,DOWNTOWN,SUBURB_NORTH,XL,23.35,48.8,CLEAR,0.0,10.0,25.3,0.81,0,17,12,0.71,GOLD,84.32,0.0,0.628,0.0,0.2,1.83,154.31,122.73,31.58,0.6566,1,0
REQ-001747,7,TECH_CORRIDOR,AIRPORT,PREMIUM,10.61,30.8,RAIN,11.4,5.9,11.5,0.44,0,14,30,2.14,GOLD,63.89,0.378,0.08,0.399,0.2,2.06,131.61,105.48,26.13,0.524,1,0
REQ-001748,8,AIRPORT,TECH_CORRIDOR,COMFORT,2.33,4.5,DRIZZLE,0.0,10.0,8.7,0.77,2,11,53,4.82,REGULAR,10.36,0.1,0.809,1.2,0.2,3.31,34.29,28.11,6.18,0.0328,0,0
REQ-001749,20,TECH_CORRIDOR,DOWNTOWN,COMFORT,16.77,41.8,CLEAR,0.0,10.0,19.1,0.17,1,21,11,0.52,REGULAR,50.98,0.0,0.12,0.0,0.0,1.12,57.1,43.44,13.66,0.8667,1,0
REQ-001750,0,AIRPORT,FINANCIAL_DISTRICT,COMFORT,22.08,41.6,DRIZZLE,0.0,10.0,12.9,0.3,0,9,72,8.0,REGULAR,59.65,0.1,0.017,1.2,0.15,2.47,147.34,119.27,28.07,0.2029,0,0
REQ-001751,12,DOWNTOWN,TECH_CORRIDOR,PREMIUM,10.17,22.2,CLEAR,0.0,10.0,21.7,0.19,0,18,28,1.56,REGULAR,55.35,0.0,0.0,0.196,0.0,1.2,66.42,50.92,15.5,0.8429,1,0
REQ-001752,1,AIRPORT,TECH_CORRIDOR,STANDARD,2.11,4.2,CLEAR,0.0,10.0,29.2,0.2,0,14,33,2.36,REGULAR,7.11,0.0,0.0,0.476,0.15,1.63,11.59,9.14,2.45,0.6566,0,0
REQ-001753,20,TECH_CORRIDOR,DOWNTOWN,XL,4.66,11.8,CLEAR,0.0,10.0,28.3,0.05,1,33,65,1.97,REGULAR,22.87,0.046,0.12,0.339,0.0,1.5,34.3,26.87,7.43,0.7231,1,0
REQ-001754,17,DOWNTOWN,AIRPORT,COMFORT,17.06,42.4,CLEAR,0.0,10.0,12.4,0.42,0,34,20,0.59,REGULAR,51.73,0.0,0.069,0.0,0.25,1.32,68.28,52.87,15.41,0.8009,1,0
REQ-001755,4,TECH_CORRIDOR,AIRPORT,XL,9.87,19.9,CLEAR,0.0,10.0,31.4,0.11,0,20,19,0.95,REGULAR,38.67,0.0,0.0,0.0,0.0,1.0,38.67,29.0,9.67,0.8966,1,0
REQ-001756,2,SUBURB_NORTH,DOWNTOWN,XL,11.54,24.4,HEAVY_RAIN,54.9,2.8,5.9,0.32,0,24,25,1.04,REGULAR,44.87,1.12,0.023,0.0,0.15,2.29,102.75,82.85,19.9,0.2817,1,0
REQ-001757,14,TECH_CORRIDOR,SUBURB_NORTH,STANDARD,11.96,21.9,THUNDERSTORM,51.5,2.7,20.3,0.38,0,47,26,0.55,GOLD,25.61,1.2,0.048,0.0,0.0,2.25,57.62,46.42,11.2,0.411,0,0
REQ-001758,17,SUBURB_NORTH,FINANCIAL_DISTRICT,XL,20.88,49.5,DRIZZLE,0.0,10.0,10.7,0.42,0,20,18,0.9,REGULAR,79.55,0.1,0.069,0.0,0.25,1.42,112.96,88.06,24.9,0.7599,1,0
REQ-001759,2,TECH_CORRIDOR,DOWNTOWN,XL,2.25,7.1,DRIZZLE,0.0,10.0,11.2,0.1,0,27,49,1.81,REGULAR,14.99,0.1,0.0,0.283,0.15,1.53,22.93,17.99,4.94,0.7085,1,0
REQ-001760,12,SUBURB_NORTH,DOWNTOWN,XL,22.6,66.2,CLEAR,0.0,10.0,13.0,0.23,2,14,43,3.07,GOLD,93.18,0.027,0.242,0.724,0.0,1.99,185.43,148.3,37.13,0.5656,1,0
REQ-001761,4,SUBURB_NORTH,AIRPORT,XL,14.32,44.7,CLEAR,0.0,10.0,22.9,0.16,1,54,44,0.81,REGULAR,62.89,0.0,0.12,0.0,0.0,1.12,70.44,53.59,16.85,0.8667,1,0
REQ-001762,16,SUBURB_NORTH,AIRPORT,XL,18.07,47.2,CLEAR,0.0,10.0,21.3,0.29,0,47,46,0.98,REGULAR,72.27,0.0,0.014,0.0,0.0,1.01,72.99,54.81,18.18,0.8944,1,0
REQ-001763,7,SUBURB_NORTH,AIRPORT,STANDARD,2.11,4.9,CLEAR,0.0,10.0,25.5,0.51,1,49,15,0.31,REGULAR,7.36,0.0,0.371,0.0,0.2,1.57,11.56,9.09,2.47,0.6883,0,0
REQ-001764,0,SUBURB_NORTH,FINANCIAL_DISTRICT,STANDARD,19.82,36.7,FOG,0.0,10.0,21.3,0.17,0,22,60,2.73,REGULAR,40.62,0.2,0.0,0.605,0.15,1.95,79.21,63.27,15.94,0.47,0,0
REQ-001765,12,DOWNTOWN,FINANCIAL_DISTRICT,XL,13.46,42.1,CLEAR,0.0,10.0,13.1,0.36,0,45,44,0.98,REGULAR,59.53,0.0,0.039,0.0,0.0,1.04,61.91,46.67,15.24,0.8874,1,0
REQ-001766,1,SUBURB_NORTH,DOWNTOWN,COMFORT,12.54,24.4,THUNDERSTORM,38.2,1.7,25.3,0.43,0,38,50,1.32,REGULAR,36.17,1.2,0.074,0.112,0.15,2.54,91.87,74.47,17.4,0.1771,0,0
REQ-001767,2,FINANCIAL_DISTRICT,AIRPORT,STANDARD,13.55,26.3,CLEAR,0.0,10.0,20.5,0.38,0,9,31,3.44,PLATINUM,29.15,0.009,0.048,0.854,0.15,2.06,60.05,48.13,11.92,0.6121,1,0
REQ-001768,14,AIRPORT,DOWNTOWN,XL,10.69,28.1,CLEAR,0.0,10.0,11.3,0.26,0,52,53,1.02,REGULAR,45.31,0.0,0.007,0.0,0.0,1.01,45.76,34.36,11.4,0.8944,1,0
REQ-001769,6,TECH_CORRIDOR,DOWNTOWN,PREMIUM,22.18,40.7,RAIN,7.3,7.6,28.7,0.17,0,19,59,3.11,REGULAR,104.69,0.341,0.0,0.738,0.0,2.08,217.76,174.63,43.13,0.3936,0,0
REQ-001770,20,FINANCIAL_DISTRICT,TECH_CORRIDOR,STANDARD,26.89,71.5,HEAVY_RAIN,29.4,3.0,10.8,0.17,0,25,74,2.96,REGULAR,61.63,0.831,0.0,0.686,0.0,2.52,155.31,125.85,29.46,0.1842,0,0
REQ-001771,7,FINANCIAL_DISTRICT,SUBURB_NORTH,PREMIUM,24.3,76.7,HEAVY_RAIN,26.1,1.7,26.9,0.7,0,23,45,1.96,REGULAR,141.24,0.924,0.472,0.336,0.2,2.93,413.83,337.63,76.2,0.0778,0,0
REQ-001772,11,SUBURB_NORTH,TECH_CORRIDOR,PREMIUM,26.37,63.4,CLEAR,0.0,10.0,22.3,0.14,0,15,25,1.67,REGULAR,135.73,0.0,0.0,0.234,0.0,1.23,166.95,128.33,38.62,0.8331,1,0
REQ-001773,12,SUBURB_NORTH,FINANCIAL_DISTRICT,XL,21.5,50.5,CLEAR,0.0,10.0,21.0,0.23,1,26,51,1.96,REGULAR,81.45,0.0,0.122,0.336,0.0,1.46,118.92,92.94,25.98,0.7419,1,0
REQ-001774,3,FINANCIAL_DISTRICT,AIRPORT,XL,19.2,47.3,RAIN,14.8,5.6,25.2,0.19,1,49,17,0.35,REGULAR,74.7,0.488,0.12,0.0,0.15,1.76,131.47,104.28,27.19,0.5832,0,0
REQ-001775,3,FINANCIAL_DISTRICT,TECH_CORRIDOR,STANDARD,2.18,6.0,DRIZZLE,0.0,10.0,25.2,0.18,1,12,68,5.67,REGULAR,7.83,0.1,0.12,1.2,0.15,2.57,20.12,16.32,3.8,0.1669,0,0
REQ-001776,0,AIRPORT,DOWNTOWN,COMFORT,26.64,79.9,CLEAR,0.0,10.0,25.0,0.31,0,50,58,1.16,GOLD,84.42,0.0,0.02,0.0,0.15,1.17,98.77,75.51,23.26,0.9031,1,0
REQ-001777,6,TECH_CORRIDOR,SUBURB_NORTH,PREMIUM,5.32,14.6,CLEAR,0.0,10.0,12.1,0.1,0,37,41,1.11,REGULAR,35.31,0.0,0.0,0.0,0.0,1.0,35.31,26.48,8.83,0.8966,1,0
REQ-001778,2,AIRPORT,SUBURB_NORTH,PREMIUM,3.83,7.6,RAIN,9.4,4.5,8.8,0.35,0,60,46,0.77,REGULAR,25.18,0.356,0.034,0.0,0.15,1.54,38.78,30.45,8.33,0.7035,1,0
REQ-001779,3,FINANCIAL_DISTRICT,DOWNTOWN,COMFORT,6.93,15.0,DRIZZLE,0.0,10.0,16.8,0.25,0,45,18,0.4,REGULAR,22.68,0.1,0.005,0.0,0.15,1.25,28.35,21.83,6.52,0.8264,1,0
REQ-001780,21,AIRPORT,DOWNTOWN,COMFORT,5.83,16.9,CLEAR,0.0,10.0,20.4,0.12,0,42,29,0.69,GOLD,21.72,0.0,0.0,0.0,0.0,1.0,21.72,16.29,5.43,0.9334,1,0
REQ-001781,7,SUBURB_NORTH,TECH_CORRIDOR,STANDARD,6.54,19.9,CLEAR,0.0,10.0,12.0,0.66,0,19,50,2.63,REGULAR,18.14,0.035,0.419,0.57,0.2,2.22,40.27,32.42,7.85,0.3169,0,0
REQ-001782,7,AIRPORT,SUBURB_NORTH,XL,19.78,43.3,RAIN,12.0,5.7,24.0,0.63,0,12,49,4.08,GOLD,73.52,0.385,0.383,1.078,0.2,3.05,224.24,183.25,40.99,0.0928,0,0
REQ-001783,0,DOWNTOWN,TECH_CORRIDOR,XL,2.63,7.3,CLEAR,0.0,10.0,18.5,0.18,0,50,17,0.34,GOLD,15.9,0.0,0.0,0.0,0.15,1.15,18.29,13.96,4.33,0.9072,0,0
REQ-001784,11,FINANCIAL_DISTRICT,TECH_CORRIDOR,PREMIUM,26.16,49.0,DRIZZLE,0.0,10.0,23.6,0.34,0,37,31,0.84,REGULAR,122.9,0.1,0.03,0.0,0.0,1.13,138.88,105.76,33.12,0.8639,1,0
REQ-001785,16,SUBURB_NORTH,TECH_CORRIDOR,STANDARD,7.63,15.8,CLEAR,0.0,10.0,19.5,0.3,0,44,72,1.64,REGULAR,18.07,0.0,0.017,0.224,0.0,1.24,22.41,17.24,5.17,0.8298,1,0
REQ-001786,10,SUBURB_NORTH,FINANCIAL_DISTRICT,XL,27.4,82.0,RAIN,3.8,7.8,27.0,0.23,0,38,37,0.97,PLATINUM,112.74,0.293,0.002,0.0,0.0,1.29,145.43,112.34,33.09,0.9092,0,0
REQ-001787,11,SUBURB_NORTH,DOWNTOWN,COMFORT,20.47,49.0,CLEAR,0.0,10.0,22.6,0.09,0,26,30,1.15,REGULAR,60.33,0.041,0.0,0.0,0.0,1.04,62.74,47.3,15.44,0.8874,1,0
REQ-001788,23,DOWNTOWN,FINANCIAL_DISTRICT,XL,12.35,26.5,SNOW,11.4,6.3,-11.2,0.11,0,18,24,1.33,REGULAR,47.83,0.752,0.0,0.116,0.15,2.02,96.62,77.34,19.28,0.4285,0,0
REQ-001789,22,TECH_CORRIDOR,FINANCIAL_DISTRICT,STANDARD,6.47,15.6,CLEAR,0.0,10.0,14.5,0.27,1,8,70,8.75,REGULAR,16.55,0.058,0.129,1.2,0.0,2.39,39.55,31.96,7.59,0.2358,1,0
REQ-001790,21,SUBURB_NORTH,DOWNTOWN,XL,5.58,13.7,CLEAR,0.0,10.0,23.4,0.3,0,48,60,1.25,REGULAR,25.94,0.0,0.017,0.087,0.0,1.1,28.53,21.66,6.87,0.8721,1,0
REQ-001791,0,AIRPORT,SUBURB_NORTH,XL,4.38,12.2,SNOW,13.6,4.1,-10.4,0.15,1,35,32,0.91,REGULAR,22.52,0.761,0.12,0.0,0.15,2.03,45.72,36.61,9.11,0.4226,1,0
REQ-001792,7,FINANCIAL_DISTRICT,TECH_CORRIDOR,STANDARD,27.9,55.5,CLEAR,0.0,10.0,9.1,0.5,0,25,28,1.12,GOLD,57.3,0.0,0.243,0.0,0.2,1.44,82.51,64.4,18.11,0.8298,1,0
REQ-001793,13,FINANCIAL_DISTRICT,TECH_CORRIDOR,XL,22.98,59.8,RAIN,4.7,7.8,5.8,0.4,0,35,64,1.83,REGULAR,90.14,0.303,0.058,0.29,0.0,1.65,148.73,117.41,31.32,0.6457,0,0
REQ-001794,8,SUBURB_NORTH,AIRPORT,STANDARD,8.47,25.4,CLEAR,0.0,10.0,29.6,0.41,1,33,43,1.3,REGULAR,22.48,0.0,0.183,0.105,0.2,1.49,33.5,26.23,7.27,0.7279,1,0
REQ-001795,0,TECH_CORRIDOR,AIRPORT,XL,22.51,51.0,CLEAR,0.0,10.0,24.7,0.21,1,34,31,0.91,REGULAR,83.87,0.0,0.12,0.0,0.15,1.27,106.51,82.15,24.36,0.8194,1,0
REQ-001796,0,AIRPORT,DOWNTOWN,STANDARD,11.33,25.4,DRIZZLE,0.0,10.0,31.0,0.28,0,54,34,0.63,REGULAR,26.05,0.1,0.011,0.0,0.15,1.26,32.82,25.29,7.53,0.8229,0,0
REQ-001797,4,AIRPORT,SUBURB_NORTH,COMFORT,20.15,55.9,DRIZZLE,0.0,10.0,31.4,0.18,0,37,66,1.78,REGULAR,62.91,0.162,0.0,0.273,0.0,1.44,90.59,70.71,19.88,0.751,1,0
REQ-001798,10,AIRPORT,DOWNTOWN,XL,14.92,35.3,RAIN,11.1,6.4,6.3,0.1,0,28,50,1.79,REGULAR,58.51,0.375,0.0,0.276,0.0,1.65,96.54,76.21,20.33,0.6457,1,0
REQ-001799,5,FINANCIAL_DISTRICT,TECH_CORRIDOR,PREMIUM,20.31,52.3,CLEAR,0.0,10.0,11.0,0.16,0,9,42,4.67,PLATINUM,109.32,0.077,0.0,1.2,0.0,2.28,249.25,200.93,48.32,0.482,1,0
REQ-001800,2,TECH_CORRIDOR,DOWNTOWN,PREMIUM,5.06,13.0,RAIN,13.2,5.2,29.3,0.45,0,29,47,1.62,REGULAR,33.22,0.398,0.086,0.217,0.15,1.85,61.46,48.92,12.54,0.53,1,0
REQ-001801,13,FINANCIAL_DISTRICT,DOWNTOWN,XL,21.15,48.5,CLEAR,0.0,10.0,17.0,0.44,1,51,34,0.67,GOLD,79.51,0.0,0.2,0.0,0.0,1.2,95.41,73.15,22.26,0.8966,0,0
REQ-001802,14,TECH_CORRIDOR,FINANCIAL_DISTRICT,STANDARD,20.42,58.4,CLEAR,0.0,10.0,8.9,0.18,0,32,10,0.31,REGULAR,48.97,0.044,0.0,0.0,0.0,1.04,50.93,38.39,12.54,0.8874,0,0
REQ-001803,11,AIRPORT,TECH_CORRIDOR,STANDARD,22.75,44.4,DRIZZLE,0.0,10.0,31.0,0.36,0,46,58,1.26,REGULAR,46.98,0.1,0.039,0.091,0.0,1.23,57.79,44.42,13.37,0.8331,0,0
REQ-001804,4,FINANCIAL_DISTRICT,SUBURB_NORTH,PREMIUM,13.25,37.7,DRIZZLE,0.0,10.0,22.2,0.28,2,39,45,1.15,REGULAR,77.15,0.148,0.251,0.0,0.0,1.4,108.01,84.09,23.92,0.7685,1,0
REQ-001805,19,DOWNTOWN,AIRPORT,PREMIUM,17.01,51.1,CLEAR,0.0,10.0,7.8,0.55,0,58,38,0.66,REGULAR,99.07,0.053,0.292,0.0,0.25,1.59,157.52,123.99,33.53,0.6779,1,0
REQ-001806,17,TECH_CORRIDOR,AIRPORT,COMFORT,15.35,43.4,HEAVY_RAIN,40.5,1.8,7.8,0.52,0,33,41,1.24,REGULAR,49.36,1.089,0.261,0.084,0.25,2.68,132.28,107.5,24.78,0.1333,0,0
REQ-001807,9,TECH_CORRIDOR,DOWNTOWN,STANDARD,14.23,35.5,DRIZZLE,0.0,10.0,31.5,0.82,0,25,50,2.0,REGULAR,33.21,0.137,0.644,0.35,0.2,2.33,77.38,62.45,14.93,0.2627,0,0
REQ-001808,14,AIRPORT,SUBURB_NORTH,XL,4.87,15.3,CLEAR,0.0,10.0,29.5,0.22,0,29,46,1.59,REGULAR,25.41,0.0,0.001,0.207,0.0,1.21,30.75,23.6,7.15,0.8397,1,0
REQ-001809,23,SUBURB_NORTH,AIRPORT,STANDARD,19.92,36.7,CLEAR,0.0,10.0,14.2,0.26,0,48,16,0.33,REGULAR,40.75,0.0,0.007,0.0,0.15,1.16,47.27,36.1,11.17,0.8552,1,0
REQ-001810,16,TECH_CORRIDOR,SUBURB_NORTH,XL,15.16,34.0,RAIN,14.1,6.0,16.2,0.27,0,60,37,0.62,PLATINUM,58.24,0.486,0.009,0.0,0.0,1.49,86.78,67.94,18.84,0.861,1,0
REQ-001811,3,SUBURB_NORTH,FINANCIAL_DISTRICT,STANDARD,27.9,75.7,RAIN,13.1,5.9,15.5,0.32,0,9,10,1.11,REGULAR,64.38,0.443,0.023,0.0,0.15,1.62,104.3,82.22,22.08,0.662,1,0
REQ-001812,16,SUBURB_NORTH,FINANCIAL_DISTRICT,COMFORT,6.96,19.5,CLEAR,0.0,10.0,5.4,0.21,0,43,52,1.21,REGULAR,24.76,0.053,0.0,0.073,0.0,1.13,27.98,21.31,6.67,0.8639,1,0
REQ-001813,21,FINANCIAL_DISTRICT,AIRPORT,STANDARD,21.89,68.9,RAIN,6.8,4.6,11.4,0.33,0,36,29,0.81,REGULAR,54.48,0.327,0.027,0.0,0.0,1.35,73.55,57.07,16.48,0.7892,1,0
REQ-001814,2,FINANCIAL_DISTRICT,AIRPORT,COMFORT,8.39,20.8,CLEAR,0.0,10.0,26.4,0.06,0,31,54,1.74,REGULAR,27.7,0.0,0.0,0.259,0.15,1.41,39.06,30.43,8.63,0.7642,0,0
REQ-001815,8,DOWNTOWN,AIRPORT,STANDARD,3.06,6.0,CLEAR,0.0,10.0,16.3,0.82,0,59,70,1.19,GOLD,8.93,0.0,0.644,0.0,0.2,1.84,16.43,13.07,3.36,0.6511,1,0
REQ-001816,20,FINANCIAL_DISTRICT,DOWNTOWN,COMFORT,26.11,68.8,CLEAR,0.0,10.0,23.3,0.06,2,55,61,1.11,REGULAR,78.54,0.009,0.24,0.0,0.0,1.25,98.18,75.6,22.58,0.8264,1,0
REQ-001817,13,FINANCIAL_DISTRICT,AIRPORT,STANDARD,11.48,25.4,DRIZZLE,0.0,10.0,14.5,0.42,0,29,52,1.79,REGULAR,26.24,0.1,0.069,0.276,0.0,1.45,38.05,29.72,8.33,0.7465,0,0
REQ-001818,17,FINANCIAL_DISTRICT,SUBURB_NORTH,PREMIUM,2.17,5.4,DRIZZLE,0.0,10.0,23.1,0.5,0,20,17,0.85,REGULAR,18.67,0.159,0.12,0.0,0.25,1.53,28.57,22.42,6.15,0.7085,0,0
REQ-001819,12,DOWNTOWN,FINANCIAL_DISTRICT,COMFORT,20.05,59.2,DRIZZLE,0.0,10.0,24.5,0.38,0,44,12,0.27,REGULAR,64.22,0.177,0.048,0.0,0.0,1.23,78.99,60.72,18.27,0.8331,1,0
REQ-001820,0,FINANCIAL_DISTRICT,DOWNTOWN,PREMIUM,11.74,26.7,CLEAR,0.0,10.0,17.4,0.22,0,54,18,0.33,PLATINUM,63.57,0.0,0.001,0.0,0.15,1.15,73.11,55.79,17.32,0.9334,1,0
REQ-001821,8,FINANCIAL_DISTRICT,DOWNTOWN,STANDARD,7.39,22.1,CLEAR,0.0,10.0,5.9,0.61,0,19,19,1.0,REGULAR,19.98,0.0,0.361,0.0,0.2,1.56,31.17,24.5,6.67,0.6934,1,0
REQ-001822,12,FINANCIAL_DISTRICT,AIRPORT,STANDARD,21.26,43.0,RAIN,10.3,4.4,28.0,0.24,0,10,17,1.7,GOLD,44.63,0.366,0.003,0.245,0.0,1.61,71.85,56.61,15.24,0.7642,1,0
REQ-001823,14,FINANCIAL_DISTRICT,AIRPORT,PREMIUM,13.56,29.7,RAIN,6.8,6.5,13.8,0.26,0,43,28,0.65,REGULAR,71.21,0.329,0.007,0.0,0.0,1.34,95.42,73.99,21.43,0.7931,1,0
REQ-001824,18,FINANCIAL_DISTRICT,DOWNTOWN,STANDARD,27.5,55.9,DRIZZLE,0.0,10.0,29.3,0.72,0,16,44,2.75,REGULAR,56.94,0.1,0.498,0.612,0.25,2.46,140.07,113.37,26.7,0.2069,1,0
REQ-001825,8,TECH_CORRIDOR,SUBURB_NORTH,STANDARD,18.82,57.2,CLEAR,0.0,10.0,23.8,0.77,0,21,67,3.19,REGULAR,46.54,0.0,0.569,0.766,0.2,2.54,118.21,95.82,22.39,0.1771,0,0
REQ-001826,22,SUBURB_NORTH,TECH_CORRIDOR,XL,2.37,4.3,DRIZZLE,0.0,10.0,12.4,0.24,0,35,21,0.6,REGULAR,13.56,0.1,0.003,0.0,0.0,1.1,14.92,11.33,3.59,0.8721,1,0
REQ-001827,16,TECH_CORRIDOR,SUBURB_NORTH,COMFORT,16.19,32.7,CLEAR,0.0,10.0,21.2,0.45,0,12,58,4.83,REGULAR,45.93,0.0,0.086,1.2,0.0,2.29,105.18,84.81,20.37,0.2817,0,0
REQ-001828,16,DOWNTOWN,SUBURB_NORTH,COMFORT,24.51,46.7,SNOW,3.4,5.5,-6.9,0.13,0,33,58,1.76,REGULAR,65.96,0.576,0.0,0.266,0.0,1.84,121.37,96.57,24.8,0.5359,1,0
REQ-001829,6,TECH_CORRIDOR,AIRPORT,STANDARD,5.75,15.0,HEAVY_RAIN,55.2,2.4,31.9,0.32,0,51,44,0.86,REGULAR,15.44,1.16,0.023,0.0,0.0,2.18,33.66,27.07,6.59,0.338,0,0
REQ-001830,8,DOWNTOWN,FINANCIAL_DISTRICT,STANDARD,27.4,70.7,DRIZZLE,0.0,10.0,19.1,0.72,0,57,61,1.07,REGULAR,62.0,0.1,0.498,0.0,0.2,1.8,111.6,88.66,22.94,0.5597,0,0
REQ-001831,23,AIRPORT,FINANCIAL_DISTRICT,STANDARD,14.47,39.2,SNOW,8.7,5.1,-11.6,0.28,0,36,29,0.81,REGULAR,34.81,0.804,0.011,0.0,0.15,1.96,68.23,54.51,13.72,0.4641,1,0
REQ-001832,18,DOWNTOWN,FINANCIAL_DISTRICT,XL,27.34,52.7,THUNDERSTORM,22.0,1.7,27.0,0.73,1,19,11,0.58,REGULAR,95.03,1.127,0.633,0.0,0.25,3.01,286.04,233.63,52.41,0.0651,0,0
REQ-001833,7,AIRPORT,TECH_CORRIDOR,COMFORT,19.84,61.6,RAIN,10.4,4.1,5.3,0.68,0,47,70,1.49,REGULAR,64.96,0.367,0.446,0.171,0.2,2.18,141.61,113.87,27.74,0.338,0,0
REQ-001834,14,AIRPORT,FINANCIAL_DISTRICT,PREMIUM,10.35,31.2,RAIN,6.1,7.0,14.4,0.32,0,50,31,0.62,REGULAR,63.5,0.319,0.023,0.0,0.0,1.34,85.09,65.98,19.11,0.7931,1,0
REQ-001835,9,AIRPORT,DOWNTOWN,XL,22.24,46.6,CLEAR,0.0,10.0,26.4,0.56,0,23,68,2.96,PLATINUM,80.66,0.0,0.305,0.686,0.2,2.19,176.65,142.09,34.56,0.5359,0,0
REQ-001836,18,FINANCIAL_DISTRICT,TECH_CORRIDOR,PREMIUM,22.7,53.4,RAIN,11.2,5.8,19.4,0.81,2,41,50,1.22,REGULAR,116.95,0.381,0.867,0.077,0.25,2.58,301.73,244.78,56.95,0.1636,0,0
REQ-001837,19,SUBURB_NORTH,AIRPORT,STANDARD,22.8,57.7,RAIN,9.2,4.3,12.4,0.63,0,29,74,2.55,REGULAR,51.7,0.353,0.384,0.542,0.25,2.53,130.8,106.01,24.79,0.1806,0,0
REQ-001838,18,DOWNTOWN,SUBURB_NORTH,PREMIUM,8.64,19.6,DRIZZLE,0.0,10.0,20.1,0.52,0,36,23,0.64,REGULAR,48.85,0.1,0.261,0.0,0.25,1.61,78.65,61.97,16.68,0.6673,1,0
REQ-001839,21,DOWNTOWN,SUBURB_NORTH,STANDARD,27.02,58.1,CLEAR,0.0,10.0,18.8,0.45,0,18,19,1.06,REGULAR,57.11,0.0,0.086,0.0,0.0,1.09,62.25,47.2,15.05,0.8748,1,0
REQ-001840,23,SUBURB_NORTH,DOWNTOWN,COMFORT,3.36,9.1,DRIZZLE,0.0,10.0,22.6,0.39,1,56,15,0.27,GOLD,14.13,0.1,0.173,0.0,0.15,1.42,20.06,15.64,4.42,0.8364,1,0
REQ-001841,15,SUBURB_NORTH,AIRPORT,COMFORT,11.0,34.7,DRIZZLE,0.0,10.0,8.6,0.18,0,44,76,1.73,GOLD,38.27,0.1,0.0,0.256,0.0,1.36,52.05,40.42,11.63,0.8552,0,0
REQ-001842,9,TECH_CORRIDOR,DOWNTOWN,COMFORT,27.18,81.4,CLEAR,0.0,10.0,23.4,0.64,0,26,32,1.23,REGULAR,85.98,0.0,0.396,0.08,0.2,1.68,144.45,114.18,30.27,0.629,0,0
REQ-001843,5,DOWNTOWN,TECH_CORRIDOR,XL,19.74,62.8,CLEAR,0.0,10.0,16.6,0.25,0,30,28,0.93,REGULAR,85.13,0.0,0.005,0.0,0.0,1.0,85.13,63.85,21.28,0.8966,0,0
REQ-001844,20,SUBURB_NORTH,TECH_CORRIDOR,PREMIUM,18.11,45.4,DRIZZLE,0.0,10.0,20.9,0.23,0,29,75,2.59,REGULAR,97.3,0.1,0.002,0.556,0.0,1.66,161.52,127.56,33.96,0.6401,1,0
REQ-001845,19,AIRPORT,DOWNTOWN,COMFORT,9.22,18.1,THUNDERSTORM,25.4,2.8,31.8,0.59,2,29,65,2.24,REGULAR,27.86,1.133,0.576,0.434,0.25,3.39,94.45,77.5,16.95,0.0272,0,0
REQ-001846,19,DOWNTOWN,AIRPORT,XL,11.8,25.4,CLEAR,0.0,10.0,9.1,0.84,0,46,41,0.89,REGULAR,46.02,0.0,0.674,0.0,0.25,1.92,88.36,70.5,17.86,0.488,0,0
REQ-001847,11,AIRPORT,TECH_CORRIDOR,STANDARD,25.95,49.2,CLEAR,0.0,10.0,26.7,0.1,0,11,69,6.27,REGULAR,52.66,0.0,0.0,1.2,0.0,2.2,115.85,93.21,22.64,0.3274,0,0
REQ-001848,3,TECH_CORRIDOR,AIRPORT,STANDARD,24.53,77.4,CLEAR,0.0,10.0,8.5,0.3,0,21,66,3.14,PLATINUM,60.75,0.0,0.017,0.749,0.15,1.92,116.64,93.07,23.57,0.6883,1,0
REQ-001849,9,SUBURB_NORTH,DOWNTOWN,PREMIUM,18.53,37.6,CLEAR,0.0,10.0,28.6,0.79,0,48,19,0.4,REGULAR,91.84,0.0,0.598,0.0,0.2,1.8,165.31,131.33,33.98,0.5597,0,0
REQ-001850,12,SUBURB_NORTH,FINANCIAL_DISTRICT,PREMIUM,16.03,46.8,CLEAR,0.0,10.0,13.6,0.19,0,33,58,1.76,REGULAR,92.66,0.046,0.0,0.266,0.0,1.31,121.38,93.91,27.47,0.8047,1,0
REQ-001851,21,AIRPORT,DOWNTOWN,STANDARD,6.3,18.9,CLEAR,0.0,10.0,14.1,0.12,0,32,65,2.03,REGULAR,17.49,0.0,0.0,0.36,0.0,1.36,23.79,18.47,5.32,0.7852,0,0
REQ-001852,16,AIRPORT,SUBURB_NORTH,PREMIUM,17.32,48.5,RAIN,5.1,6.0,9.2,0.26,0,29,29,1.0,REGULAR,97.73,0.307,0.007,0.0,0.0,1.31,128.03,99.05,28.98,0.8047,1,0
REQ-001853,5,FINANCIAL_DISTRICT,AIRPORT,PREMIUM,4.37,12.4,CLEAR,0.0,10.0,9.3,0.4,0,26,26,1.0,GOLD,30.78,0.0,0.058,0.0,0.0,1.06,32.63,24.66,7.97,0.9239,0,0
REQ-001854,21,SUBURB_NORTH,TECH_CORRIDOR,COMFORT,13.11,33.5,RAIN,5.2,4.6,17.5,0.06,2,38,67,1.76,REGULAR,41.21,0.308,0.24,0.266,0.0,1.81,74.59,59.28,15.31,0.5538,0,0
REQ-001855,7,SUBURB_NORTH,DOWNTOWN,STANDARD,12.57,34.3,HEAVY_RAIN,30.6,2.1,27.0,0.84,0,23,53,2.3,GOLD,30.71,0.942,0.674,0.455,0.2,3.27,100.42,82.29,18.13,0.0569,0,0
REQ-001856,1,FINANCIAL_DISTRICT,TECH_CORRIDOR,PREMIUM,18.75,53.9,CLEAR,0.0,10.0,10.8,0.33,0,16,69,4.31,REGULAR,106.31,0.0,0.027,1.158,0.15,2.33,247.7,199.91,47.79,0.2627,0,0
REQ-001857,0,FINANCIAL_DISTRICT,AIRPORT,XL,23.21,68.1,CLEAR,0.0,10.0,9.4,0.36,0,29,47,1.62,PLATINUM,95.6,0.0,0.039,0.217,0.15,1.41,134.8,105.02,29.78,0.8825,1,0
REQ-001858,3,FINANCIAL_DISTRICT,TECH_CORRIDOR,PREMIUM,18.88,41.7,CLEAR,0.0,10.0,31.2,0.43,0,48,46,0.96,REGULAR,96.31,0.0,0.074,0.0,0.15,1.22,117.5,90.24,27.26,0.8364,1,0
REQ-001859,8,FINANCIAL_DISTRICT,TECH_CORRIDOR,XL,11.88,21.6,CLEAR,0.0,10.0,30.0,0.7,0,19,32,1.68,REGULAR,43.91,0.0,0.473,0.238,0.2,1.91,83.87,66.9,16.97,0.494,1,0
REQ-001860,22,FINANCIAL_DISTRICT,SUBURB_NORTH,XL,11.16,27.4,CLEAR,0.0,10.0,5.3,0.41,0,28,45,1.61,PLATINUM,45.88,0.037,0.063,0.214,0.0,1.31,60.1,46.5,13.6,0.9052,1,0
REQ-001861,10,DOWNTOWN,TECH_CORRIDOR,PREMIUM,2.62,6.8,CLEAR,0.0,10.0,7.3,0.07,0,40,13,0.33,REGULAR,21.12,0.065,0.0,0.0,0.0,1.06,22.39,16.92,5.47,0.8825,1,0
REQ-001862,17,TECH_CORRIDOR,SUBURB_NORTH,STANDARD,24.55,57.1,CLEAR,0.0,10.0,14.6,0.42,0,12,14,1.17,REGULAR,53.67,0.0,0.069,0.0,0.25,1.32,70.84,54.85,15.99,0.8009,1,0
REQ-001863,6,DOWNTOWN,SUBURB_NORTH,COMFORT,7.37,16.2,CLEAR,0.0,10.0,17.4,0.31,0,37,19,0.51,PLATINUM,23.95,0.0,0.02,0.0,0.0,1.02,24.43,18.37,6.06,0.9504,1,0
REQ-001864,21,AIRPORT,TECH_CORRIDOR,XL,14.03,43.3,HEAVY_RAIN,34.1,1.7,20.3,0.2,0,28,40,1.43,REGULAR,61.44,1.014,0.0,0.15,0.0,2.16,132.71,106.66,26.05,0.3489,0,0
REQ-001865,9,TECH_CORRIDOR,DOWNTOWN,PREMIUM,4.98,12.5,HEAVY_RAIN,42.4,2.1,30.4,0.46,0,17,17,1.0,PLATINUM,32.56,1.067,0.093,0.0,0.2,2.36,76.84,62.06,14.78,0.4344,0,0
REQ-001866,2,TECH_CORRIDOR,FINANCIAL_DISTRICT,STANDARD,12.25,27.4,DRIZZLE,0.0,10.0,24.2,0.38,0,26,50,1.92,REGULAR,27.9,0.1,0.048,0.322,0.15,1.62,45.2,35.63,9.57,0.662,0,0
REQ-001867,8,DOWNTOWN,AIRPORT,PREMIUM,18.4,52.8,CLEAR,0.0,10.0,5.7,0.65,0,60,56,0.93,REGULAR,104.4,0.001,0.407,0.0,0.2,1.61,168.08,132.43,35.65,0.6673,1,0
REQ-001868,23,DOWNTOWN,AIRPORT,XL,24.83,54.6,RAIN,10.0,8.0,16.8,0.38,0,13,32,2.46,GOLD,90.9,0.362,0.048,0.511,0.15,2.07,188.16,150.85,37.31,0.518,1,0
REQ-001869,11,TECH_CORRIDOR,DOWNTOWN,XL,20.68,56.3,CLEAR,0.0,10.0,13.6,0.33,0,46,42,0.91,REGULAR,83.21,0.0,0.027,0.0,0.0,1.03,85.71,64.53,21.18,0.8897,1,0
REQ-001870,17,FINANCIAL_DISTRICT,AIRPORT,XL,9.86,17.9,THUNDERSTORM,23.5,2.9,8.1,0.73,0,59,74,1.25,GOLD,37.45,1.046,0.514,0.087,0.25,2.9,108.61,88.57,20.04,0.1279,0,0
REQ-001871,13,FINANCIAL_DISTRICT,AIRPORT,PREMIUM,19.99,61.0,CLEAR,0.0,10.0,7.4,0.17,1,57,24,0.42,REGULAR,115.82,0.0,0.12,0.0,0.0,1.12,129.72,98.68,31.04,0.8667,1,0
REQ-001872,1,TECH_CORRIDOR,DOWNTOWN,COMFORT,15.07,48.1,CLEAR,0.0,10.0,21.0,0.06,0,11,79,7.18,REGULAR,51.01,0.0,0.0,1.2,0.15,2.35,119.87,96.79,23.08,0.2535,0,0
REQ-001873,6,TECH_CORRIDOR,SUBURB_NORTH,PREMIUM,9.85,22.7,CLEAR,0.0,10.0,20.5,0.4,1,17,18,1.06,REGULAR,54.87,0.0,0.178,0.0,0.0,1.18,64.75,49.55,15.2,0.8492,1,0
REQ-001874,13,SUBURB_NORTH,FINANCIAL_DISTRICT,STANDARD,13.5,27.2,HEAVY_RAIN,45.0,1.7,31.8,0.33,0,38,20,0.53,REGULAR,29.4,1.2,0.027,0.0,0.0,2.23,65.56,52.79,12.77,0.3117,0,0
REQ-001875,15,TECH_CORRIDOR,DOWNTOWN,STANDARD,25.08,73.0,CLEAR,0.0,10.0,13.7,0.09,0,9,41,4.56,REGULAR,59.9,0.042,0.0,1.2,0.0,2.24,134.18,108.06,26.12,0.3066,0,0
REQ-001876,8,TECH_CORRIDOR,AIRPORT,PREMIUM,2.72,6.8,HEAVY_RAIN,39.0,1.5,6.6,0.6,0,53,68,1.28,REGULAR,21.4,1.089,0.349,0.098,0.2,2.74,58.64,47.7,10.94,0.1175,1,0
REQ-001877,21,SUBURB_NORTH,FINANCIAL_DISTRICT,STANDARD,12.25,36.4,CLEAR,0.0,10.0,22.3,0.09,0,57,17,0.3,REGULAR,31.05,0.0,0.0,0.0,0.0,1.0,31.05,23.29,7.76,0.8966,1,0
REQ-001878,12,SUBURB_NORTH,DOWNTOWN,COMFORT,21.75,56.6,HEAVY_RAIN,28.2,1.6,28.5,0.19,0,46,60,1.3,REGULAR,65.86,0.957,0.0,0.105,0.0,2.06,135.67,108.73,26.94,0.4052,0,0
REQ-001879,15,FINANCIAL_DISTRICT,AIRPORT,COMFORT,19.94,37.5,CLEAR,0.0,10.0,23.4,0.05,1,39,18,0.46,REGULAR,54.28,0.0,0.12,0.0,0.0,1.12,60.79,46.24,14.55,0.8667,1,0
REQ-001880,0,SUBURB_NORTH,FINANCIAL_DISTRICT,COMFORT,6.75,15.0,RAIN,7.9,7.6,26.0,0.4,0,20,31,1.55,REGULAR,22.39,0.339,0.058,0.193,0.15,1.74,38.96,30.88,8.08,0.5948,1,0
REQ-001881,10,DOWNTOWN,TECH_CORRIDOR,COMFORT,5.7,17.1,THUNDERSTORM,53.5,0.9,15.1,0.35,0,15,37,2.47,REGULAR,21.6,1.2,0.034,0.515,0.0,2.75,59.4,48.33,11.07,0.1151,1,0
REQ-001882,16,TECH_CORRIDOR,SUBURB_NORTH,STANDARD,27.06,83.5,HEAVY_RAIN,51.1,1.1,18.4,0.13,0,44,34,0.77,REGULAR,66.04,1.2,0.0,0.0,0.0,2.2,145.29,116.89,28.4,0.3274,1,0
REQ-001883,14,DOWNTOWN,FINANCIAL_DISTRICT,XL,20.07,47.7,CLEAR,0.0,10.0,13.4,0.37,0,53,44,0.83,REGULAR,76.77,0.0,0.043,0.0,0.0,1.04,79.84,60.19,19.65,0.8874,1,0
REQ-001884,10,DOWNTOWN,AIRPORT,STANDARD,12.41,24.2,CLEAR,0.0,10.0,9.6,0.21,1,30,75,2.5,REGULAR,26.98,0.0,0.12,0.525,0.0,1.65,44.52,35.14,9.38,0.6457,1,0
REQ-001885,5,DOWNTOWN,SUBURB_NORTH,XL,22.78,52.8,CLEAR,0.0,10.0,24.1,0.33,0,42,58,1.38,REGULAR,85.52,0.0,0.027,0.133,0.0,1.16,99.2,75.77,23.43,0.8552,1,0
REQ-001886,5,DOWNTOWN,AIRPORT,PREMIUM,3.98,10.0,CLEAR,0.0,10.0,25.2,0.19,0,30,43,1.43,REGULAR,27.64,0.016,0.0,0.15,0.0,1.17,32.34,24.73,7.61,0.8522,1,0
REQ-001887,7,FINANCIAL_DISTRICT,TECH_CORRIDOR,XL,26.05,81.3,CLEAR,0.0,10.0,7.4,0.41,0,25,50,2.0,REGULAR,109.49,0.0,0.063,0.35,0.2,1.61,176.28,138.89,37.39,0.6673,1,0
REQ-001888,7,TECH_CORRIDOR,AIRPORT,PREMIUM,22.49,41.4,FOG,0.0,10.0,28.0,0.83,0,39,29,0.74,PLATINUM,106.16,0.2,0.658,0.0,0.2,2.06,218.69,175.27,43.42,0.6121,0,0
REQ-001889,20,SUBURB_NORTH,TECH_CORRIDOR,XL,19.86,54.9,HEAVY_RAIN,58.6,1.6,28.6,0.37,0,58,17,0.29,PLATINUM,80.65,1.2,0.043,0.0,0.0,2.24,180.66,145.5,35.16,0.506,1,0
REQ-001890,19,SUBURB_NORTH,DOWNTOWN,COMFORT,8.72,25.2,DRIZZLE,0.0,10.0,16.0,0.56,0,34,43,1.26,GOLD,30.23,0.157,0.304,0.091,0.25,1.8,54.41,43.23,11.18,0.6726,0,0
REQ-001891,17,DOWNTOWN,AIRPORT,XL,23.22,62.2,CLEAR,0.0,10.0,28.5,0.77,1,52,63,1.21,REGULAR,92.08,0.07,0.688,0.073,0.25,2.08,191.53,153.59,37.94,0.3936,0,0
REQ-001892,5,TECH_CORRIDOR,AIRPORT,XL,24.78,48.9,DRIZZLE,0.0,10.0,14.6,0.35,0,16,20,1.25,PLATINUM,87.38,0.1,0.034,0.087,0.0,1.22,106.6,81.87,24.73,0.9222,1,0
REQ-001893,16,SUBURB_NORTH,AIRPORT,PREMIUM,5.39,12.3,CLEAR,0.0,10.0,5.3,0.42,0,53,18,0.34,REGULAR,33.55,0.0,0.069,0.0,0.0,1.07,35.9,27.16,8.74,0.88,1,0
REQ-001894,22,AIRPORT,SUBURB_NORTH,PREMIUM,17.08,49.5,RAIN,10.0,4.9,23.2,0.33,0,35,45,1.29,PLATINUM,97.89,0.389,0.027,0.102,0.0,1.52,148.79,116.68,32.11,0.8522,1,0
REQ-001895,14,SUBURB_NORTH,DOWNTOWN,STANDARD,3.38,8.2,DRIZZLE,0.0,10.0,30.5,0.33,0,36,61,1.69,PLATINUM,10.09,0.1,0.027,0.241,0.0,1.37,13.82,10.74,3.08,0.8921,1,0
REQ-001896,18,FINANCIAL_DISTRICT,DOWNTOWN,XL,24.72,71.4,CLEAR,0.0,10.0,12.6,0.78,0,48,41,0.85,REGULAR,100.75,0.0,0.584,0.0,0.25,1.83,184.37,146.64,37.73,0.5419,1,0
REQ-001897,15,FINANCIAL_DISTRICT,AIRPORT,COMFORT,14.57,40.0,RAIN,13.3,6.6,20.5,0.31,1,16,63,3.94,GOLD,46.54,0.4,0.14,1.029,0.0,2.57,119.61,97.01,22.6,0.2445,0,0
REQ-001898,17,SUBURB_NORTH,TECH_CORRIDOR,STANDARD,23.53,53.6,CLEAR,0.0,10.0,24.7,0.78,0,10,76,7.6,GOLD,51.17,0.077,0.583,1.2,0.25,3.11,159.14,130.15,28.99,0.0814,0,0
REQ-001899,2,DOWNTOWN,TECH_CORRIDOR,STANDARD,5.02,12.0,CLEAR,0.0,10.0,15.8,0.34,1,14,74,5.29,REGULAR,13.47,0.0,0.15,1.2,0.15,2.5,33.68,27.28,6.4,0.1915,0,0
REQ-001900,15,SUBURB_NORTH,AIRPORT,XL,6.48,18.6,CLEAR,0.0,10.0,24.8,0.26,0,29,33,1.14,REGULAR,30.77,0.013,0.007,0.0,0.0,1.02,31.39,23.6,7.79,0.8921,0,0
REQ-001901,17,SUBURB_NORTH,AIRPORT,PREMIUM,13.92,26.2,DRIZZLE,0.0,10.0,8.3,0.51,0,13,13,1.0,REGULAR,69.25,0.1,0.252,0.0,0.25,1.6,110.8,87.25,23.55,0.6726,1,0
REQ-001902,19,FINANCIAL_DISTRICT,TECH_CORRIDOR,PREMIUM,16.87,44.2,CLEAR,0.0,10.0,16.0,0.47,0,21,80,3.81,PLATINUM,92.81,0.0,0.099,0.983,0.25,2.33,216.25,174.53,41.72,0.4521,0,0
REQ-001903,21,AIRPORT,TECH_CORRIDOR,STANDARD,12.66,29.9,CLEAR,0.0,10.0,31.3,0.05,1,51,70,1.37,REGULAR,29.28,0.013,0.12,0.13,0.0,1.26,36.89,28.43,8.46,0.8229,1,0
REQ-001904,16,TECH_CORRIDOR,DOWNTOWN,PREMIUM,3.21,6.9,RAIN,9.3,6.0,24.8,0.33,0,45,38,0.84,REGULAR,22.86,0.412,0.027,0.0,0.0,1.44,32.92,25.7,7.22,0.751,1,0
REQ-001905,21,DOWNTOWN,AIRPORT,XL,15.12,39.8,DRIZZLE,0.0,10.0,16.8,0.27,0,19,62,3.26,REGULAR,61.63,0.1,0.009,0.791,0.0,1.9,117.1,93.37,23.73,0.5,0,0
REQ-001906,13,AIRPORT,SUBURB_NORTH,XL,12.27,29.7,CLEAR,0.0,10.0,14.7,0.36,0,36,44,1.22,REGULAR,49.59,0.0,0.039,0.077,0.0,1.12,55.54,42.25,13.29,0.8667,1,0
REQ-001907,4,DOWNTOWN,FINANCIAL_DISTRICT,COMFORT,9.99,28.7,CLEAR,0.0,10.0,16.8,0.29,0,16,59,3.69,REGULAR,33.89,0.0,0.014,0.941,0.0,1.96,66.42,53.07,13.35,0.4641,0,0
REQ-001908,0,AIRPORT,FINANCIAL_DISTRICT,XL,26.76,56.5,DRIZZLE,0.0,10.0,24.3,0.45,0,57,15,0.26,GOLD,96.1,0.1,0.086,0.0,0.15,1.34,128.77,99.84,28.93,0.861,1,0
REQ-001909,14,DOWNTOWN,TECH_CORRIDOR,XL,5.81,11.7,CLEAR,0.0,10.0,17.9,0.19,0,48,13,0.27,REGULAR,25.22,0.0,0.0,0.0,0.0,1.0,25.22,18.91,6.31,0.8966,1,0
REQ-001910,4,FINANCIAL_DISTRICT,TECH_CORRIDOR,PREMIUM,17.61,36.8,CLEAR,0.0,10.0,11.2,0.1,0,33,30,0.91,GOLD,88.59,0.08,0.0,0.0,0.0,1.08,95.68,72.47,23.21,0.9204,1,0
REQ-001911,7,FINANCIAL_DISTRICT,TECH_CORRIDOR,COMFORT,25.28,75.0,CLEAR,0.0,10.0,9.8,0.66,1,22,39,1.77,GOLD,79.96,0.0,0.54,0.269,0.2,2.01,160.72,128.62,32.1,0.5538,0,0
REQ-001912,1,DOWNTOWN,FINANCIAL_DISTRICT,XL,5.71,11.9,CLEAR,0.0,10.0,17.0,0.13,0,15,78,5.2,GOLD,25.13,0.0,0.0,1.2,0.15,2.35,59.06,47.69,11.37,0.3543,0,0
REQ-001913,2,TECH_CORRIDOR,AIRPORT,XL,12.36,35.5,CLEAR,0.0,10.0,22.4,0.3,1,37,38,1.03,REGULAR,53.26,0.049,0.137,0.0,0.15,1.34,71.37,55.34,16.03,0.7931,1,0
REQ-001914,12,AIRPORT,DOWNTOWN,PREMIUM,26.69,69.4,CLEAR,0.0,10.0,29.1,0.2,0,27,48,1.78,GOLD,141.72,0.0,0.0,0.273,0.0,1.27,179.98,138.81,41.17,0.88,1,0
REQ-001915,7,DOWNTOWN,SUBURB_NORTH,PREMIUM,19.31,49.3,CLEAR,0.0,10.0,23.1,0.41,0,60,67,1.12,REGULAR,103.97,0.0,0.063,0.0,0.2,1.26,131.0,100.95,30.05,0.8229,0,0
REQ-001916,4,TECH_CORRIDOR,SUBURB_NORTH,XL,18.04,39.1,CLEAR,0.0,10.0,20.0,0.28,0,46,69,1.5,PLATINUM,67.34,0.0,0.011,0.175,0.0,1.19,80.13,61.38,18.75,0.9272,1,0
REQ-001917,7,TECH_CORRIDOR,FINANCIAL_DISTRICT,COMFORT,4.09,9.5,CLEAR,0.0,10.0,21.0,0.66,0,59,56,0.95,GOLD,15.53,0.0,0.421,0.0,0.2,1.62,25.16,19.83,5.33,0.7599,1,0
REQ-001918,23,DOWNTOWN,AIRPORT,XL,2.3,5.5,DRIZZLE,0.0,10.0,15.9,0.06,0,27,73,2.7,REGULAR,14.13,0.1,0.0,0.595,0.15,1.84,26.0,20.69,5.31,0.5359,1,0
REQ-001919,23,AIRPORT,TECH_CORRIDOR,COMFORT,5.7,14.9,DRIZZLE,0.0,10.0,29.0,0.26,0,38,58,1.53,REGULAR,20.61,0.1,0.007,0.185,0.15,1.44,29.68,23.17,6.51,0.751,1,0
REQ-001920,6,AIRPORT,TECH_CORRIDOR,COMFORT,25.6,61.9,DRIZZLE,0.0,10.0,31.6,0.29,0,26,10,0.38,REGULAR,74.6,0.1,0.014,0.0,0.0,1.11,82.81,62.93,19.88,0.8694,1,0
REQ-001921,20,AIRPORT,SUBURB_NORTH,PREMIUM,11.42,33.0,CLEAR,0.0,10.0,7.0,0.25,1,17,21,1.24,REGULAR,68.03,0.0,0.125,0.084,0.0,1.21,82.32,63.17,19.15,0.8397,1,0
REQ-001922,23,SUBURB_NORTH,FINANCIAL_DISTRICT,PREMIUM,19.46,41.1,BLIZZARD,34.0,1.5,-11.9,0.12,0,40,67,1.68,REGULAR,97.43,1.2,0.0,0.238,0.15,2.59,252.34,204.75,47.59,0.1603,0,0
REQ-001923,3,DOWNTOWN,TECH_CORRIDOR,PREMIUM,2.13,4.1,CLEAR,0.0,10.0,5.3,0.22,0,55,66,1.2,REGULAR,17.44,0.0,0.001,0.0,0.15,1.15,20.06,15.31,4.75,0.8581,0,0
REQ-001924,17,FINANCIAL_DISTRICT,TECH_CORRIDOR,XL,9.91,28.3,HEAVY_RAIN,45.1,1.0,17.7,0.56,0,35,17,0.49,GOLD,43.79,1.2,0.304,0.0,0.25,2.75,120.42,97.98,22.44,0.1736,0,0
REQ-001925,22,DOWNTOWN,AIRPORT,PREMIUM,4.51,10.7,DRIZZLE,0.0,10.0,14.9,0.09,0,60,41,0.68,GOLD,29.72,0.167,0.0,0.0,0.0,1.17,34.77,26.58,8.19,0.9031,1,0
REQ-001926,22,TECH_CORRIDOR,AIRPORT,XL,25.77,75.0,SNOW,5.8,5.8,-14.1,0.41,0,44,13,0.3,REGULAR,105.12,0.76,0.063,0.0,0.0,1.82,191.32,152.11,39.21,0.5479,1,0
REQ-001927,9,AIRPORT,DOWNTOWN,COMFORT,13.51,39.4,RAIN,8.3,6.4,29.9,0.51,0,24,55,2.29,REGULAR,44.52,0.343,0.251,0.451,0.2,2.25,100.17,80.69,19.48,0.3015,0,0
REQ-001928,23,TECH_CORRIDOR,AIRPORT,COMFORT,15.09,35.5,CLEAR,0.0,10.0,9.0,0.39,0,32,45,1.41,REGULAR,45.37,0.0,0.053,0.143,0.15,1.35,61.25,47.53,13.72,0.7892,1,0
REQ-001929,11,FINANCIAL_DISTRICT,SUBURB_NORTH,COMFORT,9.75,29.5,CLEAR,0.0,10.0,16.0,0.45,0,30,59,1.97,REGULAR,33.87,0.0,0.086,0.339,0.0,1.43,48.43,37.78,10.65,0.7555,1,0
REQ-001930,10,SUBURB_NORTH,DOWNTOWN,STANDARD,15.55,29.0,HEAVY_RAIN,36.8,1.2,16.5,0.28,1,38,61,1.61,REGULAR,32.59,1.147,0.131,0.214,0.0,2.49,81.15,65.72,15.43,0.1953,0,0
REQ-001931,3,SUBURB_NORTH,DOWNTOWN,STANDARD,13.08,27.0,RAIN,3.5,7.0,24.6,0.21,0,58,62,1.07,GOLD,28.8,0.316,0.0,0.0,0.15,1.47,42.34,33.11,9.23,0.8194,1,0
REQ-001932,10,DOWNTOWN,FINANCIAL_DISTRICT,STANDARD,22.48,50.0,CLEAR,0.0,10.0,11.0,0.1,0,50,61,1.22,REGULAR,48.6,0.0,0.0,0.077,0.0,1.08,52.49,39.76,12.73,0.8774,1,0
REQ-001933,0,TECH_CORRIDOR,AIRPORT,XL,21.48,61.7,CLEAR,0.0,10.0,14.1,0.13,0,9,18,2.0,REGULAR,88.13,0.038,0.0,0.35,0.15,1.54,135.72,106.55,29.17,0.7035,1,0
REQ-001934,11,AIRPORT,TECH_CORRIDOR,STANDARD,27.04,52.2,DRIZZLE,0.0,10.0,15.4,0.37,0,57,24,0.42,REGULAR,55.07,0.156,0.043,0.0,0.0,1.2,66.08,50.66,15.42,0.8429,1,0
REQ-001935,21,AIRPORT,DOWNTOWN,XL,10.74,28.0,RAIN,12.7,4.9,30.1,0.23,0,39,19,0.49,REGULAR,45.35,0.393,0.002,0.0,0.0,1.4,63.49,49.43,14.06,0.7685,1,0
REQ-001936,17,AIRPORT,FINANCIAL_DISTRICT,COMFORT,20.39,58.1,THUNDERSTORM,58.2,2.6,31.7,0.81,0,13,29,2.23,PLATINUM,64.28,1.2,0.629,0.43,0.25,3.5,224.98,184.81,40.17,0.0474,0,1
REQ-001937,4,FINANCIAL_DISTRICT,DOWNTOWN,COMFORT,9.27,21.3,CLEAR,0.0,10.0,28.5,0.37,1,11,37,3.36,REGULAR,29.39,0.04,0.163,0.826,0.0,2.03,59.66,47.77,11.89,0.4226,0,0
REQ-001938,4,SUBURB_NORTH,TECH_CORRIDOR,XL,15.58,35.7,RAIN,6.1,4.0,15.8,0.42,0,34,26,0.76,GOLD,60.14,0.319,0.069,0.0,0.0,1.39,83.59,65.04,18.55,0.8461,1,0
REQ-001939,15,DOWNTOWN,TECH_CORRIDOR,XL,26.52,63.7,DRIZZLE,0.0,10.0,9.5,0.22,0,13,25,1.92,REGULAR,99.91,0.1,0.001,0.322,0.0,1.42,141.87,110.6,31.27,0.7599,1,0
REQ-001940,18,FINANCIAL_DISTRICT,AIRPORT,COMFORT,3.54,8.0,HEAVY_RAIN,40.3,1.7,24.5,0.59,0,26,53,2.04,REGULAR,13.94,1.083,0.338,0.364,0.25,3.04,42.38,34.63,7.75,0.0609,0,0
REQ-001941,20,TECH_CORRIDOR,DOWNTOWN,STANDARD,24.92,69.4,CLEAR,0.0,10.0,25.6,0.07,0,18,21,1.17,REGULAR,58.44,0.04,0.0,0.0,0.0,1.04,60.78,45.82,14.96,0.8874,1,0
REQ-001942,8,FINANCIAL_DISTRICT,TECH_CORRIDOR,STANDARD,15.49,36.7,RAIN,14.3,7.6,25.8,0.74,0,42,19,0.45,REGULAR,35.21,0.411,0.526,0.0,0.2,2.14,75.35,60.53,14.82,0.3599,0,0
REQ-001943,7,DOWNTOWN,SUBURB_NORTH,STANDARD,22.92,59.0,CLEAR,0.0,10.0,20.2,0.65,0,8,52,6.5,GOLD,52.3,0.0,0.409,1.2,0.2,2.81,146.96,119.69,27.27,0.1539,0,0
REQ-001944,10,DOWNTOWN,TECH_CORRIDOR,COMFORT,20.0,48.8,CLEAR,0.0,10.0,21.0,0.3,0,44,15,0.34,REGULAR,59.46,0.0,0.017,0.0,0.0,1.02,60.65,45.61,15.04,0.8921,1,0
REQ-001945,0,AIRPORT,DOWNTOWN,XL,5.72,15.3,CLEAR,0.0,10.0,14.7,0.45,0,28,34,1.21,REGULAR,27.19,0.061,0.086,0.073,0.15,1.37,37.25,28.94,8.31,0.7811,1,0
REQ-001946,19,AIRPORT,TECH_CORRIDOR,PREMIUM,21.57,57.1,RAIN,5.3,4.4,30.3,0.62,0,15,70,4.67,PLATINUM,116.93,0.382,0.372,1.2,0.25,3.2,374.18,306.36,67.82,0.0928,0,0
REQ-001947,21,SUBURB_NORTH,AIRPORT,STANDARD,5.5,15.9,CLEAR,0.0,10.0,21.4,0.21,1,32,59,1.84,REGULAR,15.44,0.0,0.12,0.294,0.0,1.41,21.77,16.96,4.81,0.7642,1,0
REQ-001948,16,SUBURB_NORTH,TECH_CORRIDOR,STANDARD,21.97,49.0,CLEAR,0.0,10.0,26.8,0.27,0,51,62,1.22,REGULAR,47.61,0.0,0.009,0.077,0.0,1.09,51.89,39.35,12.54,0.8748,1,0
REQ-001949,15,SUBURB_NORTH,AIRPORT,PREMIUM,6.09,15.2,HEAVY_RAIN,31.8,0.9,29.2,0.25,1,13,28,2.15,REGULAR,37.97,1.096,0.125,0.402,0.0,2.62,99.48,80.76,18.72,0.1508,0,0
REQ-001950,1,FINANCIAL_DISTRICT,SUBURB_NORTH,COMFORT,10.88,30.9,CLEAR,0.0,10.0,13.7,0.39,0,12,67,5.58,REGULAR,36.35,0.033,0.053,1.2,0.15,2.44,88.69,71.75,16.94,0.2148,0,0
REQ-001951,23,DOWNTOWN,SUBURB_NORTH,COMFORT,2.21,5.1,HEAVY_RAIN,33.2,2.4,10.1,0.16,2,47,39,0.83,REGULAR,10.44,0.934,0.24,0.0,0.15,2.32,24.22,19.54,4.68,0.2674,1,0
REQ-001952,4,FINANCIAL_DISTRICT,AIRPORT,STANDARD,2.17,4.2,THUNDERSTORM,43.1,2.8,29.0,0.09,0,49,19,0.39,REGULAR,7.18,1.2,0.0,0.0,0.0,2.2,15.8,12.71,3.09,0.3274,1,0
REQ-001953,6,TECH_CORRIDOR,SUBURB_NORTH,COMFORT,8.9,27.3,DRIZZLE,0.0,10.0,22.1,0.24,0,27,15,0.56,GOLD,31.48,0.145,0.003,0.0,0.0,1.15,36.2,27.62,8.58,0.9072,1,0
REQ-001954,19,DOWNTOWN,TECH_CORRIDOR,COMFORT,7.93,16.7,SNOW,13.4,7.6,-7.5,0.83,0,17,49,2.88,REGULAR,25.09,0.701,0.659,0.658,0.25,3.27,82.04,67.22,14.82,0.036,0,0
REQ-001955,15,SUBURB_NORTH,TECH_CORRIDOR,COMFORT,19.66,45.3,CLEAR,0.0,10.0,12.6,0.19,1,21,48,2.29,REGULAR,57.32,0.065,0.12,0.451,0.0,1.64,94.0,74.17,19.83,0.6511,0,0
REQ-001956,9,FINANCIAL_DISTRICT,AIRPORT,PREMIUM,23.42,47.0,CLEAR,0.0,10.0,10.0,0.49,1,37,77,2.08,REGULAR,113.53,0.0,0.233,0.378,0.2,1.81,205.49,163.31,42.18,0.5538,0,0
REQ-001957,10,TECH_CORRIDOR,DOWNTOWN,XL,3.2,6.9,CLEAR,0.0,10.0,20.0,0.25,2,24,66,2.75,REGULAR,16.86,0.0,0.245,0.612,0.0,1.86,31.36,24.97,6.39,0.524,1,0
REQ-001958,9,SUBURB_NORTH,DOWNTOWN,COMFORT,16.05,50.7,CLEAR,0.0,10.0,23.8,0.44,0,38,50,1.32,REGULAR,53.8,0.0,0.08,0.112,0.2,1.39,74.78,58.18,16.6,0.7728,1,0
REQ-001959,22,FINANCIAL_DISTRICT,TECH_CORRIDOR,XL,17.71,34.4,CLEAR,0.0,10.0,8.5,0.06,0,13,42,3.23,GOLD,63.83,0.0,0.0,0.78,0.0,1.78,113.62,90.19,23.43,0.6831,1,0
REQ-001960,9,DOWNTOWN,FINANCIAL_DISTRICT,STANDARD,22.94,43.9,CLEAR,0.0,10.0,21.0,0.57,0,27,44,1.63,PLATINUM,47.04,0.042,0.315,0.22,0.2,1.78,83.73,66.47,17.26,0.7555,1,0
REQ-001961,11,TECH_CORRIDOR,SUBURB_NORTH,STANDARD,23.08,63.6,CLEAR,0.0,10.0,27.1,0.36,0,35,69,1.97,REGULAR,54.11,0.048,0.039,0.339,0.0,1.43,77.38,60.36,17.02,0.7555,1,0
REQ-001962,19,DOWNTOWN,AIRPORT,XL,7.88,17.5,CLEAR,0.0,10.0,25.0,0.56,0,12,77,6.42,REGULAR,33.05,0.0,0.303,1.2,0.25,2.75,90.89,73.95,16.94,0.1151,1,0
REQ-001963,4,SUBURB_NORTH,TECH_CORRIDOR,STANDARD,26.65,85.1,CLEAR,0.0,10.0,20.5,0.29,0,22,75,3.41,REGULAR,66.09,0.0,0.014,0.844,0.0,1.86,122.93,97.88,25.05,0.524,0,0
REQ-001964,5,TECH_CORRIDOR,DOWNTOWN,COMFORT,7.57,15.3,CLEAR,0.0,10.0,21.3,0.07,2,36,36,1.0,REGULAR,23.88,0.0,0.24,0.0,0.0,1.24,29.61,22.78,6.83,0.8298,0,0
REQ-001965,15,TECH_CORRIDOR,FINANCIAL_DISTRICT,PREMIUM,16.44,36.7,RAIN,9.0,4.0,5.5,0.21,0,33,11,0.33,REGULAR,85.23,0.351,0.0,0.0,0.0,1.35,115.06,89.28,25.78,0.7892,0,0
REQ-001966,4,SUBURB_NORTH,FINANCIAL_DISTRICT,COMFORT,24.22,62.2,CLEAR,0.0,10.0,31.1,0.31,1,45,37,0.82,GOLD,72.45,0.018,0.14,0.0,0.0,1.16,84.04,64.19,19.85,0.9052,1,0
REQ-001967,14,TECH_CORRIDOR,FINANCIAL_DISTRICT,PREMIUM,16.45,35.6,CLEAR,0.0,10.0,12.1,0.29,2,27,56,2.07,REGULAR,84.32,0.019,0.254,0.374,0.0,1.65,139.13,109.83,29.3,0.6457,0,0
REQ-001968,12,SUBURB_NORTH,FINANCIAL_DISTRICT,STANDARD,25.4,60.0,CLEAR,0.0,10.0,12.4,0.14,0,24,36,1.5,PLATINUM,55.75,0.0,0.0,0.175,0.0,1.18,65.78,50.34,15.44,0.9288,1,0
REQ-001969,13,AIRPORT,DOWNTOWN,STANDARD,27.13,73.8,CLEAR,0.0,10.0,9.2,0.1,0,37,21,0.57,REGULAR,62.74,0.0,0.0,0.0,0.0,1.0,62.74,47.05,15.69,0.8966,1,0
REQ-001970,3,AIRPORT,FINANCIAL_DISTRICT,PREMIUM,8.56,26.8,CLEAR,0.0,10.0,16.1,0.19,0,43,57,1.33,REGULAR,54.75,0.0,0.0,0.116,0.15,1.27,69.53,53.63,15.9,0.8194,1,0
REQ-001971,3,DOWNTOWN,AIRPORT,PREMIUM,16.92,35.1,CLEAR,0.0,10.0,28.0,0.33,0,39,61,1.56,REGULAR,85.22,0.0,0.027,0.196,0.15,1.37,116.75,90.72,26.03,0.7811,1,0
REQ-001972,17,SUBURB_NORTH,TECH_CORRIDOR,XL,16.77,38.7,CLEAR,0.0,10.0,10.6,0.44,0,45,54,1.2,REGULAR,64.44,0.015,0.08,0.0,0.25,1.34,86.35,66.95,19.4,0.7931,0,0
REQ-001973,4,TECH_CORRIDOR,DOWNTOWN,XL,6.66,19.3,CLEAR,0.0,10.0,21.4,0.37,0,9,14,1.56,REGULAR,31.57,0.0,0.043,0.196,0.0,1.24,39.15,30.12,9.03,0.8298,1,0
REQ-001974,9,TECH_CORRIDOR,DOWNTOWN,XL,10.01,31.6,CLEAR,0.0,10.0,25.2,0.51,0,24,11,0.46,REGULAR,45.98,0.0,0.253,0.0,0.2,1.45,66.67,52.07,14.6,0.7465,0,0
REQ-001975,8,TECH_CORRIDOR,SUBURB_NORTH,STANDARD,22.81,53.3,HEAVY_RAIN,48.2,0.5,27.7,0.7,0,38,38,1.0,REGULAR,50.16,1.2,0.471,0.0,0.2,2.87,143.96,117.35,26.61,0.0888,0,0
REQ-001976,14,SUBURB_NORTH,TECH_CORRIDOR,PREMIUM,14.01,29.8,CLEAR,0.0,10.0,6.0,0.1,0,37,33,0.89,REGULAR,72.56,0.0,0.0,0.0,0.0,1.0,72.56,54.42,18.14,0.8966,1,0
REQ-001977,18,FINANCIAL_DISTRICT,DOWNTOWN,XL,15.23,35.7,CLEAR,0.0,10.0,9.3,0.56,0,56,56,1.0,REGULAR,59.4,0.0,0.304,0.0,0.25,1.55,92.07,72.32,19.75,0.6985,1,0
REQ-001978,0,TECH_CORRIDOR,FINANCIAL_DISTRICT,COMFORT,21.97,54.6,CLEAR,0.0,10.0,23.4,0.3,0,39,36,0.92,REGULAR,65.32,0.0,0.017,0.0,0.15,1.17,76.42,58.43,17.99,0.8522,1,0
REQ-001979,17,SUBURB_NORTH,DOWNTOWN,PREMIUM,15.21,36.0,DRIZZLE,0.0,10.0,28.4,0.59,1,56,77,1.38,REGULAR,81.19,0.1,0.456,0.133,0.25,1.94,157.51,125.76,31.75,0.476,0,0
REQ-001980,18,FINANCIAL_DISTRICT,SUBURB_NORTH,PREMIUM,27.64,68.3,CLEAR,0.0,10.0,10.7,0.49,0,39,16,0.41,REGULAR,143.44,0.0,0.113,0.0,0.25,1.36,195.08,151.47,43.61,0.7852,1,0
REQ-001981,11,SUBURB_NORTH,TECH_CORRIDOR,PREMIUM,19.1,58.0,DRIZZLE,0.0,10.0,26.8,0.34,0,32,59,1.84,REGULAR,110.78,0.121,0.03,0.294,0.0,1.45,160.63,125.46,35.17,0.7465,0,0
REQ-001982,23,AIRPORT,TECH_CORRIDOR,STANDARD,11.07,33.0,CLEAR,0.0,10.0,28.0,0.4,0,16,42,2.62,REGULAR,28.39,0.054,0.058,0.567,0.15,1.83,51.95,41.32,10.63,0.5419,1,0
REQ-001983,23,SUBURB_NORTH,TECH_CORRIDOR,COMFORT,17.61,31.8,CLEAR,0.0,10.0,27.5,0.21,0,24,52,2.17,GOLD,47.87,0.0,0.0,0.409,0.15,1.56,74.68,58.69,15.99,0.7852,1,0
REQ-001984,0,AIRPORT,SUBURB_NORTH,STANDARD,22.09,54.7,CLEAR,0.0,10.0,19.4,0.26,0,19,25,1.32,REGULAR,49.75,0.0,0.007,0.112,0.15,1.27,63.18,48.73,14.45,0.8194,1,0
REQ-001985,7,AIRPORT,DOWNTOWN,XL,23.1,42.5,CLEAR,0.0,10.0,6.5,0.52,0,32,37,1.16,REGULAR,80.01,0.023,0.263,0.0,0.2,1.49,119.21,93.33,25.88,0.7279,0,0
REQ-001986,4,AIRPORT,DOWNTOWN,XL,4.69,13.7,CLEAR,0.0,10.0,18.9,0.23,0,26,60,2.31,REGULAR,24.07,0.043,0.002,0.458,0.0,1.5,36.11,28.29,7.82,0.7231,1,0
REQ-001987,4,AIRPORT,TECH_CORRIDOR,PREMIUM,21.38,45.9,THUNDERSTORM,27.9,2.5,21.7,0.18,1,11,46,4.18,GOLD,106.88,1.114,0.12,1.113,0.0,3.35,358.05,293.65,64.4,0.0474,0,0
REQ-001988,15,DOWNTOWN,FINANCIAL_DISTRICT,COMFORT,18.34,44.2,RAIN,4.3,7.5,13.9,0.44,0,38,70,1.84,REGULAR,54.65,0.298,0.08,0.294,0.0,1.67,91.27,72.11,19.16,0.6346,1,0
REQ-001989,10,FINANCIAL_DISTRICT,DOWNTOWN,PREMIUM,4.27,9.2,CLEAR,0.0,10.0,22.7,0.43,0,29,12,0.41,PLATINUM,27.78,0.0,0.074,0.0,0.0,1.07,29.72,22.48,7.24,0.9444,1,0
REQ-001990,23,FINANCIAL_DISTRICT,TECH_CORRIDOR,STANDARD,6.83,16.8,CLEAR,0.0,10.0,19.3,0.35,1,13,79,6.08,REGULAR,17.42,0.0,0.154,1.2,0.15,2.5,43.55,35.28,8.27,0.1915,1,0
REQ-001991,3,FINANCIAL_DISTRICT,AIRPORT,COMFORT,24.96,58.9,HEAVY_RAIN,42.8,0.8,18.3,0.29,0,51,23,0.45,REGULAR,72.18,1.2,0.014,0.0,0.15,2.36,170.34,137.57,32.77,0.249,0,0
REQ-001992,10,FINANCIAL_DISTRICT,TECH_CORRIDOR,PREMIUM,26.31,63.8,THUNDERSTORM,40.2,2.9,18.2,0.07,0,49,56,1.14,REGULAR,135.9,1.2,0.0,0.0,0.0,2.2,298.98,240.54,58.44,0.3274,1,0
REQ-001993,16,SUBURB_NORTH,AIRPORT,STANDARD,14.89,46.9,CLEAR,0.0,10.0,19.5,0.23,0,20,11,0.55,REGULAR,38.02,0.0,0.002,0.0,0.0,1.0,38.02,28.52,9.5,0.8966,1,0
REQ-001994,21,AIRPORT,TECH_CORRIDOR,COMFORT,13.25,39.9,CLEAR,0.0,10.0,23.3,0.4,0,40,17,0.42,REGULAR,44.31,0.042,0.058,0.0,0.0,1.1,48.74,37.0,11.74,0.8721,1,0
REQ-001995,23,SUBURB_NORTH,FINANCIAL_DISTRICT,PREMIUM,22.89,49.4,SNOW,8.1,7.0,-5.6,0.43,0,43,50,1.16,PLATINUM,114.08,0.634,0.074,0.0,0.15,1.86,212.19,168.95,43.24,0.7183,1,0
REQ-001996,20,DOWNTOWN,AIRPORT,COMFORT,27.26,50.4,HEAVY_RAIN,37.4,2.6,27.3,0.3,0,31,30,0.97,REGULAR,72.16,0.961,0.017,0.0,0.0,1.98,142.88,114.23,28.65,0.4521,0,0
REQ-001997,19,DOWNTOWN,AIRPORT,PREMIUM,11.91,25.1,HEAVY_RAIN,26.6,1.1,27.9,0.52,1,23,13,0.57,REGULAR,62.69,0.989,0.382,0.0,0.25,2.62,164.25,133.34,30.91,0.1508,0,0
REQ-001998,5,DOWNTOWN,SUBURB_NORTH,XL,22.93,68.3,DRIZZLE,0.0,10.0,10.6,0.1,0,30,37,1.23,REGULAR,95.13,0.1,0.0,0.08,0.0,1.18,112.25,85.9,26.35,0.8492,0,0
REQ-001999,21,AIRPORT,DOWNTOWN,STANDARD,9.6,20.0,SNOW,4.7,4.2,-2.2,0.1,0,15,14,0.93,REGULAR,22.0,0.559,0.0,0.0,0.0,1.56,34.32,26.97,7.35,0.6934,0,0
REQ-002000,6,DOWNTOWN,SUBURB_NORTH,XL,15.8,44.1,THUNDERSTORM,34.4,2.4,18.1,0.13,0,17,44,2.59,GOLD,65.64,1.197,0.0,0.556,0.0,2.75,180.51,146.87,33.64,0.1736,0,0
REQ-002001,5,AIRPORT,FINANCIAL_DISTRICT,STANDARD,11.74,22.5,CLEAR,0.0,10.0,28.2,0.26,1,25,26,1.04,REGULAR,25.55,0.0,0.127,0.0,0.0,1.13,28.87,21.98,6.89,0.8639,0,0
REQ-002002,14,DOWNTOWN,SUBURB_NORTH,COMFORT,24.64,56.9,DRIZZLE,0.0,10.0,25.9,0.31,1,29,15,0.52,REGULAR,70.77,0.117,0.14,0.0,0.0,1.26,89.17,68.72,20.45,0.8229,0,0
REQ-002003,16,DOWNTOWN,TECH_CORRIDOR,XL,23.97,51.9,CLEAR,0.0,10.0,7.8,0.06,0,43,46,1.07,REGULAR,87.48,0.022,0.0,0.0,0.0,1.02,89.23,67.1,22.13,0.8921,1,0
REQ-002004,22,AIRPORT,DOWNTOWN,COMFORT,19.01,41.9,CLEAR,0.0,10.0,11.4,0.23,0,31,54,1.74,GOLD,54.73,0.0,0.002,0.259,0.0,1.26,68.96,53.14,15.82,0.8825,1,0
REQ-002005,1,FINANCIAL_DISTRICT,SUBURB_NORTH,XL,15.22,29.1,CLEAR,0.0,10.0,24.2,0.23,0,57,67,1.18,REGULAR,55.42,0.0,0.002,0.0,0.15,1.15,63.73,48.63,15.1,0.8581,0,0
REQ-002006,3,AIRPORT,SUBURB_NORTH,COMFORT,11.62,35.2,CLEAR,0.0,10.0,18.9,0.17,0,38,70,1.84,REGULAR,39.51,0.0,0.0,0.294,0.15,1.44,56.89,44.41,12.48,0.751,1,0
REQ-002007,9,DOWNTOWN,SUBURB_NORTH,XL,25.21,66.5,CLEAR,0.0,10.0,13.4,0.59,0,14,65,4.64,REGULAR,98.84,0.0,0.336,1.2,0.2,2.74,270.82,220.31,50.51,0.1175,0,0
REQ-002008,4,TECH_CORRIDOR,AIRPORT,PREMIUM,19.13,47.5,CLEAR,0.0,10.0,20.8,0.06,0,36,43,1.19,REGULAR,101.94,0.0,0.0,0.0,0.0,1.0,101.94,76.45,25.49,0.8966,1,0
REQ-002009,4,SUBURB_NORTH,AIRPORT,STANDARD,22.34,68.7,CLEAR,0.0,10.0,23.3,0.13,1,26,57,2.19,PLATINUM,54.97,0.0,0.12,0.416,0.0,1.54,84.65,66.46,18.19,0.8461,1,0
REQ-002010,1,FINANCIAL_DISTRICT,SUBURB_NORTH,STANDARD,14.91,46.2,CLEAR,0.0,10.0,12.6,0.27,0,47,53,1.13,GOLD,37.81,0.0,0.009,0.0,0.15,1.16,43.86,33.5,10.36,0.9052,1,0
REQ-002011,21,SUBURB_NORTH,FINANCIAL_DISTRICT,STANDARD,13.02,33.6,CLEAR,0.0,10.0,15.1,0.31,0,34,63,1.85,REGULAR,31.03,0.073,0.02,0.297,0.0,1.39,43.13,33.56,9.57,0.7728,1,0
REQ-002012,18,TECH_CORRIDOR,AIRPORT,STANDARD,9.84,28.8,CLEAR,0.0,10.0,18.6,0.42,0,31,52,1.68,REGULAR,25.38,0.01,0.069,0.238,0.25,1.57,39.85,31.33,8.52,0.6883,1,0
REQ-002013,17,FINANCIAL_DISTRICT,DOWNTOWN,PREMIUM,17.16,36.2,CLEAR,0.0,10.0,6.2,0.71,0,51,63,1.24,REGULAR,86.82,0.063,0.484,0.084,0.25,1.88,163.22,130.06,33.16,0.512,0,0
REQ-002014,11,TECH_CORRIDOR,AIRPORT,STANDARD,27.47,50.7,RAIN,9.6,6.4,7.5,0.13,1,33,46,1.39,REGULAR,55.09,0.358,0.12,0.136,0.0,1.61,88.69,69.88,18.81,0.6673,1,0
REQ-002015,15,FINANCIAL_DISTRICT,AIRPORT,COMFORT,26.45,63.7,DRIZZLE,0.0,10.0,10.0,0.32,0,36,76,2.11,REGULAR,76.81,0.1,0.023,0.388,0.0,1.51,115.98,90.9,25.08,0.7183,1,0
REQ-002016,16,DOWNTOWN,AIRPORT,XL,9.37,29.2,CLEAR,0.0,10.0,25.4,0.22,0,59,27,0.46,GOLD,43.2,0.014,0.001,0.0,0.0,1.01,43.63,32.77,10.86,0.9319,1,0
REQ-002017,12,AIRPORT,DOWNTOWN,COMFORT,9.64,27.4,CLEAR,0.0,10.0,18.0,0.38,0,24,69,2.88,REGULAR,32.74,0.0,0.048,0.658,0.0,1.71,55.99,44.32,11.67,0.6121,1,0
REQ-002018,20,FINANCIAL_DISTRICT,TECH_CORRIDOR,PREMIUM,12.57,30.4,CLEAR,0.0,10.0,7.5,0.24,0,47,31,0.66,REGULAR,69.04,0.0,0.003,0.0,0.0,1.0,69.04,51.78,17.26,0.8966,1,0
REQ-002019,18,DOWNTOWN,SUBURB_NORTH,XL,11.98,31.8,DRIZZLE,0.0,10.0,14.0,0.55,0,49,28,0.57,REGULAR,50.24,0.1,0.292,0.0,0.25,1.64,82.39,65.01,17.38,0.6511,1,0
REQ-002020,12,FINANCIAL_DISTRICT,TECH_CORRIDOR,STANDARD,24.02,74.8,CLEAR,0.0,10.0,30.8,0.22,0,15,78,5.2,REGULAR,59.2,0.0,0.001,1.2,0.0,2.2,130.24,104.78,25.46,0.3274,1,0
REQ-002021,4,FINANCIAL_DISTRICT,AIRPORT,COMFORT,8.92,23.1,CLEAR,0.0,10.0,6.4,0.14,0,11,59,5.36,REGULAR,29.62,0.0,0.0,1.2,0.0,2.2,65.16,52.42,12.74,0.3274,1,0
REQ-002022,16,TECH_CORRIDOR,SUBURB_NORTH,PREMIUM,25.92,72.3,SNOW,8.9,5.0,-3.2,0.2,0,51,67,1.31,REGULAR,142.03,0.564,0.0,0.109,0.0,1.67,237.19,187.41,49.78,0.6346,0,0
REQ-002023,11,AIRPORT,TECH_CORRIDOR,PREMIUM,16.6,29.9,CLEAR,0.0,10.0,27.9,0.21,0,24,42,1.75,PLATINUM,79.89,0.0,0.0,0.262,0.0,1.26,100.66,77.57,23.09,0.915,1,0
REQ-002024,3,SUBURB_NORTH,FINANCIAL_DISTRICT,COMFORT,14.14,32.7,CLEAR,0.0,10.0,16.7,0.15,0,26,29,1.12,REGULAR,42.55,0.0,0.0,0.0,0.15,1.15,48.93,37.34,11.59,0.8581,1,0
REQ-002025,11,SUBURB_NORTH,TECH_CORRIDOR,XL,13.85,26.9,CLEAR,0.0,10.0,11.7,0.28,0,50,12,0.24,GOLD,51.23,0.0,0.011,0.0,0.0,1.01,51.74,38.86,12.88,0.9319,1,0
REQ-002026,10,DOWNTOWN,AIRPORT,COMFORT,10.23,30.6,CLEAR,0.0,10.0,7.4,0.13,0,44,74,1.68,GOLD,35.15,0.0,0.0,0.238,0.0,1.24,43.59,33.54,10.05,0.8874,1,0
REQ-002027,18,SUBURB_NORTH,TECH_CORRIDOR,COMFORT,6.84,17.0,DRIZZLE,0.0,10.0,6.3,0.49,2,10,74,7.4,REGULAR,23.44,0.1,0.353,1.2,0.25,2.9,67.98,55.44,12.54,0.0832,1,0
REQ-002028,2,SUBURB_NORTH,DOWNTOWN,STANDARD,11.45,22.6,CLEAR,0.0,10.0,14.4,0.31,0,57,62,1.09,REGULAR,25.22,0.052,0.02,0.0,0.15,1.22,30.77,23.63,7.14,0.8364,1,0
REQ-002029,19,AIRPORT,FINANCIAL_DISTRICT,PREMIUM,2.49,5.1,DRIZZLE,0.0,10.0,7.6,0.53,0,60,34,0.57,REGULAR,19.3,0.1,0.272,0.0,0.25,1.62,31.27,24.65,6.62,0.662,0,0
REQ-002030,11,DOWNTOWN,TECH_CORRIDOR,PREMIUM,21.02,59.7,CLEAR,0.0,10.0,6.1,0.29,0,16,23,1.44,REGULAR,117.61,0.0,0.014,0.154,0.0,1.17,137.6,105.2,32.4,0.8522,1,0
REQ-002031,14,AIRPORT,SUBURB_NORTH,COMFORT,23.4,45.7,CLEAR,0.0,10.0,27.5,0.15,0,23,21,0.91,REGULAR,63.68,0.0,0.0,0.0,0.0,1.0,63.68,47.76,15.92,0.8966,1,0
REQ-002032,2,AIRPORT,TECH_CORRIDOR,STANDARD,6.56,13.7,THUNDERSTORM,58.7,1.3,5.6,0.15,0,34,68,2.0,PLATINUM,15.99,1.2,0.0,0.35,0.15,2.7,43.17,35.1,8.07,0.2535,0,0
REQ-002033,23,FINANCIAL_DISTRICT,TECH_CORRIDOR,PREMIUM,21.43,42.9,CLEAR,0.0,10.0,5.2,0.19,0,51,65,1.27,REGULAR,104.46,0.049,0.0,0.095,0.15,1.29,134.75,104.09,30.66,0.8121,1,0
REQ-002034,2,TECH_CORRIDOR,DOWNTOWN,XL,14.02,26.7,BLIZZARD,23.3,1.8,-8.2,0.13,0,59,34,0.58,REGULAR,51.46,1.2,0.0,0.0,0.15,2.35,120.93,97.64,23.29,0.2535,1,0
REQ-002035,18,FINANCIAL_DISTRICT,DOWNTOWN,XL,9.09,19.9,RAIN,14.6,7.5,16.3,0.43,0,17,23,1.35,GOLD,37.03,0.414,0.074,0.123,0.25,1.86,68.88,54.84,14.04,0.6401,1,0
REQ-002036,23,FINANCIAL_DISTRICT,SUBURB_NORTH,COMFORT,12.29,26.7,CLEAR,0.0,10.0,14.0,0.18,1,9,28,3.11,GOLD,36.8,0.061,0.12,0.738,0.15,2.07,76.18,61.07,15.11,0.518,1,0
REQ-002037,10,DOWNTOWN,SUBURB_NORTH,XL,16.15,29.8,CLEAR,0.0,10.0,21.4,0.21,0,34,35,1.03,GOLD,57.79,0.0,0.0,0.0,0.0,1.0,57.79,43.34,14.45,0.9334,1,0
REQ-002038,1,SUBURB_NORTH,AIRPORT,XL,7.03,19.5,CLEAR,0.0,10.0,27.1,0.1,0,36,67,1.86,REGULAR,32.46,0.052,0.0,0.301,0.15,1.5,48.69,38.14,10.55,0.7231,1,0
REQ-002039,14,DOWNTOWN,TECH_CORRIDOR,STANDARD,23.54,67.0,CLEAR,0.0,10.0,27.1,0.33,0,51,38,0.75,GOLD,55.87,0.0,0.027,0.0,0.0,1.03,57.55,43.33,14.22,0.9288,1,0
REQ-002040,17,TECH_CORRIDOR,SUBURB_NORTH,STANDARD,13.68,40.7,CLEAR,0.0,10.0,19.3,0.67,0,14,73,5.21,PLATINUM,34.34,0.0,0.433,1.2,0.25,2.88,98.9,80.63,18.27,0.1806,0,0
REQ-002041,1,TECH_CORRIDOR,FINANCIAL_DISTRICT,STANDARD,21.85,41.4,DRIZZLE,0.0,10.0,24.5,0.29,0,43,34,0.79,REGULAR,44.8,0.15,0.014,0.0,0.15,1.31,58.69,45.41,13.28,0.8047,1,0
REQ-002042,16,SUBURB_NORTH,FINANCIAL_DISTRICT,PREMIUM,9.48,23.7,DRIZZLE,0.0,10.0,27.0,0.07,0,48,47,0.98,PLATINUM,54.68,0.1,0.0,0.0,0.0,1.1,60.15,45.66,14.49,0.9405,1,0
REQ-002043,0,FINANCIAL_DISTRICT,SUBURB_NORTH,COMFORT,26.22,60.7,DRIZZLE,0.0,10.0,28.0,0.4,1,24,60,2.5,REGULAR,75.08,0.179,0.178,0.525,0.15,2.03,152.41,122.04,30.37,0.4226,1,0
REQ-002044,5,TECH_CORRIDOR,AIRPORT,PREMIUM,5.83,18.2,CLEAR,0.0,10.0,20.7,0.21,0,48,59,1.23,GOLD,39.79,0.027,0.0,0.08,0.0,1.11,44.17,33.57,10.6,0.915,1,0
REQ-002045,23,DOWNTOWN,FINANCIAL_DISTRICT,PREMIUM,15.33,46.2,CLEAR,0.0,10.0,31.7,0.37,2,49,18,0.37,REGULAR,90.19,0.047,0.283,0.0,0.15,1.48,133.48,104.44,29.04,0.7326,0,0
REQ-002046,4,DOWNTOWN,FINANCIAL_DISTRICT,PREMIUM,3.27,9.9,CLEAR,0.0,10.0,16.0,0.06,0,50,77,1.54,REGULAR,25.58,0.0,0.0,0.189,0.0,1.19,30.44,23.32,7.12,0.8461,1,0
REQ-002047,4,SUBURB_NORTH,DOWNTOWN,STANDARD,9.22,24.2,DRIZZLE,0.0,10.0,18.7,0.09,0,49,61,1.24,REGULAR,23.0,0.146,0.0,0.084,0.0,1.23,28.29,21.75,6.54,0.8331,1,0
REQ-002048,11,SUBURB_NORTH,TECH_CORRIDOR,COMFORT,18.53,58.3,CLEAR,0.0,10.0,26.6,0.45,0,30,25,0.83,PLATINUM,61.3,0.0,0.086,0.0,0.0,1.09,66.82,50.67,16.15,0.9418,1,0
REQ-002049,19,FINANCIAL_DISTRICT,TECH_CORRIDOR,XL,21.0,60.8,CLEAR,0.0,10.0,6.2,0.45,0,59,77,1.31,REGULAR,86.58,0.0,0.086,0.109,0.25,1.45,125.54,98.05,27.49,0.7465,1,0
REQ-002050,15,AIRPORT,DOWNTOWN,COMFORT,21.0,52.2,CLEAR,0.0,10.0,17.1,0.25,0,47,52,1.11,REGULAR,62.64,0.076,0.005,0.0,0.0,1.08,67.65,51.24,16.41,0.8774,1,0
REQ-002051,15,TECH_CORRIDOR,FINANCIAL_DISTRICT,XL,12.05,31.5,RAIN,5.1,4.6,6.0,0.13,0,35,25,0.71,REGULAR,50.21,0.307,0.0,0.0,0.0,1.31,65.78,50.89,14.89,0.8047,0,0
REQ-002052,6,DOWNTOWN,FINANCIAL_DISTRICT,PREMIUM,27.02,70.4,CLEAR,0.0,10.0,23.3,0.08,0,21,15,0.71,REGULAR,143.5,0.0,0.0,0.0,0.0,1.0,143.5,107.62,35.88,0.8966,1,0
REQ-002053,10,FINANCIAL_DISTRICT,TECH_CORRIDOR,XL,8.04,18.2,CLEAR,0.0,10.0,23.6,0.29,0,39,42,1.08,REGULAR,33.8,0.0,0.014,0.0,0.0,1.01,34.14,25.64,8.5,0.8944,1,0
REQ-002054,6,FINANCIAL_DISTRICT,AIRPORT,PREMIUM,17.36,47.4,CLEAR,0.0,10.0,14.9,0.28,0,45,38,0.84,REGULAR,96.9,0.0,0.011,0.0,0.0,1.01,97.87,73.5,24.37,0.8944,1,0
REQ-002055,7,TECH_CORRIDOR,SUBURB_NORTH,XL,25.55,46.3,DRIZZLE,0.0,10.0,12.5,0.78,0,49,17,0.35,REGULAR,87.44,0.1,0.583,0.0,0.2,1.88,164.39,130.99,33.4,0.512,0,0
REQ-002056,4,SUBURB_NORTH,TECH_CORRIDOR,STANDARD,13.93,29.0,DRIZZLE,0.0,10.0,10.7,0.13,0,12,18,1.5,REGULAR,30.56,0.1,0.0,0.175,0.0,1.28,39.12,30.2,8.92,0.8158,1,0
REQ-002057,16,DOWNTOWN,AIRPORT,PREMIUM,6.11,16.3,CLEAR,0.0,10.0,26.3,0.33,0,34,33,0.97,GOLD,38.97,0.0,0.027,0.0,0.0,1.03,40.14,30.22,9.92,0.9288,1,0
REQ-002058,14,FINANCIAL_DISTRICT,DOWNTOWN,PREMIUM,15.93,48.5,BLIZZARD,52.3,1.8,-9.0,0.14,0,25,44,1.76,GOLD,93.83,1.2,0.0,0.266,0.0,2.47,231.76,187.61,44.15,0.2915,1,0
REQ-002059,23,DOWNTOWN,FINANCIAL_DISTRICT,XL,5.79,14.4,DRIZZLE,0.0,10.0,12.0,0.16,0,8,23,2.88,GOLD,26.8,0.1,0.0,0.658,0.15,1.91,51.19,40.83,10.36,0.6121,0,0
REQ-002060,20,TECH_CORRIDOR,SUBURB_NORTH,STANDARD,7.57,15.3,DRIZZLE,0.0,10.0,15.0,0.18,0,48,19,0.4,REGULAR,17.81,0.173,0.0,0.0,0.0,1.17,20.84,15.93,4.91,0.8522,1,0
REQ-002061,1,SUBURB_NORTH,DOWNTOWN,COMFORT,9.79,22.7,DRIZZLE,0.0,10.0,28.5,0.16,0,32,33,1.03,REGULAR,30.86,0.133,0.0,0.0,0.15,1.28,39.5,30.49,9.01,0.8158,0,0
REQ-002062,5,AIRPORT,SUBURB_NORTH,PREMIUM,27.72,50.0,SNOW,13.0,5.4,-9.2,0.12,0,8,72,9.0,GOLD,128.12,0.73,0.0,1.2,0.0,2.93,375.39,306.27,69.12,0.12,1,0
REQ-002063,1,SUBURB_NORTH,FINANCIAL_DISTRICT,XL,7.96,18.6,THUNDERSTORM,52.1,2.8,27.5,0.32,0,11,41,3.73,PLATINUM,33.88,1.2,0.023,0.955,0.15,3.33,112.82,92.51,20.31,0.0697,0,0
REQ-002064,3,DOWNTOWN,FINANCIAL_DISTRICT,PREMIUM,17.03,49.1,CLEAR,0.0,10.0,14.1,0.3,0,8,31,3.88,REGULAR,97.41,0.0,0.017,1.008,0.15,2.17,211.38,169.93,41.45,0.3434,0,0
REQ-002065,19,SUBURB_NORTH,AIRPORT,PREMIUM,3.75,9.5,CLEAR,0.0,10.0,11.8,0.64,0,15,34,2.27,REGULAR,26.57,0.031,0.395,0.444,0.25,2.12,56.33,45.22,11.11,0.371,1,0
REQ-002066,19,SUBURB_NORTH,AIRPORT,STANDARD,5.65,12.9,RAIN,3.8,7.6,23.8,0.65,0,50,57,1.14,GOLD,14.57,0.339,0.407,0.0,0.25,2.0,29.14,23.31,5.83,0.5597,1,0
REQ-002067,18,TECH_CORRIDOR,DOWNTOWN,XL,6.62,19.4,CLEAR,0.0,10.0,7.3,0.45,0,18,44,2.44,REGULAR,31.54,0.0,0.086,0.504,0.25,1.84,58.03,46.17,11.86,0.5359,1,0
REQ-002068,11,AIRPORT,DOWNTOWN,STANDARD,7.63,19.2,DRIZZLE,0.0,10.0,15.7,0.13,1,18,62,3.44,REGULAR,19.26,0.1,0.12,0.854,0.0,2.07,39.87,31.96,7.91,0.3994,1,0
REQ-002069,1,DOWNTOWN,AIRPORT,STANDARD,4.81,10.7,CLEAR,0.0,10.0,21.7,0.17,0,40,75,1.88,PLATINUM,12.75,0.0,0.0,0.308,0.15,1.46,18.61,14.54,4.07,0.8694,1,0
REQ-002070,5,AIRPORT,SUBURB_NORTH,STANDARD,19.97,40.1,THUNDERSTORM,44.0,1.1,15.4,0.18,0,34,49,1.44,PLATINUM,42.0,1.2,0.0,0.154,0.0,2.35,98.7,79.69,19.01,0.4403,0,0
REQ-002071,3,TECH_CORRIDOR,DOWNTOWN,XL,6.98,14.0,DRIZZLE,0.0,10.0,5.7,0.13,0,21,23,1.1,REGULAR,29.06,0.1,0.0,0.0,0.15,1.25,36.32,27.97,8.35,0.8264,0,0
REQ-002072,22,TECH_CORRIDOR,FINANCIAL_DISTRICT,COMFORT,9.54,24.4,BLIZZARD,49.1,0.9,-4.0,0.12,0,48,41,0.85,PLATINUM,31.22,1.2,0.0,0.0,0.0,2.2,68.68,55.26,13.42,0.53,1,0
REQ-002073,8,FINANCIAL_DISTRICT,SUBURB_NORTH,COMFORT,26.37,83.2,CLEAR,0.0,10.0,19.5,0.42,0,27,27,1.0,REGULAR,85.45,0.0,0.069,0.0,0.2,1.27,108.52,83.7,24.82,0.8194,1,0
REQ-002074,9,TECH_CORRIDOR,SUBURB_NORTH,PREMIUM,20.42,62.8,CLEAR,0.0,10.0,19.6,0.79,0,10,67,6.7,REGULAR,118.56,0.045,0.598,1.2,0.2,3.04,360.42,294.5,65.92,0.0609,0,0
REQ-002075,1,AIRPORT,DOWNTOWN,STANDARD,8.27,17.4,HEAVY_RAIN,34.8,0.7,23.6,0.35,0,17,46,2.71,GOLD,19.43,1.148,0.034,0.598,0.15,2.93,56.93,46.45,10.48,0.12,0,0
REQ-002076,2,FINANCIAL_DISTRICT,SUBURB_NORTH,XL,6.75,15.4,CLEAR,0.0,10.0,26.9,0.29,0,35,39,1.11,REGULAR,29.42,0.079,0.014,0.0,0.15,1.24,36.48,28.07,8.41,0.8298,1,0
REQ-002077,16,FINANCIAL_DISTRICT,AIRPORT,STANDARD,22.93,46.7,DRIZZLE,0.0,10.0,29.5,0.44,0,37,80,2.16,REGULAR,48.0,0.1,0.08,0.406,0.0,1.59,76.32,60.07,16.25,0.6779,1,0
REQ-002078,11,SUBURB_NORTH,DOWNTOWN,XL,6.7,20.3,THUNDERSTORM,38.3,2.1,7.1,0.2,0,54,64,1.19,REGULAR,32.25,1.2,0.0,0.0,0.0,2.2,70.95,57.08,13.87,0.3274,0,0
REQ-002079,23,DOWNTOWN,AIRPORT,XL,8.49,23.7,CLEAR,0.0,10.0,5.2,0.39,0,31,10,0.32,GOLD,38.05,0.0,0.053,0.0,0.15,1.2,45.66,35.01,10.65,0.8966,1,0
REQ-002080,12,AIRPORT,SUBURB_NORTH,PREMIUM,7.14,16.3,CLEAR,0.0,10.0,24.0,0.36,0,59,51,0.86,PLATINUM,41.85,0.0,0.039,0.0,0.0,1.04,43.52,32.81,10.71,0.948,1,0
REQ-002081,5,TECH_CORRIDOR,AIRPORT,XL,21.24,46.5,CLEAR,0.0,10.0,15.0,0.09,0,53,14,0.26,GOLD,78.5,0.0,0.0,0.0,0.0,1.0,78.5,58.88,19.62,0.9334,1,0
REQ-002082,22,AIRPORT,SUBURB_NORTH,STANDARD,17.13,35.8,CLEAR,0.0,10.0,29.9,0.42,1,34,73,2.15,REGULAR,36.94,0.0,0.189,0.402,0.0,1.59,58.73,46.23,12.5,0.6779,1,0
REQ-002083,19,FINANCIAL_DISTRICT,TECH_CORRIDOR,COMFORT,12.45,28.6,CLEAR,0.0,10.0,28.0,0.51,0,17,28,1.65,REGULAR,37.91,0.002,0.253,0.227,0.25,1.73,65.58,51.95,13.63,0.6006,1,0
REQ-002084,21,SUBURB_NORTH,TECH_CORRIDOR,STANDARD,27.82,57.8,CLEAR,0.0,10.0,22.1,0.11,1,12,77,6.42,GOLD,58.0,0.0,0.12,1.2,0.0,2.32,134.56,108.58,25.98,0.371,0,0
REQ-002085,14,TECH_CORRIDOR,FINANCIAL_DISTRICT,XL,26.56,59.2,RAIN,13.2,5.3,8.8,0.08,0,45,64,1.42,REGULAR,97.3,0.427,0.0,0.147,0.0,1.57,152.76,120.12,32.64,0.6883,0,0
REQ-002086,6,FINANCIAL_DISTRICT,DOWNTOWN,STANDARD,9.95,29.6,CLEAR,0.0,10.0,31.7,0.45,0,23,16,0.7,GOLD,25.8,0.051,0.086,0.0,0.0,1.14,29.41,22.42,6.99,0.9092,1,0
REQ-002087,17,AIRPORT,SUBURB_NORTH,STANDARD,2.7,7.9,CLEAR,0.0,10.0,26.6,0.59,0,13,14,1.08,PLATINUM,9.15,0.0,0.336,0.0,0.25,1.59,14.55,11.45,3.1,0.8298,1,0
REQ-002088,17,TECH_CORRIDOR,FINANCIAL_DISTRICT,XL,3.97,8.6,CLEAR,0.0,10.0,6.2,0.84,1,48,80,1.67,REGULAR,19.5,0.0,0.794,0.234,0.25,2.28,44.46,35.84,8.62,0.2866,0,0
REQ-002089,15,FINANCIAL_DISTRICT,AIRPORT,STANDARD,9.32,24.7,HEAVY_RAIN,54.2,1.0,8.5,0.13,0,21,36,1.71,REGULAR,23.29,1.2,0.0,0.248,0.0,2.45,57.06,46.17,10.89,0.2108,1,0
REQ-002090,0,DOWNTOWN,TECH_CORRIDOR,XL,3.72,6.9,CLEAR,0.0,10.0,15.7,0.3,1,15,40,2.67,REGULAR,17.95,0.0,0.137,0.584,0.15,1.87,33.57,26.74,6.83,0.518,1,0
REQ-002091,4,SUBURB_NORTH,AIRPORT,COMFORT,3.23,8.0,DRIZZLE,0.0,10.0,8.5,0.43,0,52,69,1.33,REGULAR,13.43,0.1,0.074,0.116,0.0,1.29,17.32,13.38,3.94,0.8121,1,0
REQ-002092,14,SUBURB_NORTH,DOWNTOWN,PREMIUM,20.6,63.2,CLEAR,0.0,10.0,17.9,0.2,1,40,71,1.77,REGULAR,119.4,0.0,0.12,0.269,0.0,1.39,165.97,129.13,36.84,0.7728,1,0
REQ-002093,5,FINANCIAL_DISTRICT,DOWNTOWN,COMFORT,17.98,48.6,CLEAR,0.0,10.0,18.7,0.16,1,24,50,2.08,REGULAR,56.04,0.0,0.12,0.378,0.0,1.5,84.06,65.85,18.21,0.7231,1,0
REQ-002094,3,TECH_CORRIDOR,DOWNTOWN,PREMIUM,23.54,49.7,CLEAR,0.0,10.0,29.3,0.43,0,27,15,0.56,REGULAR,116.16,0.0,0.074,0.0,0.15,1.22,141.72,108.85,32.87,0.8364,1,0
REQ-002095,19,DOWNTOWN,SUBURB_NORTH,PREMIUM,22.93,57.6,CLEAR,0.0,10.0,20.4,0.64,0,54,27,0.5,REGULAR,121.16,0.012,0.396,0.0,0.25,1.66,201.13,158.84,42.29,0.6401,0,0
REQ-002096,21,AIRPORT,FINANCIAL_DISTRICT,COMFORT,17.17,41.7,DRIZZLE,0.0,10.0,11.8,0.14,0,37,11,0.3,REGULAR,51.6,0.165,0.0,0.0,0.0,1.17,60.37,46.15,14.22,0.8522,1,0
REQ-002097,8,SUBURB_NORTH,DOWNTOWN,XL,7.13,18.4,CLEAR,0.0,10.0,23.5,0.71,0,22,50,2.27,REGULAR,32.01,0.0,0.484,0.444,0.2,2.13,68.18,54.75,13.43,0.3654,0,0
REQ-002098,16,DOWNTOWN,TECH_CORRIDOR,PREMIUM,13.86,38.5,HEAVY_RAIN,41.5,2.5,30.0,0.34,0,59,23,0.39,GOLD,79.54,1.017,0.03,0.0,0.0,2.05,163.06,130.65,32.41,0.53,1,0
REQ-002099,8,DOWNTOWN,TECH_CORRIDOR,COMFORT,19.66,35.6,CLEAR,0.0,10.0,25.4,0.74,1,15,32,2.13,REGULAR,52.96,0.0,0.647,0.395,0.2,2.24,118.63,95.54,23.09,0.3066,1,0
REQ-002100,8,SUBURB_NORTH,AIRPORT,PREMIUM,15.97,29.1,CLEAR,0.0,10.0,29.0,0.84,0,13,76,5.85,REGULAR,77.45,0.068,0.675,1.2,0.2,3.14,243.19,198.97,44.22,0.0485,0,0
REQ-002101,15,FINANCIAL_DISTRICT,TECH_CORRIDOR,COMFORT,22.01,48.9,CLEAR,0.0,10.0,12.0,0.24,1,9,25,2.78,REGULAR,62.82,0.0,0.123,0.623,0.0,1.75,109.94,87.17,22.77,0.589,1,0
REQ-002102,1,DOWNTOWN,AIRPORT,COMFORT,6.08,14.9,DRIZZLE,0.0,10.0,22.8,0.35,0,32,64,2.0,GOLD,21.24,0.1,0.034,0.35,0.15,1.63,34.62,27.3,7.32,0.7555,1,0
REQ-002103,1,TECH_CORRIDOR,SUBURB_NORTH,XL,17.62,51.7,RAIN,10.7,4.2,26.5,0.44,0,46,74,1.61,PLATINUM,74.02,0.37,0.08,0.214,0.15,1.81,133.98,106.48,27.5,0.7419,1,0
REQ-002104,16,AIRPORT,TECH_CORRIDOR,COMFORT,9.37,17.2,CLEAR,0.0,10.0,30.1,0.07,0,26,41,1.58,REGULAR,27.7,0.0,0.0,0.203,0.0,1.2,33.24,25.48,7.76,0.8429,1,0
REQ-002105,3,AIRPORT,SUBURB_NORTH,PREMIUM,23.21,44.9,CLEAR,0.0,10.0,14.9,0.38,1,23,44,1.91,REGULAR,111.15,0.0,0.168,0.318,0.15,1.64,182.29,143.83,38.46,0.6511,0,0
REQ-002106,21,AIRPORT,FINANCIAL_DISTRICT,COMFORT,11.21,26.2,CLEAR,0.0,10.0,5.8,0.44,0,16,50,3.12,REGULAR,34.79,0.026,0.08,0.742,0.0,1.85,64.36,51.23,13.13,0.53,0,0
REQ-002107,3,FINANCIAL_DISTRICT,AIRPORT,STANDARD,3.9,8.9,DRIZZLE,0.0,10.0,8.1,0.41,2,8,72,9.0,REGULAR,10.99,0.133,0.303,1.2,0.15,2.79,30.66,24.96,5.7,0.1056,0,0
REQ-002108,4,TECH_CORRIDOR,FINANCIAL_DISTRICT,STANDARD,22.39,51.6,CLEAR,0.0,10.0,31.4,0.12,0,36,41,1.14,GOLD,49.05,0.0,0.0,0.0,0.0,1.0,49.05,36.79,12.26,0.9334,1,0
REQ-002109,3,FINANCIAL_DISTRICT,SUBURB_NORTH,COMFORT,10.22,24.5,HEAVY_RAIN,24.3,2.2,23.0,0.34,0,34,20,0.59,REGULAR,32.39,0.853,0.03,0.0,0.15,2.03,65.75,52.65,13.1,0.4226,0,0
REQ-002110,10,AIRPORT,SUBURB_NORTH,COMFORT,13.4,38.6,CLEAR,0.0,10.0,9.2,0.34,0,14,44,3.14,GOLD,43.98,0.0,0.03,0.749,0.0,1.78,78.28,62.14,16.14,0.6831,1,0
REQ-002111,11,AIRPORT,DOWNTOWN,COMFORT,22.78,45.3,DRIZZLE,0.0,10.0,21.0,0.25,0,55,52,0.95,GOLD,62.47,0.129,0.005,0.0,0.0,1.13,70.59,53.75,16.84,0.9112,1,0
REQ-002112,10,TECH_CORRIDOR,DOWNTOWN,XL,2.73,8.0,CLEAR,0.0,10.0,18.4,0.09,0,60,67,1.12,GOLD,16.53,0.0,0.0,0.0,0.0,1.0,16.53,12.4,4.13,0.9334,1,0
REQ-002113,15,AIRPORT,FINANCIAL_DISTRICT,XL,6.7,18.7,CLEAR,0.0,10.0,18.0,0.41,0,45,41,0.91,REGULAR,31.29,0.0,0.063,0.0,0.0,1.06,33.17,25.07,8.1,0.8825,1,0
REQ-002114,16,DOWNTOWN,FINANCIAL_DISTRICT,PREMIUM,2.23,5.8,THUNDERSTORM,35.6,1.9,8.4,0.23,0,39,69,1.77,REGULAR,19.17,1.2,0.002,0.269,0.0,2.47,47.35,38.33,9.02,0.2029,0,0
REQ-002115,18,TECH_CORRIDOR,AIRPORT,XL,18.98,44.3,CLEAR,0.0,10.0,8.3,0.51,0,24,55,2.29,GOLD,72.44,0.047,0.253,0.451,0.25,2.0,144.88,115.9,28.98,0.5597,0,0
REQ-002116,19,DOWNTOWN,FINANCIAL_DISTRICT,PREMIUM,3.57,10.6,HEAVY_RAIN,52.6,0.9,22.1,0.41,0,16,56,3.5,REGULAR,27.01,1.2,0.063,0.875,0.25,3.39,91.56,75.12,16.44,0.0272,0,0
REQ-002117,1,DOWNTOWN,TECH_CORRIDOR,XL,7.23,20.0,CLEAR,0.0,10.0,15.0,0.14,0,45,48,1.07,REGULAR,33.18,0.0,0.0,0.0,0.15,1.15,38.16,29.12,9.04,0.8581,1,0
REQ-002118,18,TECH_CORRIDOR,AIRPORT,XL,26.38,64.5,CLEAR,0.0,10.0,23.5,0.44,0,24,63,2.62,GOLD,100.1,0.0,0.08,0.567,0.25,1.9,190.19,151.65,38.54,0.6177,1,0
REQ-002119,3,AIRPORT,SUBURB_NORTH,XL,23.91,67.6,CLEAR,0.0,10.0,24.6,0.25,0,50,28,0.56,REGULAR,96.77,0.0,0.005,0.0,0.15,1.15,111.29,84.92,26.37,0.8581,1,0
REQ-002120,0,FINANCIAL_DISTRICT,AIRPORT,COMFORT,26.23,57.5,CLEAR,0.0,10.0,21.2,0.39,0,14,69,4.93,REGULAR,73.66,0.0,0.053,1.2,0.15,2.4,176.78,142.9,33.88,0.2315,0,0
REQ-002121,10,DOWNTOWN,SUBURB_NORTH,STANDARD,9.23,28.5,DRIZZLE,0.0,10.0,7.7,0.2,0,9,54,6.0,REGULAR,24.51,0.1,0.0,1.2,0.0,2.3,56.37,45.46,10.91,0.2769,1,0
REQ-002122,21,FINANCIAL_DISTRICT,AIRPORT,STANDARD,14.4,39.0,DRIZZLE,0.0,10.0,20.9,0.43,0,16,66,4.12,GOLD,34.65,0.1,0.074,1.092,0.0,2.27,78.66,63.4,15.26,0.3994,0,0
REQ-002123,10,SUBURB_NORTH,TECH_CORRIDOR,XL,6.75,18.1,DRIZZLE,0.0,10.0,10.9,0.38,0,54,27,0.5,GOLD,31.04,0.108,0.048,0.0,0.0,1.16,36.01,27.5,8.51,0.9052,1,0
REQ-002124,3,FINANCIAL_DISTRICT,TECH_CORRIDOR,COMFORT,4.08,12.8,CLEAR,0.0,10.0,8.7,0.23,0,48,42,0.88,PLATINUM,16.99,0.0,0.002,0.0,0.15,1.15,19.54,14.91,4.63,0.9334,1,0
REQ-002125,11,SUBURB_NORTH,TECH_CORRIDOR,XL,7.63,19.0,THUNDERSTORM,39.1,0.8,5.7,0.27,0,37,38,1.03,REGULAR,33.42,1.2,0.009,0.0,0.0,2.21,73.86,59.44,14.42,0.3221,0,0
REQ-002126,14,AIRPORT,DOWNTOWN,PREMIUM,18.19,54.2,CLEAR,0.0,10.0,27.4,0.44,0,25,20,0.8,GOLD,105.0,0.0,0.08,0.0,0.0,1.08,113.4,85.89,27.51,0.9204,1,0
REQ-002127,19,DOWNTOWN,AIRPORT,PREMIUM,19.42,62.1,DRIZZLE,0.0,10.0,29.2,0.47,2,46,17,0.37,REGULAR,115.16,0.1,0.339,0.0,0.25,1.69,194.62,153.91,40.71,0.6234,1,0
REQ-002128,3,TECH_CORRIDOR,SUBURB_NORTH,STANDARD,24.66,77.0,CLEAR,0.0,10.0,27.8,0.19,0,52,51,0.98,REGULAR,60.77,0.075,0.0,0.0,0.15,1.22,74.14,56.94,17.2,0.8364,1,0
REQ-002129,19,FINANCIAL_DISTRICT,AIRPORT,COMFORT,3.96,8.9,THUNDERSTORM,55.7,1.8,17.5,0.61,0,20,31,1.55,REGULAR,15.03,1.2,0.359,0.193,0.25,3.0,45.09,36.82,8.27,0.0666,0,0
REQ-002130,9,TECH_CORRIDOR,DOWNTOWN,PREMIUM,24.46,74.4,THUNDERSTORM,38.6,0.5,30.8,0.45,2,36,75,2.08,REGULAR,139.73,1.2,0.326,0.378,0.2,3.1,433.16,354.21,78.95,0.0532,0,0
REQ-002131,0,AIRPORT,TECH_CORRIDOR,XL,10.86,27.8,DRIZZLE,0.0,10.0,20.5,0.18,0,36,32,0.89,PLATINUM,45.49,0.1,0.0,0.0,0.15,1.25,56.86,43.78,13.08,0.9168,1,0
REQ-002132,13,TECH_CORRIDOR,AIRPORT,PREMIUM,5.33,10.9,SNOW,4.3,7.6,-4.7,0.37,0,25,51,2.04,PLATINUM,32.19,0.542,0.043,0.364,0.0,1.95,62.77,50.14,12.63,0.6726,0,0
REQ-002133,8,AIRPORT,TECH_CORRIDOR,COMFORT,4.76,14.4,DRIZZLE,0.0,10.0,30.1,0.49,0,35,58,1.66,REGULAR,18.83,0.1,0.113,0.231,0.2,1.64,30.88,24.36,6.52,0.6511,0,0
REQ-002134,19,SUBURB_NORTH,TECH_CORRIDOR,XL,15.86,38.5,CLEAR,0.0,10.0,25.3,0.69,0,17,64,3.76,REGULAR,62.41,0.0,0.459,0.966,0.25,2.67,166.63,135.39,31.24,0.1361,1,0
REQ-002135,6,SUBURB_NORTH,FINANCIAL_DISTRICT,PREMIUM,15.99,48.8,CLEAR,0.0,10.0,6.4,0.16,0,35,44,1.26,REGULAR,94.25,0.072,0.0,0.091,0.0,1.16,109.33,83.51,25.82,0.8552,1,0
REQ-002136,14,TECH_CORRIDOR,FINANCIAL_DISTRICT,XL,27.54,87.6,CLEAR,0.0,10.0,12.3,0.07,0,30,18,0.6,GOLD,116.39,0.0,0.0,0.0,0.0,1.0,116.39,87.29,29.1,0.9334,1,0
REQ-002137,18,AIRPORT,TECH_CORRIDOR,COMFORT,27.63,84.5,CLEAR,0.0,10.0,6.4,0.75,0,54,30,0.56,REGULAR,88.11,0.073,0.54,0.0,0.25,1.86,163.88,130.49,33.39,0.524,1,0
REQ-002138,15,AIRPORT,TECH_CORRIDOR,STANDARD,5.67,13.3,FOG,0.0,10.0,31.7,0.15,1,57,53,0.93,REGULAR,14.75,0.2,0.12,0.0,0.0,1.32,19.47,15.07,4.4,0.8009,1,0
REQ-002139,9,TECH_CORRIDOR,AIRPORT,STANDARD,11.55,23.1,CLEAR,0.0,10.0,25.9,0.4,0,8,52,6.5,PLATINUM,25.53,0.0,0.058,1.2,0.2,2.46,62.8,50.83,11.97,0.3766,0,0
REQ-002140,6,FINANCIAL_DISTRICT,TECH_CORRIDOR,STANDARD,20.14,42.0,THUNDERSTORM,30.7,2.6,31.3,0.21,0,40,51,1.27,REGULAR,42.88,1.164,0.0,0.095,0.0,2.26,96.91,78.09,18.82,0.2965,0,0
REQ-002141,15,AIRPORT,TECH_CORRIDOR,PREMIUM,23.23,42.7,RAIN,8.1,4.1,12.4,0.38,0,36,14,0.39,PLATINUM,109.34,0.341,0.048,0.0,0.0,1.39,151.98,118.25,33.73,0.8874,1,0
REQ-002142,9,TECH_CORRIDOR,DOWNTOWN,PREMIUM,27.79,84.7,CLEAR,0.0,10.0,20.1,0.73,0,23,74,3.22,PLATINUM,157.81,0.0,0.512,0.777,0.2,2.49,392.95,318.23,74.72,0.3599,0,0
REQ-002143,9,FINANCIAL_DISTRICT,DOWNTOWN,XL,25.19,70.3,HEAVY_RAIN,49.6,1.1,15.1,0.59,0,42,73,1.74,REGULAR,101.08,1.2,0.338,0.259,0.2,3.0,303.24,247.65,55.59,0.0666,0,0
REQ-002144,23,SUBURB_NORTH,AIRPORT,COMFORT,18.32,39.4,RAIN,9.0,5.9,16.3,0.32,0,16,36,2.25,GOLD,52.46,0.351,0.023,0.438,0.15,1.96,102.82,82.15,20.67,0.5832,1,0
REQ-002145,0,TECH_CORRIDOR,FINANCIAL_DISTRICT,STANDARD,10.17,29.5,CLEAR,0.0,10.0,27.2,0.44,2,53,44,0.83,PLATINUM,26.03,0.0,0.32,0.0,0.15,1.47,38.26,29.92,8.34,0.8667,1,0
REQ-002146,11,AIRPORT,TECH_CORRIDOR,PREMIUM,26.02,64.4,HEAVY_RAIN,46.7,0.8,30.7,0.2,1,28,63,2.25,REGULAR,135.6,1.2,0.12,0.438,0.0,2.76,374.26,304.56,69.7,0.1126,0,0
REQ-002147,9,TECH_CORRIDOR,DOWNTOWN,STANDARD,12.45,36.7,CLEAR,0.0,10.0,22.6,0.75,0,60,61,1.02,PLATINUM,31.41,0.0,0.541,0.0,0.2,1.74,54.65,43.31,11.34,0.7728,0,0
REQ-002148,12,SUBURB_NORTH,TECH_CORRIDOR,PREMIUM,24.39,60.3,CLEAR,0.0,10.0,14.5,0.32,0,16,65,4.06,REGULAR,127.54,0.0,0.023,1.071,0.0,2.09,266.56,213.82,52.74,0.3879,0,0
REQ-002149,19,FINANCIAL_DISTRICT,DOWNTOWN,PREMIUM,11.46,25.2,CLEAR,0.0,10.0,18.4,0.65,0,31,48,1.55,GOLD,61.51,0.0,0.408,0.193,0.25,1.85,113.79,90.57,23.22,0.6457,1,0
REQ-002150,22,DOWNTOWN,TECH_CORRIDOR,STANDARD,19.86,51.2,CLEAR,0.0,10.0,29.0,0.38,0,49,77,1.57,REGULAR,45.74,0.0,0.048,0.2,0.0,1.25,57.18,44.03,13.15,0.8264,1,0
REQ-002151,13,DOWNTOWN,FINANCIAL_DISTRICT,PREMIUM,22.81,45.5,HEAVY_RAIN,37.3,2.0,11.6,0.09,0,42,34,0.81,PLATINUM,110.54,1.041,0.0,0.0,0.0,2.04,225.5,180.62,44.88,0.6234,0,0
REQ-002152,3,FINANCIAL_DISTRICT,AIRPORT,STANDARD,25.32,49.4,RAIN,9.1,6.7,15.8,0.26,0,31,27,0.87,REGULAR,51.94,0.352,0.007,0.0,0.15,1.51,78.43,61.47,16.96,0.7183,1,0
REQ-002153,13,TECH_CORRIDOR,SUBURB_NORTH,STANDARD,10.93,23.9,DRIZZLE,0.0,10.0,30.3,0.33,0,36,79,2.19,REGULAR,25.02,0.1,0.027,0.416,0.0,1.54,38.53,30.25,8.28,0.7035,1,0
REQ-002154,13,DOWNTOWN,AIRPORT,XL,11.08,26.1,THUNDERSTORM,37.3,2.7,22.7,0.39,0,53,78,1.47,REGULAR,44.93,1.2,0.053,0.164,0.0,2.42,108.73,87.93,20.8,0.223,0,0
REQ-002155,1,SUBURB_NORTH,FINANCIAL_DISTRICT,XL,26.56,62.2,DRIZZLE,0.0,10.0,21.2,0.45,0,35,26,0.74,REGULAR,99.1,0.107,0.086,0.0,0.15,1.34,132.79,102.96,29.83,0.7931,1,0
REQ-002156,18,TECH_CORRIDOR,AIRPORT,PREMIUM,12.94,40.5,CLEAR,0.0,10.0,26.6,0.64,1,41,56,1.37,GOLD,78.65,0.0,0.516,0.13,0.25,1.9,149.44,119.16,30.28,0.6177,1,0
REQ-002157,19,TECH_CORRIDOR,SUBURB_NORTH,COMFORT,13.29,34.4,HEAVY_RAIN,21.9,2.5,5.1,0.82,0,46,17,0.37,REGULAR,41.91,0.796,0.643,0.0,0.25,2.69,112.74,91.64,21.1,0.1306,0,0
REQ-002158,14,AIRPORT,FINANCIAL_DISTRICT,STANDARD,6.88,21.6,CLEAR,0.0,10.0,29.7,0.39,0,10,45,4.5,GOLD,19.16,0.0,0.053,1.2,0.0,2.25,43.11,34.73,8.38,0.411,0,0
REQ-002159,13,SUBURB_NORTH,FINANCIAL_DISTRICT,XL,23.2,65.2,DRIZZLE,0.0,10.0,9.1,0.18,0,23,37,1.61,PLATINUM,93.84,0.1,0.0,0.214,0.0,1.31,122.93,95.11,27.82,0.9052,1,0
REQ-002160,4,TECH_CORRIDOR,FINANCIAL_DISTRICT,XL,6.9,13.7,CLEAR,0.0,10.0,23.2,0.16,0,28,50,1.79,PLATINUM,28.71,0.0,0.0,0.276,0.0,1.28,36.75,28.37,8.38,0.9112,1,0
REQ-002161,1,TECH_CORRIDOR,AIRPORT,STANDARD,19.49,59.5,CLEAR,0.0,10.0,12.6,0.35,0,31,11,0.35,GOLD,48.18,0.0,0.034,0.0,0.15,1.18,56.85,43.5,13.35,0.901,1,0
REQ-002162,20,FINANCIAL_DISTRICT,AIRPORT,COMFORT,15.4,46.2,SNOW,9.8,7.2,-11.0,0.42,2,47,11,0.23,REGULAR,50.7,0.73,0.309,0.0,0.0,2.04,103.43,82.85,20.58,0.4168,1,0
REQ-002163,7,TECH_CORRIDOR,FINANCIAL_DISTRICT,COMFORT,19.62,54.6,THUNDERSTORM,25.2,2.7,17.8,0.62,0,33,18,0.55,REGULAR,61.44,1.064,0.371,0.0,0.2,2.64,162.2,131.73,30.47,0.1448,0,0
REQ-002164,3,SUBURB_NORTH,FINANCIAL_DISTRICT,XL,10.33,26.7,CLEAR,0.0,10.0,30.3,0.21,0,51,41,0.8,REGULAR,43.71,0.0,0.0,0.0,0.15,1.15,50.27,38.36,11.91,0.8581,1,0
REQ-002165,4,TECH_CORRIDOR,FINANCIAL_DISTRICT,XL,6.66,18.6,SNOW,7.1,7.7,-1.7,0.14,0,18,70,3.89,REGULAR,31.15,0.545,0.0,1.012,0.0,2.56,79.74,64.66,15.08,0.1702,0,0
REQ-002166,15,TECH_CORRIDOR,AIRPORT,COMFORT,25.18,74.0,CLEAR,0.0,10.0,24.0,0.08,1,46,15,0.33,REGULAR,79.35,0.032,0.12,0.0,0.0,1.15,91.25,69.63,21.62,0.8581,0,0
REQ-002167,7,TECH_CORRIDOR,DOWNTOWN,COMFORT,27.65,63.2,DRIZZLE,0.0,10.0,26.3,0.7,1,26,33,1.27,REGULAR,78.56,0.1,0.592,0.095,0.2,1.99,156.33,125.02,31.31,0.4462,0,0
REQ-002168,12,SUBURB_NORTH,FINANCIAL_DISTRICT,COMFORT,2.87,8.9,HEAVY_RAIN,48.9,1.3,7.4,0.16,0,21,60,2.86,REGULAR,13.24,1.2,0.0,0.651,0.0,2.85,37.73,30.75,6.98,0.0928,0,0
REQ-002169,22,FINANCIAL_DISTRICT,TECH_CORRIDOR,STANDARD,8.57,17.3,CLEAR,0.0,10.0,6.5,0.12,0,53,74,1.4,REGULAR,19.76,0.0,0.0,0.14,0.0,1.14,22.53,17.17,5.36,0.861,1,0
REQ-002170,15,TECH_CORRIDOR,DOWNTOWN,PREMIUM,25.97,58.4,CLEAR,0.0,10.0,21.2,0.27,0,10,15,1.5,GOLD,130.36,0.0,0.009,0.175,0.0,1.18,153.82,117.71,36.11,0.901,1,0
REQ-002171,20,FINANCIAL_DISTRICT,AIRPORT,XL,15.38,46.2,SNOW,14.2,7.5,-9.5,0.24,0,37,13,0.35,REGULAR,66.02,0.75,0.003,0.0,0.0,1.75,115.53,91.6,23.93,0.589,1,0
REQ-002172,12,SUBURB_NORTH,FINANCIAL_DISTRICT,COMFORT,6.78,14.9,CLEAR,0.0,10.0,26.3,0.22,0,60,18,0.3,REGULAR,22.4,0.01,0.001,0.0,0.0,1.01,22.62,16.99,5.63,0.8944,1,0
REQ-002173,10,FINANCIAL_DISTRICT,SUBURB_NORTH,STANDARD,14.1,35.2,BLIZZARD,50.3,2.5,-13.4,0.45,0,30,56,1.87,PLATINUM,32.94,1.2,0.086,0.304,0.0,2.59,85.31,69.22,16.09,0.3066,0,0
REQ-002174,7,SUBURB_NORTH,DOWNTOWN,STANDARD,22.43,60.5,RAIN,8.4,5.3,9.9,0.73,0,13,11,0.85,REGULAR,52.21,0.379,0.513,0.0,0.2,2.09,109.12,87.53,21.59,0.3879,1,0
REQ-002175,15,FINANCIAL_DISTRICT,SUBURB_NORTH,STANDARD,21.04,47.8,THUNDERSTORM,45.4,2.6,10.3,0.14,0,12,46,3.83,REGULAR,46.03,1.2,0.0,0.99,0.0,3.19,146.84,120.21,26.63,0.0433,0,0
REQ-002176,17,FINANCIAL_DISTRICT,DOWNTOWN,COMFORT,18.09,44.5,CLEAR,0.0,10.0,26.3,0.67,1,9,35,3.89,REGULAR,54.38,0.0,0.552,1.012,0.25,2.81,152.81,124.45,28.36,0.1012,0,0
REQ-002177,1,AIRPORT,FINANCIAL_DISTRICT,COMFORT,6.32,17.0,CLEAR,0.0,10.0,31.7,0.42,0,43,43,1.0,REGULAR,22.58,0.0,0.069,0.0,0.15,1.22,27.55,21.16,6.39,0.8364,1,0
REQ-002178,14,TECH_CORRIDOR,AIRPORT,COMFORT,17.69,54.7,CLEAR,0.0,10.0,10.7,0.17,0,47,13,0.28,REGULAR,58.31,0.081,0.0,0.0,0.0,1.08,62.97,47.69,15.28,0.8774,0,0
REQ-002179,12,TECH_CORRIDOR,FINANCIAL_DISTRICT,XL,9.89,23.8,CLEAR,0.0,10.0,13.3,0.22,2,44,49,1.11,REGULAR,41.05,0.0,0.241,0.0,0.0,1.24,50.9,39.16,11.74,0.8298,1,0
REQ-002180,5,FINANCIAL_DISTRICT,SUBURB_NORTH,STANDARD,15.76,35.8,CLEAR,0.0,10.0,22.1,0.24,0,56,28,0.5,REGULAR,35.23,0.0,0.003,0.0,0.0,1.0,35.23,26.42,8.81,0.8966,0,0
REQ-002181,7,FINANCIAL_DISTRICT,SUBURB_NORTH,PREMIUM,21.09,42.7,DRIZZLE,0.0,10.0,13.2,0.59,0,53,31,0.58,REGULAR,103.35,0.13,0.336,0.0,0.2,1.67,172.59,136.37,36.22,0.6346,1,0
REQ-002182,7,AIRPORT,TECH_CORRIDOR,COMFORT,7.0,19.2,CLEAR,0.0,10.0,11.8,0.59,0,14,48,3.43,REGULAR,24.69,0.045,0.338,0.851,0.2,2.43,60.0,48.53,11.47,0.2189,0,0
REQ-002183,16,DOWNTOWN,FINANCIAL_DISTRICT,PREMIUM,24.62,58.0,RAIN,7.6,7.0,19.0,0.24,0,25,42,1.68,REGULAR,126.24,0.336,0.003,0.238,0.0,1.58,199.46,156.92,42.54,0.6831,0,0
REQ-002184,19,DOWNTOWN,AIRPORT,XL,4.17,13.1,RAIN,8.0,4.3,23.0,0.78,0,49,40,0.82,GOLD,22.62,0.34,0.584,0.0,0.25,2.17,49.09,39.46,9.63,0.4581,0,0
REQ-002185,8,TECH_CORRIDOR,DOWNTOWN,STANDARD,12.27,34.8,CLEAR,0.0,10.0,20.8,0.69,0,39,41,1.05,REGULAR,30.52,0.023,0.459,0.0,0.2,1.68,51.27,40.53,10.74,0.629,1,0
REQ-002186,2,DOWNTOWN,FINANCIAL_DISTRICT,COMFORT,6.16,18.0,CLEAR,0.0,10.0,7.6,0.12,1,17,40,2.35,REGULAR,22.76,0.011,0.12,0.472,0.15,1.75,39.83,31.58,8.25,0.589,1,0
REQ-002187,20,FINANCIAL_DISTRICT,DOWNTOWN,COMFORT,8.3,24.5,RAIN,5.6,4.3,25.7,0.12,0,23,25,1.09,REGULAR,29.23,0.313,0.0,0.0,0.0,1.31,38.29,29.62,8.67,0.8047,0,0
REQ-002188,11,SUBURB_NORTH,FINANCIAL_DISTRICT,STANDARD,23.68,48.7,DRIZZLE,0.0,10.0,29.2,0.09,0,28,61,2.18,PLATINUM,49.64,0.167,0.0,0.413,0.0,1.58,78.43,61.7,16.73,0.8331,1,0
REQ-002189,20,DOWNTOWN,FINANCIAL_DISTRICT,STANDARD,19.95,54.2,FOG,0.0,10.0,25.2,0.2,0,21,32,1.52,PLATINUM,46.91,0.267,0.0,0.182,0.0,1.45,68.02,53.13,14.89,0.8721,1,0
REQ-002190,16,TECH_CORRIDOR,FINANCIAL_DISTRICT,XL,27.77,80.5,THUNDERSTORM,39.2,1.4,7.0,0.25,0,37,17,0.46,GOLD,112.62,1.2,0.005,0.0,0.0,2.21,248.89,200.29,48.6,0.4344,0,0
REQ-002191,5,SUBURB_NORTH,DOWNTOWN,COMFORT,14.55,37.0,THUNDERSTORM,53.8,0.6,21.8,0.34,0,42,35,0.83,REGULAR,45.16,1.2,0.03,0.0,0.0,2.23,100.71,81.09,19.62,0.3117,0,0
REQ-002192,21,DOWNTOWN,AIRPORT,COMFORT,6.36,14.8,CLEAR,0.0,10.0,15.1,0.33,0,42,39,0.93,REGULAR,21.65,0.0,0.027,0.0,0.0,1.03,22.3,16.79,5.51,0.8897,1,0
REQ-002193,20,AIRPORT,FINANCIAL_DISTRICT,PREMIUM,11.99,27.6,HEAVY_RAIN,55.4,0.7,8.0,0.28,0,55,37,0.67,REGULAR,65.03,1.2,0.011,0.0,0.0,2.21,143.72,115.66,28.06,0.3221,0,0
REQ-002194,3,DOWNTOWN,FINANCIAL_DISTRICT,STANDARD,12.42,31.1,RAIN,14.8,5.9,27.4,0.34,2,28,22,0.79,REGULAR,29.41,0.416,0.27,0.0,0.15,1.84,54.11,43.05,11.06,0.5359,1,0
REQ-002195,5,AIRPORT,FINANCIAL_DISTRICT,PREMIUM,13.5,39.0,CLEAR,0.0,10.0,21.6,0.24,0,21,12,0.57,REGULAR,78.95,0.0,0.003,0.0,0.0,1.0,78.95,59.21,19.74,0.8966,1,0
REQ-002196,2,AIRPORT,FINANCIAL_DISTRICT,STANDARD,17.82,39.1,CLEAR,0.0,10.0,14.3,0.37,1,24,74,3.08,REGULAR,38.96,0.0,0.163,0.728,0.15,2.04,79.48,63.66,15.82,0.4168,0,0
REQ-002197,16,SUBURB_NORTH,TECH_CORRIDOR,PREMIUM,3.62,10.5,CLEAR,0.0,10.0,17.2,0.34,0,9,67,7.44,REGULAR,27.06,0.0,0.03,1.2,0.0,2.23,60.34,48.58,11.76,0.3117,0,0
REQ-002198,0,DOWNTOWN,SUBURB_NORTH,COMFORT,10.37,29.1,CLEAR,0.0,10.0,29.4,0.23,0,54,27,0.5,REGULAR,34.71,0.0,0.002,0.0,0.15,1.15,39.92,30.46,9.46,0.8581,1,0
REQ-002199,5,DOWNTOWN,AIRPORT,COMFORT,2.28,4.4,CLEAR,0.0,10.0,10.2,0.41,0,12,15,1.25,REGULAR,10.24,0.0,0.063,0.087,0.0,1.15,11.78,8.99,2.79,0.8581,1,0
REQ-002200,20,DOWNTOWN,TECH_CORRIDOR,XL,3.67,10.1,RAIN,6.3,7.8,26.7,0.23,0,30,66,2.2,REGULAR,19.77,0.321,0.002,0.42,0.0,1.74,34.4,27.26,7.14,0.5948,0,0
REQ-002201,8,TECH_CORRIDOR,SUBURB_NORTH,COMFORT,18.4,35.4,HEAVY_RAIN,37.9,2.2,5.7,0.64,1,23,79,3.43,PLATINUM,50.79,1.006,0.517,0.851,0.2,3.5,177.76,146.02,31.74,0.0474,0,1
REQ-002202,8,TECH_CORRIDOR,DOWNTOWN,STANDARD,4.59,13.1,HEAVY_RAIN,33.4,1.5,26.5,0.6,0,29,26,0.9,REGULAR,13.32,1.026,0.347,0.0,0.2,2.57,34.23,27.76,6.47,0.1669,0,0
REQ-002203,3,DOWNTOWN,FINANCIAL_DISTRICT,PREMIUM,3.01,6.1,CLEAR,0.0,10.0,13.3,0.41,0,59,15,0.25,REGULAR,21.61,0.0,0.063,0.0,0.15,1.21,26.15,20.07,6.08,0.8397,1,0
REQ-002204,7,FINANCIAL_DISTRICT,DOWNTOWN,XL,20.3,46.5,CLEAR,0.0,10.0,18.6,0.61,1,20,29,1.45,REGULAR,76.53,0.0,0.479,0.157,0.2,1.84,140.82,112.04,28.78,0.5359,0,0
REQ-002205,7,TECH_CORRIDOR,FINANCIAL_DISTRICT,XL,15.63,40.3,CLEAR,0.0,10.0,18.6,0.61,0,20,37,1.85,REGULAR,63.0,0.0,0.359,0.297,0.2,1.86,117.18,93.3,23.88,0.524,1,0
REQ-002206,19,SUBURB_NORTH,DOWNTOWN,COMFORT,20.2,43.6,CLEAR,0.0,10.0,18.6,0.49,0,57,59,1.04,REGULAR,57.45,0.0,0.113,0.0,0.25,1.36,78.13,60.67,17.46,0.7852,1,0
REQ-002207,23,FINANCIAL_DISTRICT,TECH_CORRIDOR,COMFORT,17.22,36.6,RAIN,12.6,5.4,24.2,0.27,0,33,31,0.94,GOLD,49.38,0.392,0.009,0.0,0.15,1.55,76.54,60.12,16.42,0.7892,1,0
REQ-002208,0,FINANCIAL_DISTRICT,SUBURB_NORTH,COMFORT,23.59,70.8,THUNDERSTORM,45.2,0.6,7.8,0.15,0,52,27,0.52,REGULAR,75.28,1.2,0.0,0.0,0.15,2.35,176.91,142.85,34.06,0.2535,0,0
REQ-002209,6,FINANCIAL_DISTRICT,SUBURB_NORTH,XL,6.6,20.0,CLEAR,0.0,10.0,26.6,0.22,0,37,14,0.38,REGULAR,31.86,0.0,0.001,0.0,0.0,1.0,31.86,23.89,7.97,0.8966,1,0
REQ-002210,4,AIRPORT,DOWNTOWN,XL,7.29,22.0,CLEAR,0.0,10.0,7.8,0.41,0,29,71,2.45,REGULAR,34.51,0.0,0.063,0.508,0.0,1.57,54.18,42.6,11.58,0.6883,1,0
REQ-002211,12,DOWNTOWN,SUBURB_NORTH,COMFORT,24.26,69.8,CLEAR,0.0,10.0,8.0,0.11,1,34,44,1.29,GOLD,75.94,0.0,0.12,0.102,0.0,1.22,92.65,71.16,21.49,0.8921,1,0
REQ-002212,16,FINANCIAL_DISTRICT,SUBURB_NORTH,PREMIUM,9.5,24.9,FOG,0.0,10.0,9.7,0.13,0,47,77,1.64,GOLD,55.76,0.2,0.0,0.224,0.0,1.42,79.18,61.73,17.45,0.8364,1,0
REQ-002213,14,TECH_CORRIDOR,DOWNTOWN,XL,8.24,14.9,CLEAR,0.0,10.0,8.2,0.43,1,41,38,0.93,GOLD,32.24,0.0,0.194,0.0,0.0,1.19,38.37,29.39,8.98,0.8988,1,0
REQ-002214,17,TECH_CORRIDOR,FINANCIAL_DISTRICT,COMFORT,3.27,10.3,CLEAR,0.0,10.0,13.8,0.43,0,24,61,2.54,PLATINUM,14.54,0.0,0.074,0.539,0.25,1.86,27.04,21.53,5.51,0.7183,0,0
REQ-002215,23,FINANCIAL_DISTRICT,TECH_CORRIDOR,PREMIUM,26.43,59.0,CLEAR,0.0,10.0,27.1,0.16,0,55,59,1.07,REGULAR,132.15,0.0,0.0,0.0,0.15,1.15,151.97,115.96,36.01,0.8581,1,0
REQ-002216,19,TECH_CORRIDOR,SUBURB_NORTH,COMFORT,21.5,66.2,CLEAR,0.0,10.0,26.9,0.76,0,52,14,0.27,REGULAR,69.77,0.021,0.554,0.0,0.25,1.82,126.98,100.96,26.02,0.5479,1,0
REQ-002217,3,DOWNTOWN,SUBURB_NORTH,PREMIUM,4.17,10.9,CLEAR,0.0,10.0,9.4,0.34,0,8,42,5.25,GOLD,28.95,0.0,0.03,1.2,0.15,2.38,68.9,55.67,13.23,0.338,1,0
REQ-002218,16,SUBURB_NORTH,FINANCIAL_DISTRICT,PREMIUM,22.52,70.9,SNOW,10.7,4.5,-6.7,0.16,0,17,57,3.35,REGULAR,131.33,0.703,0.0,0.823,0.0,2.53,332.26,269.29,62.97,0.1806,0,0
REQ-002219,1,SUBURB_NORTH,TECH_CORRIDOR,PREMIUM,15.14,32.8,THUNDERSTORM,45.9,1.2,12.5,0.15,1,38,38,1.0,GOLD,78.27,1.2,0.12,0.0,0.15,2.47,193.33,156.5,36.83,0.2915,1,0
REQ-002220,11,TECH_CORRIDOR,SUBURB_NORTH,STANDARD,20.68,47.5,CLEAR,0.0,10.0,24.0,0.35,0,37,51,1.38,REGULAR,45.47,0.035,0.034,0.133,0.0,1.2,54.56,41.83,12.73,0.8429,1,0
REQ-002221,10,FINANCIAL_DISTRICT,TECH_CORRIDOR,COMFORT,17.42,32.1,CLEAR,0.0,10.0,20.5,0.29,0,32,66,2.06,REGULAR,47.69,0.0,0.014,0.371,0.0,1.39,66.29,51.58,14.71,0.7728,1,0
REQ-002222,23,DOWNTOWN,FINANCIAL_DISTRICT,XL,17.25,45.7,DRIZZLE,0.0,10.0,7.8,0.16,0,23,53,2.3,PLATINUM,69.65,0.1,0.0,0.455,0.15,1.71,119.1,94.27,24.83,0.7852,1,0
REQ-002223,19,DOWNTOWN,AIRPORT,XL,21.95,59.0,DRIZZLE,0.0,10.0,15.3,0.78,0,51,69,1.35,PLATINUM,87.49,0.1,0.585,0.123,0.25,2.06,180.23,144.45,35.78,0.6121,1,0
REQ-002224,2,SUBURB_NORTH,AIRPORT,STANDARD,22.73,43.7,CLEAR,0.0,10.0,8.5,0.1,0,14,77,5.5,REGULAR,46.7,0.0,0.0,1.2,0.15,2.35,109.75,88.62,21.13,0.2535,0,0
REQ-002225,19,AIRPORT,SUBURB_NORTH,XL,3.58,8.2,DRIZZLE,0.0,10.0,13.7,0.55,0,38,68,1.79,GOLD,18.44,0.1,0.293,0.276,0.25,1.92,35.4,28.25,7.15,0.6064,0,0
REQ-002226,21,AIRPORT,DOWNTOWN,PREMIUM,20.79,49.6,THUNDERSTORM,50.9,1.3,29.2,0.39,0,54,55,1.02,GOLD,108.37,1.2,0.053,0.0,0.0,2.25,243.83,196.42,47.41,0.411,0,0
REQ-002227,23,AIRPORT,DOWNTOWN,COMFORT,6.43,14.6,DRIZZLE,0.0,10.0,12.8,0.29,0,39,51,1.31,GOLD,21.68,0.1,0.014,0.109,0.15,1.37,29.7,23.08,6.62,0.8522,1,0
REQ-002228,13,SUBURB_NORTH,FINANCIAL_DISTRICT,XL,16.63,47.6,CLEAR,0.0,10.0,9.4,0.21,0,44,16,0.36,REGULAR,69.48,0.018,0.0,0.0,0.0,1.02,70.87,53.29,17.58,0.8921,1,0
REQ-002229,17,TECH_CORRIDOR,AIRPORT,XL,2.99,5.4,CLEAR,0.0,10.0,7.4,0.44,1,17,63,3.71,REGULAR,15.52,0.0,0.2,0.948,0.25,2.4,37.25,30.11,7.14,0.2315,0,0
REQ-002230,21,AIRPORT,FINANCIAL_DISTRICT,XL,3.8,12.1,SNOW,13.4,5.5,-12.6,0.08,1,35,31,0.89,REGULAR,21.24,0.803,0.12,0.0,0.0,1.92,40.78,32.54,8.24,0.488,1,0
REQ-002231,8,AIRPORT,FINANCIAL_DISTRICT,STANDARD,12.34,26.5,HEAVY_RAIN,23.0,1.8,18.5,0.6,0,30,34,1.13,REGULAR,27.7,0.879,0.349,0.0,0.2,2.43,67.31,54.44,12.87,0.2189,0,0
REQ-002232,15,DOWNTOWN,SUBURB_NORTH,STANDARD,20.51,54.5,CLEAR,0.0,10.0,28.9,0.45,0,59,39,0.66,REGULAR,47.71,0.0,0.086,0.0,0.0,1.09,52.0,39.43,12.57,0.8748,1,0
REQ-002233,13,AIRPORT,SUBURB_NORTH,STANDARD,15.76,35.0,DRIZZLE,0.0,10.0,28.4,0.12,1,46,35,0.76,REGULAR,34.95,0.1,0.12,0.0,0.0,1.22,42.64,32.75,9.89,0.8364,1,0
REQ-002234,18,TECH_CORRIDOR,DOWNTOWN,COMFORT,19.79,37.5,CLEAR,0.0,10.0,16.2,0.73,0,58,69,1.19,REGULAR,54.03,0.0,0.511,0.0,0.25,1.76,95.09,75.42,19.67,0.5832,0,0
REQ-002235,10,AIRPORT,TECH_CORRIDOR,PREMIUM,10.09,23.1,DRIZZLE,0.0,10.0,6.6,0.44,1,29,42,1.45,REGULAR,55.89,0.1,0.2,0.157,0.0,1.46,81.6,63.77,17.83,0.7419,0,0
REQ-002236,18,DOWNTOWN,FINANCIAL_DISTRICT,STANDARD,5.63,15.1,CLEAR,0.0,10.0,10.5,0.64,0,52,41,0.79,REGULAR,15.32,0.028,0.396,0.0,0.25,1.67,25.58,20.21,5.37,0.6346,0,0
REQ-002237,9,DOWNTOWN,AIRPORT,XL,19.65,62.4,BLIZZARD,40.8,1.3,-8.0,0.51,0,35,11,0.31,REGULAR,84.71,1.2,0.252,0.0,0.2,2.65,224.48,182.34,42.14,0.1419,0,0
REQ-002238,16,DOWNTOWN,SUBURB_NORTH,STANDARD,21.41,47.4,CLEAR,0.0,10.0,9.2,0.41,0,23,42,1.83,REGULAR,46.35,0.062,0.063,0.29,0.0,1.42,65.82,51.31,14.51,0.7599,1,0
REQ-002239,1,TECH_CORRIDOR,SUBURB_NORTH,COMFORT,3.42,8.9,CLEAR,0.0,10.0,13.8,0.12,0,22,56,2.55,REGULAR,14.14,0.0,0.0,0.542,0.15,1.69,23.9,18.9,5.0,0.6234,1,0
REQ-002240,8,SUBURB_NORTH,DOWNTOWN,COMFORT,11.73,24.1,CLEAR,0.0,10.0,25.7,0.44,0,45,48,1.07,GOLD,34.7,0.0,0.08,0.0,0.2,1.28,44.42,34.29,10.13,0.8774,1,0
REQ-002241,22,DOWNTOWN,TECH_CORRIDOR,XL,18.25,34.6,RAIN,6.3,7.3,15.6,0.45,0,17,40,2.35,GOLD,65.09,0.403,0.086,0.472,0.0,1.96,127.58,101.93,25.65,0.5832,1,0
REQ-002242,23,AIRPORT,DOWNTOWN,XL,6.42,19.4,CLEAR,0.0,10.0,18.4,0.15,0,40,70,1.75,GOLD,31.12,0.0,0.0,0.262,0.15,1.41,43.88,34.19,9.69,0.8397,1,0
REQ-002243,14,AIRPORT,DOWNTOWN,STANDARD,25.23,56.1,THUNDERSTORM,49.9,2.0,25.3,0.11,0,10,26,2.6,PLATINUM,54.17,1.2,0.0,0.56,0.0,2.76,149.51,121.67,27.84,0.2272,0,0
REQ-002244,1,DOWNTOWN,SUBURB_NORTH,STANDARD,14.0,42.8,HEAVY_RAIN,39.8,1.2,28.0,0.15,0,27,11,0.41,GOLD,35.48,1.128,0.0,0.0,0.15,2.28,80.89,65.21,15.68,0.3936,0,0
REQ-002245,10,FINANCIAL_DISTRICT,DOWNTOWN,PREMIUM,25.02,57.3,HEAVY_RAIN,39.5,1.2,9.8,0.42,0,56,61,1.09,REGULAR,126.76,1.124,0.069,0.0,0.0,2.19,277.6,223.28,54.32,0.3327,0,0
REQ-002246,12,AIRPORT,DOWNTOWN,XL,19.68,47.1,CLEAR,0.0,10.0,18.7,0.35,1,28,56,2.0,GOLD,75.59,0.0,0.154,0.35,0.0,1.5,113.39,88.82,24.57,0.8085,1,0
REQ-002247,9,DOWNTOWN,TECH_CORRIDOR,PREMIUM,16.55,43.3,FOG,0.0,10.0,20.3,0.74,0,8,53,6.62,REGULAR,91.14,0.2,0.526,1.2,0.2,3.13,285.27,233.37,51.9,0.0496,0,0
REQ-002248,6,DOWNTOWN,TECH_CORRIDOR,STANDARD,24.45,46.5,DRIZZLE,0.0,10.0,16.2,0.1,0,40,29,0.72,REGULAR,49.83,0.1,0.0,0.0,0.0,1.1,54.81,41.61,13.2,0.8721,1,0
REQ-002249,13,DOWNTOWN,AIRPORT,STANDARD,26.67,71.9,THUNDERSTORM,38.0,2.3,13.4,0.33,0,27,77,2.85,REGULAR,61.5,1.2,0.027,0.647,0.0,2.87,176.5,143.88,32.62,0.0888,0,0
REQ-002250,7,TECH_CORRIDOR,SUBURB_NORTH,COMFORT,4.22,10.1,CLEAR,0.0,10.0,9.4,0.52,0,19,33,1.74,GOLD,16.0,0.0,0.261,0.259,0.2,1.72,27.52,21.79,5.73,0.7134,0,0
REQ-002251,3,DOWNTOWN,TECH_CORRIDOR,XL,5.46,9.9,CLEAR,0.0,10.0,12.6,0.34,1,39,59,1.51,REGULAR,23.41,0.0,0.15,0.178,0.15,1.48,34.65,27.11,7.54,0.7326,1,0
REQ-002252,20,TECH_CORRIDOR,DOWNTOWN,PREMIUM,8.34,26.6,CLEAR,0.0,10.0,19.2,0.14,0,17,32,1.88,REGULAR,53.96,0.0,0.0,0.308,0.0,1.31,70.69,54.69,16.0,0.8047,1,0
REQ-002253,15,AIRPORT,TECH_CORRIDOR,PREMIUM,7.36,20.8,CLEAR,0.0,10.0,15.6,0.12,0,12,10,0.83,GOLD,46.29,0.001,0.0,0.0,0.0,1.0,46.29,34.72,11.57,0.9334,1,0
REQ-002254,4,DOWNTOWN,AIRPORT,COMFORT,14.19,25.9,CLEAR,0.0,10.0,19.1,0.17,0,55,51,0.93,REGULAR,39.56,0.0,0.0,0.0,0.0,1.0,39.56,29.67,9.89,0.8966,1,0
REQ-002255,4,AIRPORT,TECH_CORRIDOR,STANDARD,5.01,12.6,CLEAR,0.0,10.0,11.6,0.05,0,51,52,1.02,REGULAR,13.67,0.075,0.0,0.0,0.0,1.07,14.63,11.07,3.56,0.88,0,0
REQ-002256,21,FINANCIAL_DISTRICT,DOWNTOWN,XL,7.2,19.5,HEAVY_RAIN,48.4,0.7,30.1,0.08,0,59,36,0.61,REGULAR,32.82,1.2,0.0,0.0,0.0,2.2,72.2,58.09,14.11,0.3274,0,0
REQ-002257,9,SUBURB_NORTH,FINANCIAL_DISTRICT,PREMIUM,18.92,58.9,CLEAR,0.0,10.0,18.7,0.47,0,40,45,1.12,REGULAR,111.04,0.0,0.099,0.0,0.2,1.3,144.35,111.59,32.76,0.8085,1,0
REQ-002258,0,SUBURB_NORTH,DOWNTOWN,COMFORT,19.36,51.1,HEAVY_RAIN,39.6,1.0,22.1,0.35,0,24,53,2.21,REGULAR,59.44,1.145,0.034,0.423,0.15,2.75,163.46,133.0,30.46,0.1151,0,0
REQ-002259,10,AIRPORT,TECH_CORRIDOR,PREMIUM,23.59,61.7,CLEAR,0.0,10.0,26.8,0.15,0,43,17,0.4,REGULAR,126.5,0.017,0.0,0.0,0.0,1.02,129.03,97.03,32.0,0.8921,1,0
REQ-002260,9,SUBURB_NORTH,AIRPORT,COMFORT,9.39,28.1,RAIN,10.2,6.0,9.3,0.83,0,18,10,0.56,PLATINUM,32.64,0.365,0.659,0.0,0.2,2.22,72.46,58.33,14.13,0.518,1,0
REQ-002261,18,DOWNTOWN,SUBURB_NORTH,PREMIUM,13.48,32.1,CLEAR,0.0,10.0,15.8,0.79,0,16,75,4.69,PLATINUM,73.03,0.0,0.597,1.2,0.25,3.05,222.74,182.03,40.71,0.1279,0,0
REQ-002262,21,FINANCIAL_DISTRICT,TECH_CORRIDOR,STANDARD,23.83,64.8,CLEAR,0.0,10.0,30.1,0.06,0,27,43,1.59,REGULAR,55.47,0.0,0.0,0.207,0.0,1.21,67.12,51.51,15.61,0.8397,1,0
REQ-002263,13,AIRPORT,SUBURB_NORTH,PREMIUM,14.49,42.5,HEAVY_RAIN,23.1,2.7,29.8,0.22,2,55,14,0.25,GOLD,84.69,0.79,0.241,0.0,0.0,2.03,171.92,137.66,34.26,0.5419,0,0
REQ-002264,16,DOWNTOWN,SUBURB_NORTH,XL,20.73,58.9,CLEAR,0.0,10.0,30.5,0.31,0,56,34,0.61,REGULAR,84.87,0.0,0.02,0.0,0.0,1.02,86.57,65.1,21.47,0.8921,1,0
REQ-002265,13,DOWNTOWN,SUBURB_NORTH,STANDARD,6.01,14.7,CLEAR,0.0,10.0,20.2,0.14,1,41,73,1.78,REGULAR,15.65,0.0,0.12,0.273,0.0,1.39,21.75,16.92,4.83,0.7728,0,0
REQ-002266,7,SUBURB_NORTH,FINANCIAL_DISTRICT,STANDARD,19.39,35.7,THUNDERSTORM,48.5,1.9,19.8,0.47,0,35,60,1.71,GOLD,39.74,1.2,0.099,0.248,0.2,2.75,109.29,88.92,20.37,0.1736,0,0
REQ-002267,14,FINANCIAL_DISTRICT,TECH_CORRIDOR,COMFORT,26.55,55.2,CLEAR,0.0,10.0,25.9,0.44,0,8,68,8.5,REGULAR,73.15,0.0,0.08,1.2,0.0,2.28,166.78,134.45,32.33,0.2866,0,0
REQ-002268,9,DOWNTOWN,SUBURB_NORTH,PREMIUM,19.14,43.2,HEAVY_RAIN,53.9,2.0,18.2,0.52,0,23,19,0.83,REGULAR,98.31,1.2,0.261,0.0,0.2,2.66,261.5,212.44,49.06,0.139,0,0
REQ-002269,20,DOWNTOWN,SUBURB_NORTH,XL,27.68,84.5,CLEAR,0.0,10.0,25.1,0.31,0,40,64,1.6,REGULAR,114.83,0.0,0.02,0.21,0.0,1.23,141.24,108.57,32.67,0.8331,1,0
REQ-002270,18,FINANCIAL_DISTRICT,SUBURB_NORTH,COMFORT,27.51,54.8,RAIN,8.1,7.5,8.5,0.62,0,10,51,5.1,REGULAR,74.55,0.341,0.372,1.2,0.25,3.16,235.58,192.79,42.79,0.0464,0,0
REQ-002271,14,DOWNTOWN,SUBURB_NORTH,PREMIUM,5.18,11.6,RAIN,3.2,4.1,29.7,0.44,0,41,74,1.8,PLATINUM,32.36,0.286,0.08,0.28,0.0,1.65,53.39,42.15,11.24,0.8085,1,0
REQ-002272,12,SUBURB_NORTH,FINANCIAL_DISTRICT,XL,20.94,46.0,RAIN,5.8,6.3,31.2,0.16,0,28,58,2.07,REGULAR,77.57,0.315,0.0,0.374,0.0,1.69,131.09,103.67,27.42,0.6234,1,0
REQ-002273,4,FINANCIAL_DISTRICT,DOWNTOWN,COMFORT,26.94,61.7,THUNDERSTORM,41.7,1.1,26.4,0.3,1,45,15,0.33,REGULAR,76.72,1.2,0.137,0.0,0.0,2.34,179.52,144.92,34.6,0.2581,0,0
REQ-002274,2,AIRPORT,DOWNTOWN,XL,6.32,16.5,HEAVY_RAIN,32.5,1.6,21.9,0.06,0,16,41,2.56,REGULAR,29.17,1.033,0.0,0.546,0.15,2.73,79.63,64.77,14.86,0.12,0,0
REQ-002275,20,SUBURB_NORTH,TECH_CORRIDOR,PREMIUM,24.17,44.7,CLEAR,0.0,10.0,9.5,0.28,0,12,35,2.92,GOLD,113.68,0.0,0.011,0.672,0.0,1.68,190.98,150.96,40.02,0.7326,0,0
REQ-002276,9,DOWNTOWN,AIRPORT,PREMIUM,16.3,41.5,CLEAR,0.0,10.0,23.9,0.64,0,18,36,2.0,REGULAR,88.91,0.0,0.395,0.35,0.2,1.95,173.37,138.47,34.9,0.47,0,0
REQ-002277,16,SUBURB_NORTH,DOWNTOWN,COMFORT,12.01,28.0,CLEAR,0.0,10.0,5.1,0.42,0,15,38,2.53,REGULAR,36.92,0.0,0.069,0.535,0.0,1.6,59.07,46.52,12.55,0.6726,0,0
REQ-002278,14,DOWNTOWN,TECH_CORRIDOR,PREMIUM,3.47,8.4,CLEAR,0.0,10.0,17.2,0.1,0,50,80,1.6,REGULAR,24.86,0.0,0.0,0.21,0.0,1.21,30.08,23.08,7.0,0.8397,1,0
REQ-002279,14,FINANCIAL_DISTRICT,DOWNTOWN,COMFORT,15.8,50.2,CLEAR,0.0,10.0,16.8,0.25,0,51,11,0.22,REGULAR,53.16,0.0,0.005,0.0,0.0,1.0,53.16,39.87,13.29,0.8966,1,0
REQ-002280,5,SUBURB_NORTH,TECH_CORRIDOR,PREMIUM,4.88,14.7,CLEAR,0.0,10.0,21.1,0.12,0,37,18,0.49,REGULAR,34.15,0.0,0.0,0.0,0.0,1.0,34.15,25.61,8.54,0.8966,1,0
REQ-002281,3,TECH_CORRIDOR,SUBURB_NORTH,PREMIUM,26.65,74.0,DRIZZLE,0.0,10.0,13.3,0.19,0,27,48,1.78,REGULAR,145.52,0.1,0.0,0.273,0.15,1.52,221.19,173.46,47.73,0.7134,0,0
REQ-002282,19,TECH_CORRIDOR,FINANCIAL_DISTRICT,XL,5.63,13.4,DRIZZLE,0.0,10.0,6.3,0.63,0,14,24,1.71,REGULAR,25.86,0.1,0.384,0.248,0.25,1.98,51.2,40.93,10.27,0.4521,1,0
REQ-002283,9,FINANCIAL_DISTRICT,AIRPORT,XL,3.94,9.6,RAIN,8.9,4.1,14.9,0.74,0,46,79,1.72,REGULAR,20.03,0.35,0.526,0.252,0.2,2.33,46.67,37.67,9.0,0.2627,0,0
REQ-002284,5,DOWNTOWN,AIRPORT,XL,13.28,37.0,RAIN,6.8,7.8,6.4,0.17,0,20,40,2.0,GOLD,56.09,0.385,0.0,0.35,0.0,1.73,97.04,76.88,20.16,0.7085,0,0
REQ-002285,11,TECH_CORRIDOR,FINANCIAL_DISTRICT,COMFORT,9.82,31.0,CLEAR,0.0,10.0,25.8,0.19,0,29,70,2.41,GOLD,34.65,0.0,0.0,0.493,0.0,1.49,51.63,40.42,11.21,0.8121,0,0
REQ-002286,20,FINANCIAL_DISTRICT,TECH_CORRIDOR,COMFORT,15.92,28.8,CLEAR,0.0,10.0,9.5,0.32,0,13,58,4.46,REGULAR,43.73,0.0,0.023,1.2,0.0,2.22,97.08,78.14,18.94,0.3169,0,0
REQ-002287,23,SUBURB_NORTH,FINANCIAL_DISTRICT,PREMIUM,17.08,41.8,CLEAR,0.0,10.0,16.3,0.43,0,9,36,4.0,REGULAR,91.35,0.023,0.074,1.05,0.15,2.3,210.1,169.45,40.65,0.2769,0,0
REQ-002288,13,AIRPORT,TECH_CORRIDOR,PREMIUM,21.55,59.8,CLEAR,0.0,10.0,20.4,0.42,0,54,45,0.83,REGULAR,119.17,0.042,0.069,0.0,0.0,1.11,132.28,100.52,31.76,0.8694,1,0
REQ-002289,12,FINANCIAL_DISTRICT,AIRPORT,COMFORT,15.27,42.4,CLEAR,0.0,10.0,11.5,0.4,1,40,56,1.4,REGULAR,48.78,0.0,0.178,0.14,0.0,1.32,64.39,49.85,14.54,0.8009,1,0
REQ-002290,7,DOWNTOWN,AIRPORT,XL,16.01,40.7,CLEAR,0.0,10.0,25.7,0.5,2,18,74,4.11,REGULAR,64.04,0.0,0.484,1.089,0.2,2.77,177.39,144.38,33.01,0.1103,0,0
REQ-002291,17,AIRPORT,SUBURB_NORTH,STANDARD,10.02,24.3,SNOW,7.3,4.4,-7.4,0.69,1,17,56,3.29,REGULAR,24.02,0.63,0.58,0.801,0.25,3.26,78.31,64.16,14.15,0.0368,0,0
REQ-002292,6,TECH_CORRIDOR,SUBURB_NORTH,XL,12.03,37.8,CLEAR,0.0,10.0,15.4,0.26,0,21,12,0.57,REGULAR,53.94,0.0,0.007,0.0,0.0,1.01,54.48,40.91,13.57,0.8944,1,0
REQ-002293,20,TECH_CORRIDOR,SUBURB_NORTH,COMFORT,15.54,45.2,CLEAR,0.0,10.0,17.6,0.14,0,23,12,0.52,GOLD,50.48,0.044,0.0,0.0,0.0,1.04,52.5,39.58,12.92,0.9272,1,0
REQ-002294,4,DOWNTOWN,FINANCIAL_DISTRICT,PREMIUM,6.1,14.3,CLEAR,0.0,10.0,5.4,0.33,0,40,46,1.15,GOLD,37.24,0.065,0.027,0.0,0.0,1.09,40.59,30.78,9.81,0.9186,1,0
REQ-002295,8,AIRPORT,DOWNTOWN,STANDARD,13.26,42.4,HEAVY_RAIN,48.3,2.6,23.4,0.44,0,32,62,1.94,REGULAR,34.41,1.083,0.08,0.329,0.2,2.69,92.56,75.23,17.33,0.1306,0,0
REQ-002296,2,FINANCIAL_DISTRICT,AIRPORT,XL,11.43,25.7,CLEAR,0.0,10.0,5.1,0.23,0,32,29,0.91,REGULAR,45.42,0.0,0.002,0.0,0.15,1.15,52.23,39.85,12.38,0.8581,1,0
REQ-002297,2,DOWNTOWN,FINANCIAL_DISTRICT,STANDARD,15.3,38.8,CLEAR,0.0,10.0,24.7,0.35,0,19,59,3.11,GOLD,35.7,0.014,0.034,0.738,0.15,1.94,69.26,55.3,13.96,0.5948,1,0
REQ-002298,10,TECH_CORRIDOR,DOWNTOWN,STANDARD,13.5,35.9,CLEAR,0.0,10.0,27.4,0.41,0,16,49,3.06,REGULAR,32.44,0.0,0.063,0.721,0.0,1.78,57.74,45.84,11.9,0.5715,0,0
REQ-002299,15,SUBURB_NORTH,TECH_CORRIDOR,PREMIUM,16.19,35.7,HEAVY_RAIN,28.8,2.6,29.5,0.07,0,17,37,2.18,GOLD,83.68,0.864,0.0,0.413,0.0,2.28,190.79,153.8,36.99,0.3936,0,0
REQ-002300,2,AIRPORT,SUBURB_NORTH,XL,24.03,43.7,RAIN,10.7,4.1,17.5,0.26,1,23,13,0.57,PLATINUM,82.68,0.37,0.127,0.0,0.15,1.65,136.42,107.69,28.73,0.8085,1,0
REQ-002301,10,DOWNTOWN,TECH_CORRIDOR,PREMIUM,13.56,29.2,CLEAR,0.0,10.0,11.0,0.1,0,44,50,1.14,REGULAR,70.79,0.0,0.0,0.0,0.0,1.0,70.79,53.09,17.7,0.8966,1,0
REQ-002302,5,DOWNTOWN,AIRPORT,COMFORT,9.61,27.5,CLEAR,0.0,10.0,27.2,0.43,0,58,33,0.57,REGULAR,32.74,0.0,0.074,0.0,0.0,1.07,35.03,26.5,8.53,0.88,1,0
REQ-002303,17,AIRPORT,FINANCIAL_DISTRICT,STANDARD,23.96,72.4,CLEAR,0.0,10.0,31.2,0.67,0,28,17,0.61,REGULAR,58.29,0.0,0.434,0.0,0.25,1.68,97.93,77.41,20.52,0.629,1,0
REQ-002304,7,FINANCIAL_DISTRICT,SUBURB_NORTH,STANDARD,8.02,21.2,CLEAR,0.0,10.0,27.1,0.48,1,56,31,0.55,REGULAR,20.44,0.0,0.226,0.0,0.2,1.43,29.23,22.8,6.43,0.7555,1,0
REQ-002305,1,FINANCIAL_DISTRICT,AIRPORT,COMFORT,15.15,33.2,RAIN,14.2,7.9,23.3,0.31,0,45,44,0.98,REGULAR,44.44,0.41,0.02,0.0,0.15,1.58,70.22,55.24,14.98,0.6831,0,0
REQ-002306,13,AIRPORT,DOWNTOWN,COMFORT,7.84,14.4,DRIZZLE,0.0,10.0,27.2,0.21,0,49,15,0.31,REGULAR,23.92,0.1,0.0,0.0,0.0,1.1,26.31,19.97,6.34,0.8721,1,0
REQ-002307,15,AIRPORT,DOWNTOWN,XL,26.37,66.3,DRIZZLE,0.0,10.0,14.0,0.18,0,37,72,1.95,REGULAR,101.16,0.1,0.0,0.332,0.0,1.43,144.66,112.84,31.82,0.7555,1,0
REQ-002308,22,DOWNTOWN,TECH_CORRIDOR,XL,9.51,23.4,CLEAR,0.0,10.0,7.9,0.1,0,8,13,1.62,REGULAR,40.01,0.0,0.0,0.217,0.0,1.22,48.81,37.49,11.32,0.8364,1,0
REQ-002309,6,SUBURB_NORTH,AIRPORT,PREMIUM,10.57,32.8,CLEAR,0.0,10.0,26.1,0.21,0,22,60,2.73,REGULAR,65.48,0.0,0.0,0.605,0.0,1.6,104.77,82.51,22.26,0.6726,1,0
REQ-002310,3,AIRPORT,TECH_CORRIDOR,XL,4.69,8.5,CLEAR,0.0,10.0,10.2,0.13,0,16,78,4.88,REGULAR,20.95,0.0,0.0,1.2,0.15,2.35,49.23,39.75,9.48,0.2535,0,0
REQ-002311,11,AIRPORT,DOWNTOWN,XL,7.61,16.3,CLEAR,0.0,10.0,5.5,0.36,0,31,26,0.84,REGULAR,31.76,0.0,0.039,0.0,0.0,1.04,33.03,24.9,8.13,0.8874,1,0
REQ-002312,13,TECH_CORRIDOR,AIRPORT,STANDARD,7.64,21.7,CLEAR,0.0,10.0,17.7,0.18,0,12,41,3.42,REGULAR,20.14,0.0,0.0,0.847,0.0,1.85,37.26,29.66,7.6,0.53,1,0
REQ-002313,6,AIRPORT,FINANCIAL_DISTRICT,COMFORT,21.65,45.6,SNOW,12.2,5.4,-13.0,0.39,1,49,78,1.59,PLATINUM,60.74,0.797,0.173,0.207,0.0,2.18,132.41,106.47,25.94,0.5419,1,0
REQ-002314,2,TECH_CORRIDOR,SUBURB_NORTH,COMFORT,9.55,28.8,CLEAR,0.0,10.0,21.7,0.38,0,25,72,2.88,REGULAR,33.22,0.0,0.048,0.658,0.15,1.86,61.79,49.2,12.59,0.524,0,0
REQ-002315,19,SUBURB_NORTH,TECH_CORRIDOR,STANDARD,9.16,24.0,CLEAR,0.0,10.0,31.5,0.43,0,32,53,1.66,REGULAR,22.85,0.0,0.074,0.231,0.25,1.56,35.65,28.02,7.63,0.6934,0,0
REQ-002316,6,FINANCIAL_DISTRICT,TECH_CORRIDOR,STANDARD,22.27,41.1,RAIN,6.0,5.4,10.6,0.27,0,11,76,6.91,GOLD,45.22,0.368,0.009,1.2,0.0,2.58,116.67,94.65,22.02,0.2401,1,0
REQ-002317,6,DOWNTOWN,TECH_CORRIDOR,XL,13.16,35.5,CLEAR,0.0,10.0,28.1,0.37,0,58,74,1.28,REGULAR,54.94,0.056,0.043,0.098,0.0,1.2,65.93,50.55,15.38,0.8429,1,0
REQ-002318,5,DOWNTOWN,TECH_CORRIDOR,STANDARD,12.07,30.3,CLEAR,0.0,10.0,11.7,0.1,0,36,63,1.75,REGULAR,28.7,0.011,0.0,0.262,0.0,1.27,36.45,28.11,8.34,0.8194,0,0
REQ-002319,17,FINANCIAL_DISTRICT,TECH_CORRIDOR,XL,23.04,63.9,HEAVY_RAIN,42.1,0.9,25.8,0.47,0,49,78,1.59,REGULAR,92.72,1.2,0.099,0.207,0.25,2.76,255.91,208.25,47.66,0.1126,0,0
REQ-002320,20,FINANCIAL_DISTRICT,SUBURB_NORTH,STANDARD,18.24,43.2,CLEAR,0.0,10.0,7.7,0.32,0,31,34,1.1,REGULAR,40.92,0.0,0.023,0.0,0.0,1.02,41.74,31.39,10.35,0.8921,1,0
REQ-002321,16,AIRPORT,FINANCIAL_DISTRICT,PREMIUM,25.38,52.9,CLEAR,0.0,10.0,20.3,0.06,0,47,42,0.89,REGULAR,124.02,0.073,0.0,0.0,0.0,1.07,132.7,100.39,32.31,0.88,1,0
REQ-002322,23,DOWNTOWN,SUBURB_NORTH,XL,2.06,3.9,CLEAR,0.0,10.0,26.2,0.07,0,15,16,1.07,GOLD,12.67,0.0,0.0,0.0,0.15,1.15,14.57,11.12,3.45,0.9072,1,0
REQ-002323,23,DOWNTOWN,TECH_CORRIDOR,PREMIUM,6.13,14.6,CLEAR,0.0,10.0,24.8,0.41,0,37,36,0.97,GOLD,37.57,0.0,0.063,0.0,0.15,1.21,45.46,34.88,10.58,0.8944,1,0
REQ-002324,20,TECH_CORRIDOR,SUBURB_NORTH,COMFORT,25.3,58.8,THUNDERSTORM,39.2,1.0,16.1,0.4,0,31,75,2.42,PLATINUM,72.7,1.2,0.058,0.497,0.0,2.75,199.93,162.67,37.26,0.2315,0,0
REQ-002325,22,TECH_CORRIDOR,FINANCIAL_DISTRICT,PREMIUM,25.65,78.9,CLEAR,0.0,10.0,31.3,0.11,0,58,65,1.12,REGULAR,146.88,0.005,0.0,0.0,0.0,1.0,146.88,110.16,36.72,0.8966,1,0
REQ-002326,20,DOWNTOWN,SUBURB_NORTH,COMFORT,20.58,37.1,CLEAR,0.0,10.0,12.8,0.06,1,18,54,3.0,REGULAR,55.16,0.0,0.12,0.7,0.0,1.82,100.39,79.82,20.57,0.5479,0,0
REQ-002327,21,DOWNTOWN,SUBURB_NORTH,STANDARD,7.23,14.0,CLEAR,0.0,10.0,18.3,0.24,0,17,67,3.94,REGULAR,16.94,0.0,0.003,1.029,0.0,2.03,34.39,27.54,6.85,0.4226,0,0
REQ-002328,10,SUBURB_NORTH,DOWNTOWN,PREMIUM,13.18,37.4,CLEAR,0.0,10.0,28.6,0.12,0,54,13,0.24,REGULAR,76.69,0.01,0.0,0.0,0.0,1.01,77.46,58.17,19.29,0.8944,1,0
REQ-002329,12,TECH_CORRIDOR,DOWNTOWN,PREMIUM,25.62,60.7,CLEAR,0.0,10.0,28.3,0.23,1,30,49,1.63,REGULAR,131.33,0.037,0.122,0.22,0.0,1.38,181.24,140.92,40.32,0.777,1,0
REQ-002330,8,FINANCIAL_DISTRICT,DOWNTOWN,XL,15.27,48.8,HEAVY_RAIN,25.0,1.5,27.3,0.61,0,49,15,0.31,REGULAR,67.35,0.931,0.36,0.0,0.2,2.49,167.7,135.81,31.89,0.1953,0,0
REQ-002331,11,DOWNTOWN,TECH_CORRIDOR,STANDARD,10.33,30.1,CLEAR,0.0,10.0,27.0,0.08,0,38,38,1.0,REGULAR,26.45,0.0,0.0,0.0,0.0,1.0,26.45,19.84,6.61,0.8966,1,0
REQ-002332,10,DOWNTOWN,TECH_CORRIDOR,PREMIUM,13.42,31.8,CLEAR,0.0,10.0,5.1,0.3,0,49,24,0.49,REGULAR,72.61,0.0,0.017,0.0,0.0,1.02,74.06,55.69,18.37,0.8921,1,0
REQ-002333,16,TECH_CORRIDOR,AIRPORT,COMFORT,10.71,29.8,RAIN,14.0,5.9,23.0,0.41,0,10,52,5.2,REGULAR,35.58,0.407,0.063,1.2,0.0,2.67,95.0,77.19,17.81,0.1361,0,0
REQ-002334,20,FINANCIAL_DISTRICT,TECH_CORRIDOR,PREMIUM,24.29,69.5,DRIZZLE,0.0,10.0,13.0,0.2,0,9,66,7.33,REGULAR,135.08,0.1,0.0,1.2,0.0,2.3,310.68,250.57,60.11,0.2769,0,0
REQ-002335,19,AIRPORT,TECH_CORRIDOR,STANDARD,11.47,36.0,SNOW,3.4,5.6,-3.0,0.46,0,45,79,1.76,REGULAR,29.94,0.498,0.093,0.266,0.25,2.11,63.17,50.7,12.47,0.3766,0,0
REQ-002336,13,AIRPORT,TECH_CORRIDOR,COMFORT,24.73,53.0,CLEAR,0.0,10.0,15.3,0.32,1,13,71,5.46,GOLD,69.15,0.0,0.143,1.2,0.0,2.34,161.81,130.62,31.19,0.3599,0,0
REQ-002337,16,SUBURB_NORTH,AIRPORT,STANDARD,24.52,51.0,CLEAR,0.0,10.0,14.0,0.44,0,56,42,0.75,GOLD,51.5,0.0,0.08,0.0,0.0,1.08,55.62,42.13,13.49,0.9204,1,0
REQ-002338,6,DOWNTOWN,FINANCIAL_DISTRICT,PREMIUM,13.0,26.3,THUNDERSTORM,36.7,0.7,12.5,0.18,0,35,52,1.49,REGULAR,66.76,1.2,0.0,0.171,0.0,2.37,158.22,127.81,30.41,0.2445,0,0
REQ-002339,3,FINANCIAL_DISTRICT,SUBURB_NORTH,PREMIUM,3.02,8.3,FOG,0.0,10.0,5.1,0.33,0,12,78,6.5,REGULAR,23.52,0.2,0.027,1.2,0.15,2.58,60.68,49.23,11.45,0.1636,0,0
REQ-002340,9,TECH_CORRIDOR,AIRPORT,COMFORT,13.63,39.6,DRIZZLE,0.0,10.0,25.6,0.73,0,16,61,3.81,REGULAR,44.81,0.141,0.512,0.983,0.2,2.84,127.26,103.69,23.57,0.0948,0,0
REQ-002341,0,TECH_CORRIDOR,FINANCIAL_DISTRICT,STANDARD,20.92,52.9,CLEAR,0.0,10.0,19.6,0.4,0,40,15,0.38,REGULAR,47.66,0.0,0.058,0.0,0.15,1.21,57.67,44.25,13.42,0.8397,1,0
REQ-002342,1,FINANCIAL_DISTRICT,AIRPORT,XL,20.52,37.7,DRIZZLE,0.0,10.0,25.0,0.41,0,53,38,0.72,REGULAR,71.71,0.1,0.063,0.0,0.15,1.31,93.94,72.68,21.26,0.8047,1,0
REQ-002343,2,SUBURB_NORTH,DOWNTOWN,COMFORT,27.0,78.0,CLEAR,0.0,10.0,23.9,0.22,0,12,30,2.5,PLATINUM,84.15,0.0,0.001,0.525,0.15,1.68,141.37,111.75,29.62,0.7971,0,0
REQ-002344,3,SUBURB_NORTH,TECH_CORRIDOR,PREMIUM,22.17,44.4,CLEAR,0.0,10.0,23.5,0.28,0,18,16,0.89,REGULAR,107.82,0.0,0.011,0.0,0.15,1.16,125.07,95.53,29.54,0.8552,1,0
REQ-002345,12,TECH_CORRIDOR,AIRPORT,XL,17.57,52.5,CLEAR,0.0,10.0,20.6,0.14,0,35,57,1.63,REGULAR,74.4,0.0,0.0,0.22,0.0,1.22,90.77,69.71,21.06,0.8364,1,0
REQ-002346,16,SUBURB_NORTH,DOWNTOWN,PREMIUM,12.16,30.2,DRIZZLE,0.0,10.0,10.7,0.28,0,23,74,3.22,REGULAR,67.72,0.1,0.011,0.777,0.0,1.89,127.99,102.02,25.97,0.506,0,0
REQ-002347,12,AIRPORT,DOWNTOWN,PREMIUM,9.04,16.8,CLEAR,0.0,10.0,24.6,0.4,0,57,26,0.46,GOLD,47.59,0.062,0.058,0.0,0.0,1.12,53.3,40.55,12.75,0.9131,1,0
REQ-002348,5,FINANCIAL_DISTRICT,SUBURB_NORTH,PREMIUM,12.02,23.2,CLEAR,0.0,10.0,29.1,0.28,0,31,72,2.32,REGULAR,61.38,0.0,0.011,0.462,0.0,1.47,90.23,70.56,19.67,0.7373,1,0
REQ-002349,7,DOWNTOWN,FINANCIAL_DISTRICT,XL,24.24,50.4,CLEAR,0.0,10.0,31.0,0.57,0,17,70,4.12,REGULAR,87.14,0.0,0.313,1.092,0.2,2.61,227.44,184.61,42.83,0.1539,0,0
REQ-002350,11,TECH_CORRIDOR,DOWNTOWN,COMFORT,2.39,6.3,CLEAR,0.0,10.0,10.3,0.42,0,37,65,1.76,REGULAR,11.27,0.0,0.069,0.266,0.0,1.33,14.99,11.61,3.38,0.7971,1,0
REQ-002351,7,SUBURB_NORTH,FINANCIAL_DISTRICT,STANDARD,22.96,56.4,THUNDERSTORM,24.9,1.0,25.0,0.85,0,38,14,0.37,REGULAR,51.44,1.2,0.69,0.0,0.2,3.09,158.95,129.96,28.99,0.0544,0,0
REQ-002352,21,FINANCIAL_DISTRICT,DOWNTOWN,STANDARD,24.38,60.9,BLIZZARD,36.8,1.9,-1.3,0.2,0,37,38,1.03,GOLD,54.78,1.2,0.0,0.0,0.0,2.2,120.52,96.96,23.56,0.4403,0,0
REQ-002353,0,AIRPORT,DOWNTOWN,XL,20.11,53.7,RAIN,5.2,5.0,23.9,0.22,0,37,16,0.43,GOLD,80.45,0.339,0.001,0.0,0.15,1.49,119.87,93.84,26.03,0.8121,1,0
REQ-002354,1,SUBURB_NORTH,AIRPORT,PREMIUM,14.53,39.1,RAIN,4.2,6.6,6.7,0.14,0,43,32,0.74,REGULAR,81.91,0.297,0.0,0.0,0.15,1.45,118.77,92.76,26.01,0.7465,0,0
REQ-002355,11,TECH_CORRIDOR,SUBURB_NORTH,PREMIUM,20.5,59.5,DRIZZLE,0.0,10.0,10.1,0.42,1,28,37,1.32,REGULAR,115.97,0.162,0.189,0.112,0.0,1.46,169.32,132.32,37.0,0.7419,0,0
REQ-002356,15,FINANCIAL_DISTRICT,AIRPORT,XL,5.33,16.2,CLEAR,0.0,10.0,25.8,0.15,0,18,23,1.28,REGULAR,26.91,0.0,0.0,0.098,0.0,1.1,29.6,22.47,7.13,0.8721,1,0
REQ-002357,16,AIRPORT,FINANCIAL_DISTRICT,STANDARD,4.59,14.2,CLEAR,0.0,10.0,31.9,0.2,0,33,78,2.36,REGULAR,13.71,0.0,0.0,0.476,0.0,1.48,20.29,15.88,4.41,0.7326,0,0
REQ-002358,9,AIRPORT,FINANCIAL_DISTRICT,STANDARD,21.71,63.3,CLEAR,0.0,10.0,29.3,0.8,0,50,74,1.48,GOLD,52.29,0.0,0.612,0.168,0.2,1.98,103.53,82.77,20.76,0.5715,1,0
REQ-002359,7,SUBURB_NORTH,DOWNTOWN,PREMIUM,16.98,53.2,DRIZZLE,0.0,10.0,9.8,0.46,0,28,49,1.75,REGULAR,100.76,0.1,0.093,0.262,0.2,1.66,167.26,132.09,35.17,0.6401,0,0
REQ-002360,14,SUBURB_NORTH,AIRPORT,PREMIUM,21.4,51.9,CLEAR,0.0,10.0,26.4,0.35,0,53,63,1.19,GOLD,112.03,0.0,0.034,0.0,0.0,1.03,115.39,86.88,28.51,0.9288,1,0
REQ-002361,18,FINANCIAL_DISTRICT,SUBURB_NORTH,XL,22.29,50.4,CLEAR,0.0,10.0,31.3,0.65,0,48,52,1.08,PLATINUM,83.05,0.0,0.408,0.0,0.25,1.66,137.86,108.88,28.98,0.8047,1,0
REQ-002362,13,TECH_CORRIDOR,AIRPORT,PREMIUM,7.56,18.8,CLEAR,0.0,10.0,23.2,0.36,0,26,73,2.81,REGULAR,45.15,0.0,0.039,0.633,0.0,1.67,75.4,59.58,15.82,0.6346,1,0
REQ-002363,20,SUBURB_NORTH,FINANCIAL_DISTRICT,COMFORT,2.53,6.5,CLEAR,0.0,10.0,26.3,0.15,0,34,17,0.5,REGULAR,11.6,0.0,0.0,0.0,0.0,1.0,11.6,8.7,2.9,0.8966,1,0
REQ-002364,18,AIRPORT,TECH_CORRIDOR,XL,17.24,33.6,RAIN,12.1,6.3,15.7,0.71,0,50,75,1.5,REGULAR,62.36,0.386,0.486,0.175,0.25,2.3,143.43,115.68,27.75,0.2769,0,0
REQ-002365,15,AIRPORT,TECH_CORRIDOR,COMFORT,9.1,24.8,HEAVY_RAIN,56.0,1.2,31.4,0.43,0,16,48,3.0,GOLD,30.67,1.2,0.074,0.7,0.0,2.97,91.09,74.36,16.73,0.1103,0,0
REQ-002366,4,DOWNTOWN,SUBURB_NORTH,STANDARD,13.87,36.4,RAIN,3.8,6.6,28.3,0.35,0,35,69,1.97,REGULAR,33.08,0.293,0.034,0.339,0.0,1.67,55.24,43.65,11.59,0.6346,1,0
REQ-002367,4,SUBURB_NORTH,TECH_CORRIDOR,PREMIUM,7.53,23.1,CLEAR,0.0,10.0,27.5,0.39,0,12,11,0.92,REGULAR,48.72,0.0,0.053,0.0,0.0,1.05,51.16,38.61,12.55,0.8849,1,0
REQ-002368,2,SUBURB_NORTH,DOWNTOWN,XL,2.03,6.2,DRIZZLE,0.0,10.0,23.5,0.25,0,50,14,0.28,REGULAR,13.98,0.1,0.005,0.0,0.15,1.25,17.48,13.46,4.02,0.8264,1,0
REQ-002369,21,SUBURB_NORTH,TECH_CORRIDOR,PREMIUM,17.71,44.2,CLEAR,0.0,10.0,9.1,0.42,1,15,31,2.07,REGULAR,95.16,0.035,0.189,0.374,0.0,1.6,152.26,119.91,32.35,0.6726,1,0
REQ-002370,6,SUBURB_NORTH,TECH_CORRIDOR,COMFORT,22.35,63.2,CLEAR,0.0,10.0,25.4,0.45,0,17,56,3.29,REGULAR,69.82,0.0,0.086,0.801,0.0,1.89,131.96,105.18,26.78,0.506,1,0
REQ-002371,17,SUBURB_NORTH,TECH_CORRIDOR,COMFORT,10.32,18.7,RAIN,12.0,6.6,9.7,0.69,0,32,44,1.38,PLATINUM,29.94,0.385,0.46,0.133,0.25,2.23,66.77,53.76,13.01,0.512,1,0
REQ-002372,20,DOWNTOWN,AIRPORT,PREMIUM,4.29,11.4,RAIN,5.5,5.6,30.2,0.28,0,36,52,1.44,REGULAR,29.7,0.312,0.011,0.154,0.0,1.48,43.96,34.4,9.56,0.7326,1,0
REQ-002373,10,FINANCIAL_DISTRICT,DOWNTOWN,XL,3.65,9.7,CLEAR,0.0,10.0,31.8,0.06,0,17,25,1.47,GOLD,19.49,0.0,0.0,0.164,0.0,1.16,22.61,17.27,5.34,0.9052,1,0
REQ-002374,23,DOWNTOWN,TECH_CORRIDOR,XL,3.47,8.7,SNOW,12.7,7.4,-10.5,0.09,0,56,35,0.62,GOLD,18.51,0.807,0.0,0.0,0.15,1.96,36.28,28.99,7.29,0.5832,0,0
REQ-002375,20,SUBURB_NORTH,FINANCIAL_DISTRICT,PREMIUM,11.49,23.3,HEAVY_RAIN,50.6,2.0,20.7,0.23,0,31,48,1.55,REGULAR,59.97,1.169,0.002,0.193,0.0,2.36,141.53,114.3,27.23,0.249,0,0
REQ-002376,19,DOWNTOWN,TECH_CORRIDOR,STANDARD,27.63,76.6,CLEAR,0.0,10.0,25.7,0.55,0,60,71,1.18,REGULAR,64.35,0.061,0.292,0.0,0.25,1.6,102.96,81.08,21.88,0.6726,1,0
REQ-002377,6,TECH_CORRIDOR,FINANCIAL_DISTRICT,COMFORT,22.17,65.5,FOG,0.0,10.0,15.6,0.24,2,12,41,3.42,REGULAR,70.56,0.2,0.243,0.847,0.0,2.29,161.58,130.29,31.29,0.2817,0,0
REQ-002378,22,TECH_CORRIDOR,AIRPORT,STANDARD,11.35,28.1,CLEAR,0.0,10.0,21.4,0.16,0,12,55,4.58,GOLD,27.02,0.0,0.0,1.2,0.0,2.2,59.44,47.82,11.62,0.4403,0,0
REQ-002379,4,SUBURB_NORTH,TECH_CORRIDOR,XL,10.74,28.4,CLEAR,0.0,10.0,15.0,0.33,0,9,65,7.22,REGULAR,45.59,0.047,0.027,1.2,0.0,2.27,103.49,83.41,20.08,0.2915,0,0
REQ-002380,7,FINANCIAL_DISTRICT,AIRPORT,COMFORT,17.82,37.6,CLEAR,0.0,10.0,8.9,0.64,0,20,54,2.7,GOLD,50.82,0.038,0.395,0.595,0.2,2.23,113.33,91.25,22.08,0.4226,0,0
REQ-002381,21,SUBURB_NORTH,AIRPORT,PREMIUM,26.52,63.0,CLEAR,0.0,10.0,24.9,0.16,0,51,29,0.57,GOLD,135.81,0.0,0.0,0.0,0.0,1.0,135.81,101.86,33.95,0.9334,1,0
REQ-002382,17,DOWNTOWN,FINANCIAL_DISTRICT,XL,20.88,39.0,CLEAR,0.0,10.0,19.6,0.73,0,56,13,0.23,GOLD,73.25,0.0,0.514,0.0,0.25,1.76,128.92,102.26,26.66,0.6934,1,0
REQ-002383,17,DOWNTOWN,FINANCIAL_DISTRICT,XL,15.77,30.8,THUNDERSTORM,42.2,2.2,16.4,0.76,0,13,37,2.85,REGULAR,57.6,1.2,0.555,0.647,0.25,3.5,201.6,165.6,36.0,0.021,0,1
REQ-002384,20,TECH_CORRIDOR,SUBURB_NORTH,PREMIUM,7.04,16.5,CLEAR,0.0,10.0,25.6,0.14,0,25,62,2.48,PLATINUM,41.74,0.0,0.0,0.518,0.0,1.52,63.44,49.75,13.69,0.8522,1,0
REQ-002385,13,SUBURB_NORTH,FINANCIAL_DISTRICT,COMFORT,22.62,70.2,THUNDERSTORM,26.8,0.8,30.0,0.12,0,48,73,1.52,REGULAR,73.41,1.2,0.0,0.182,0.0,2.38,174.72,141.17,33.55,0.2401,0,0
REQ-002386,10,DOWNTOWN,SUBURB_NORTH,COMFORT,5.0,11.0,THUNDERSTORM,20.2,1.7,25.3,0.24,0,18,19,1.06,REGULAR,17.7,1.107,0.003,0.0,0.0,2.11,37.35,29.98,7.37,0.3766,0,0
REQ-002387,0,SUBURB_NORTH,TECH_CORRIDOR,COMFORT,27.39,65.0,DRIZZLE,0.0,10.0,25.3,0.28,0,56,48,0.86,REGULAR,78.94,0.163,0.011,0.0,0.15,1.32,104.2,80.68,23.52,0.8009,1,0
REQ-002388,16,SUBURB_NORTH,TECH_CORRIDOR,XL,7.33,17.7,CLEAR,0.0,10.0,19.1,0.25,0,49,56,1.14,REGULAR,32.01,0.023,0.005,0.0,0.0,1.03,32.97,24.82,8.15,0.8897,1,0
REQ-002389,19,TECH_CORRIDOR,AIRPORT,XL,8.86,25.8,THUNDERSTORM,22.6,1.6,27.8,0.55,0,25,40,1.6,REGULAR,40.09,1.144,0.293,0.21,0.25,2.9,116.26,94.81,21.45,0.0832,0,0
REQ-002390,12,FINANCIAL_DISTRICT,AIRPORT,XL,15.4,37.3,THUNDERSTORM,22.9,2.6,21.8,0.35,0,31,73,2.35,REGULAR,60.72,1.108,0.034,0.472,0.0,2.61,158.48,128.64,29.84,0.1539,0,0
REQ-002391,0,FINANCIAL_DISTRICT,AIRPORT,COMFORT,23.16,43.0,THUNDERSTORM,32.9,0.5,12.7,0.23,0,26,14,0.54,REGULAR,62.06,1.2,0.002,0.0,0.15,2.35,145.84,117.76,28.08,0.2535,0,0
REQ-002392,13,TECH_CORRIDOR,FINANCIAL_DISTRICT,XL,9.88,20.3,CLEAR,0.0,10.0,22.8,0.09,1,47,39,0.83,REGULAR,38.93,0.043,0.12,0.0,0.0,1.16,45.16,34.49,10.67,0.8552,0,0
REQ-002393,6,DOWNTOWN,TECH_CORRIDOR,XL,8.16,18.9,HEAVY_RAIN,34.7,2.9,13.5,0.28,0,59,30,0.51,REGULAR,34.48,0.954,0.011,0.0,0.0,1.96,67.58,54.0,13.58,0.4641,0,0
REQ-002394,20,DOWNTOWN,TECH_CORRIDOR,STANDARD,15.66,40.5,CLEAR,0.0,10.0,17.7,0.27,0,20,69,3.45,GOLD,36.74,0.0,0.009,0.858,0.0,1.87,68.7,54.72,13.98,0.6346,1,0
REQ-002395,16,DOWNTOWN,TECH_CORRIDOR,PREMIUM,7.71,20.8,RAIN,13.4,7.4,16.1,0.31,0,28,52,1.86,PLATINUM,47.27,0.401,0.02,0.301,0.0,1.72,81.3,64.38,16.92,0.7811,0,0
REQ-002396,14,DOWNTOWN,SUBURB_NORTH,XL,27.89,76.0,RAIN,10.2,4.6,21.5,0.45,2,13,12,0.92,PLATINUM,110.17,0.438,0.326,0.0,0.0,1.76,193.9,153.8,40.1,0.7642,1,0
REQ-002397,5,FINANCIAL_DISTRICT,AIRPORT,PREMIUM,11.25,27.3,CLEAR,0.0,10.0,15.4,0.3,0,35,73,2.09,REGULAR,62.7,0.0,0.017,0.381,0.0,1.4,87.78,68.34,19.44,0.7685,1,0
REQ-002398,10,AIRPORT,FINANCIAL_DISTRICT,PREMIUM,6.28,18.4,DRIZZLE,0.0,10.0,24.4,0.39,0,40,74,1.85,REGULAR,41.22,0.1,0.053,0.297,0.0,1.45,59.77,46.68,13.09,0.7465,1,0
REQ-002399,10,AIRPORT,FINANCIAL_DISTRICT,STANDARD,11.48,32.6,DRIZZLE,0.0,10.0,17.9,0.14,0,57,68,1.19,GOLD,28.76,0.1,0.0,0.0,0.0,1.1,31.64,24.02,7.62,0.9168,0,0
REQ-002400,13,AIRPORT,DOWNTOWN,COMFORT,24.15,57.3,CLEAR,0.0,10.0,6.8,0.09,0,36,13,0.36,GOLD,70.14,0.0,0.0,0.0,0.0,1.0,70.14,52.61,17.53,0.9334,1,0
REQ-002401,17,TECH_CORRIDOR,AIRPORT,COMFORT,13.69,41.5,RAIN,4.3,7.9,24.6,0.44,0,8,64,8.0,REGULAR,45.77,0.298,0.08,1.2,0.25,2.83,129.53,105.52,24.01,0.0969,0,0
REQ-002402,21,TECH_CORRIDOR,AIRPORT,COMFORT,2.87,7.4,THUNDERSTORM,28.2,2.7,26.0,0.42,0,42,60,1.43,REGULAR,12.57,1.108,0.069,0.15,0.0,2.33,29.29,23.64,5.65,0.2627,0,0
REQ-002403,11,DOWNTOWN,TECH_CORRIDOR,PREMIUM,14.5,46.3,DRIZZLE,0.0,10.0,17.1,0.42,0,59,10,0.17,REGULAR,87.95,0.1,0.069,0.0,0.0,1.17,102.9,78.67,24.23,0.8522,1,0
REQ-002404,1,SUBURB_NORTH,TECH_CORRIDOR,COMFORT,11.2,20.3,CLEAR,0.0,10.0,23.6,0.26,0,12,13,1.08,REGULAR,32.11,0.023,0.007,0.0,0.15,1.18,37.89,29.0,8.89,0.8492,0,0
REQ-002405,9,AIRPORT,TECH_CORRIDOR,COMFORT,7.49,18.6,RAIN,12.4,6.5,6.3,0.53,1,58,46,0.79,REGULAR,25.23,0.39,0.392,0.0,0.2,1.98,49.96,39.94,10.02,0.4521,1,0
REQ-002406,16,SUBURB_NORTH,AIRPORT,COMFORT,5.04,11.7,DRIZZLE,0.0,10.0,16.6,0.1,0,32,65,2.03,REGULAR,18.08,0.1,0.0,0.36,0.0,1.46,26.4,20.63,5.77,0.7419,1,0
REQ-002407,1,DOWNTOWN,SUBURB_NORTH,PREMIUM,19.25,44.3,CLEAR,0.0,10.0,27.4,0.17,0,16,26,1.62,REGULAR,99.55,0.0,0.0,0.217,0.15,1.37,136.38,105.97,30.41,0.7811,1,0
REQ-002408,19,TECH_CORRIDOR,DOWNTOWN,PREMIUM,10.06,29.2,CLEAR,0.0,10.0,16.8,0.71,0,10,38,3.8,GOLD,60.99,0.0,0.486,0.98,0.25,2.72,165.89,134.91,30.98,0.1842,0,0
REQ-002409,5,TECH_CORRIDOR,FINANCIAL_DISTRICT,PREMIUM,9.61,19.2,CLEAR,0.0,10.0,13.8,0.35,0,22,40,1.82,REGULAR,51.23,0.0,0.034,0.287,0.0,1.32,67.62,52.35,15.27,0.8009,1,0
REQ-002410,19,AIRPORT,FINANCIAL_DISTRICT,XL,9.08,24.4,DRIZZLE,0.0,10.0,24.2,0.51,0,54,14,0.26,REGULAR,39.71,0.1,0.252,0.0,0.25,1.6,63.54,50.04,13.5,0.6726,1,0
REQ-002411,23,TECH_CORRIDOR,DOWNTOWN,XL,20.24,61.2,DRIZZLE,0.0,10.0,25.5,0.22,0,14,48,3.43,REGULAR,85.22,0.121,0.001,0.851,0.15,2.12,180.67,145.05,35.62,0.371,0,0
REQ-002412,14,DOWNTOWN,TECH_CORRIDOR,STANDARD,16.68,41.7,CLEAR,0.0,10.0,18.4,0.29,0,34,78,2.29,PLATINUM,38.45,0.0,0.014,0.451,0.0,1.47,56.52,44.2,12.32,0.8667,1,0
REQ-002413,5,DOWNTOWN,AIRPORT,XL,11.87,23.2,CLEAR,0.0,10.0,14.9,0.15,0,17,57,3.35,REGULAR,44.85,0.0,0.0,0.823,0.0,1.82,81.63,64.9,16.73,0.5479,1,0
REQ-002414,18,AIRPORT,FINANCIAL_DISTRICT,PREMIUM,4.81,11.6,CLEAR,0.0,10.0,15.7,0.47,0,30,73,2.43,GOLD,31.33,0.013,0.099,0.501,0.25,1.86,58.27,46.4,11.87,0.6401,1,0
REQ-002415,20,AIRPORT,TECH_CORRIDOR,XL,11.46,29.5,DRIZZLE,0.0,10.0,18.7,0.1,0,13,53,4.08,GOLD,47.77,0.117,0.0,1.078,0.0,2.2,105.09,84.55,20.54,0.4403,1,0
REQ-002416,2,SUBURB_NORTH,DOWNTOWN,XL,6.48,20.2,CLEAR,0.0,10.0,29.5,0.09,0,24,43,1.79,GOLD,31.73,0.0,0.0,0.276,0.15,1.43,45.37,35.39,9.98,0.8331,1,0
REQ-002417,16,SUBURB_NORTH,AIRPORT,XL,27.18,74.9,RAIN,4.7,7.6,16.2,0.34,0,51,24,0.47,GOLD,108.02,0.303,0.03,0.0,0.0,1.33,143.67,111.32,32.35,0.8639,0,0
REQ-002418,13,SUBURB_NORTH,DOWNTOWN,XL,17.47,43.3,CLEAR,0.0,10.0,21.3,0.37,0,28,31,1.11,REGULAR,68.67,0.025,0.043,0.0,0.0,1.07,73.48,55.59,17.89,0.88,1,0
REQ-002419,21,SUBURB_NORTH,TECH_CORRIDOR,STANDARD,20.33,50.4,DRIZZLE,0.0,10.0,13.4,0.36,0,35,25,0.71,REGULAR,46.05,0.1,0.039,0.0,0.0,1.14,52.5,40.02,12.48,0.861,1,0
REQ-002420,6,FINANCIAL_DISTRICT,SUBURB_NORTH,XL,10.88,20.9,CLEAR,0.0,10.0,30.5,0.38,0,15,56,3.73,REGULAR,41.39,0.0,0.048,0.955,0.0,2.0,82.78,66.22,16.56,0.4403,0,0
REQ-002421,20,TECH_CORRIDOR,AIRPORT,XL,26.17,79.0,CLEAR,0.0,10.0,8.8,0.05,0,48,17,0.35,REGULAR,108.36,0.0,0.0,0.0,0.0,1.0,108.36,81.27,27.09,0.8966,1,0
REQ-002422,4,TECH_CORRIDOR,FINANCIAL_DISTRICT,STANDARD,13.4,33.0,CLEAR,0.0,10.0,10.5,0.32,0,41,23,0.56,GOLD,31.3,0.0,0.023,0.0,0.0,1.02,31.93,24.01,7.92,0.9303,1,0
REQ-002423,13,SUBURB_NORTH,TECH_CORRIDOR,COMFORT,13.73,29.4,CLEAR,0.0,10.0,17.1,0.23,0,40,75,1.88,GOLD,40.38,0.0,0.002,0.308,0.0,1.31,52.9,40.93,11.97,0.8694,1,0
REQ-002424,9,AIRPORT,TECH_CORRIDOR,PREMIUM,18.64,45.5,DRIZZLE,0.0,10.0,9.1,0.52,0,20,63,3.15,REGULAR,98.86,0.1,0.262,0.752,0.2,2.31,228.37,184.23,44.14,0.2721,0,0
REQ-002425,19,SUBURB_NORTH,FINANCIAL_DISTRICT,PREMIUM,12.63,27.3,SNOW,3.1,6.7,-5.3,0.69,0,20,19,0.95,REGULAR,66.56,0.592,0.459,0.0,0.25,2.3,153.09,123.47,29.62,0.2769,0,0
REQ-002426,7,FINANCIAL_DISTRICT,DOWNTOWN,PREMIUM,13.7,24.9,CLEAR,0.0,10.0,29.7,0.64,0,28,22,0.79,REGULAR,67.52,0.0,0.395,0.0,0.2,1.59,107.36,84.5,22.86,0.6779,1,0
REQ-002427,17,SUBURB_NORTH,AIRPORT,STANDARD,6.1,14.6,CLEAR,0.0,10.0,8.2,0.63,0,47,56,1.19,PLATINUM,15.73,0.0,0.382,0.0,0.25,1.63,25.64,20.22,5.42,0.8158,1,0
REQ-002428,3,AIRPORT,SUBURB_NORTH,COMFORT,16.65,42.7,CLEAR,0.0,10.0,11.6,0.39,0,51,58,1.14,GOLD,51.19,0.025,0.053,0.0,0.15,1.23,62.96,48.4,14.56,0.8897,1,0
REQ-002429,9,SUBURB_NORTH,FINANCIAL_DISTRICT,COMFORT,20.61,47.3,CLEAR,0.0,10.0,30.7,0.84,0,39,80,2.05,REGULAR,59.8,0.0,0.676,0.367,0.2,2.24,133.95,107.88,26.07,0.3066,1,0
REQ-002430,20,AIRPORT,DOWNTOWN,COMFORT,24.59,75.0,CLEAR,0.0,10.0,26.4,0.07,0,41,47,1.15,REGULAR,78.82,0.0,0.0,0.0,0.0,1.0,78.82,59.11,19.71,0.8966,1,0
REQ-002431,16,SUBURB_NORTH,TECH_CORRIDOR,STANDARD,12.26,34.2,CLEAR,0.0,10.0,20.2,0.31,0,41,60,1.46,REGULAR,30.29,0.0,0.02,0.161,0.0,1.18,35.74,27.35,8.39,0.8492,1,0
REQ-002432,17,TECH_CORRIDOR,FINANCIAL_DISTRICT,PREMIUM,16.36,46.9,THUNDERSTORM,46.9,0.9,12.9,0.5,0,51,68,1.33,REGULAR,93.67,1.2,0.243,0.116,0.25,2.81,263.21,214.36,48.85,0.1012,0,0
REQ-002433,4,FINANCIAL_DISTRICT,DOWNTOWN,COMFORT,18.1,47.9,CLEAR,0.0,10.0,6.4,0.35,0,10,71,7.1,REGULAR,55.92,0.035,0.034,1.2,0.0,2.27,126.94,102.31,24.63,0.2915,1,0
REQ-002434,20,AIRPORT,TECH_CORRIDOR,XL,15.36,34.7,CLEAR,0.0,10.0,19.1,0.26,0,37,39,1.05,REGULAR,59.08,0.0,0.007,0.0,0.0,1.01,59.67,44.81,14.86,0.8944,1,0
REQ-002435,21,FINANCIAL_DISTRICT,AIRPORT,COMFORT,6.5,16.9,DRIZZLE,0.0,10.0,31.0,0.06,0,51,41,0.8,REGULAR,22.82,0.1,0.0,0.0,0.0,1.1,25.1,19.05,6.05,0.8721,0,0
REQ-002436,16,AIRPORT,TECH_CORRIDOR,XL,9.58,25.8,CLEAR,0.0,10.0,26.3,0.16,0,60,32,0.53,GOLD,41.6,0.0,0.0,0.0,0.0,1.0,41.6,31.2,10.4,0.9334,1,0
REQ-002437,16,SUBURB_NORTH,FINANCIAL_DISTRICT,PREMIUM,12.69,33.5,CLEAR,0.0,10.0,27.7,0.31,2,29,79,2.72,REGULAR,72.0,0.0,0.26,0.602,0.0,1.86,133.92,106.63,27.29,0.524,1,0
REQ-002438,19,DOWNTOWN,FINANCIAL_DISTRICT,PREMIUM,21.44,67.7,DRIZZLE,0.0,10.0,24.8,0.76,1,12,39,3.25,GOLD,125.58,0.1,0.673,0.787,0.25,2.81,352.88,287.39,65.49,0.1539,0,0
REQ-002439,11,TECH_CORRIDOR,DOWNTOWN,XL,7.02,15.0,DRIZZLE,0.0,10.0,20.7,0.1,1,33,13,0.39,REGULAR,29.74,0.1,0.12,0.0,0.0,1.22,36.28,27.86,8.42,0.8364,1,0
REQ-002440,13,FINANCIAL_DISTRICT,AIRPORT,XL,6.83,20.4,CLEAR,0.0,10.0,9.7,0.07,0,32,45,1.41,REGULAR,32.58,0.073,0.0,0.143,0.0,1.22,39.75,30.53,9.22,0.8364,1,0
REQ-002441,17,FINANCIAL_DISTRICT,AIRPORT,STANDARD,11.86,26.2,SNOW,5.3,4.0,-4.6,0.76,0,55,42,0.76,REGULAR,26.99,0.552,0.554,0.0,0.25,2.36,63.7,51.45,12.25,0.249,0,0
REQ-002442,22,TECH_CORRIDOR,AIRPORT,STANDARD,16.41,43.3,CLEAR,0.0,10.0,27.7,0.18,0,22,55,2.5,REGULAR,38.66,0.009,0.0,0.525,0.0,1.53,59.15,46.41,12.74,0.7085,1,0
REQ-002443,7,FINANCIAL_DISTRICT,SUBURB_NORTH,XL,4.26,12.4,CLEAR,0.0,10.0,12.1,0.83,0,41,58,1.41,REGULAR,22.39,0.0,0.658,0.143,0.2,2.0,44.78,35.82,8.96,0.4403,1,0
REQ-002444,9,SUBURB_NORTH,TECH_CORRIDOR,XL,21.3,39.0,DRIZZLE,0.0,10.0,31.1,0.6,0,27,15,0.56,REGULAR,74.13,0.1,0.348,0.0,0.2,1.65,122.31,96.55,25.76,0.6457,1,0
REQ-002445,21,AIRPORT,FINANCIAL_DISTRICT,COMFORT,5.34,13.3,DRIZZLE,0.0,10.0,21.7,0.33,0,33,25,0.76,REGULAR,19.3,0.133,0.027,0.0,0.0,1.16,22.39,17.1,5.29,0.8552,1,0
REQ-002446,7,TECH_CORRIDOR,DOWNTOWN,PREMIUM,23.21,59.8,CLEAR,0.0,10.0,31.2,0.83,1,24,30,1.25,GOLD,123.82,0.0,0.779,0.087,0.2,2.07,256.31,205.48,50.83,0.518,1,0
REQ-002447,14,AIRPORT,SUBURB_NORTH,XL,25.06,79.0,CLEAR,0.0,10.0,29.7,0.23,0,53,43,0.81,REGULAR,106.03,0.062,0.002,0.0,0.0,1.06,112.39,84.93,27.46,0.8825,0,0
REQ-002448,10,DOWNTOWN,TECH_CORRIDOR,PREMIUM,17.52,39.1,DRIZZLE,0.0,10.0,19.7,0.38,2,15,21,1.4,PLATINUM,90.29,0.1,0.288,0.14,0.0,1.53,138.14,108.39,29.75,0.8492,1,0
REQ-002449,1,DOWNTOWN,TECH_CORRIDOR,STANDARD,12.06,25.2,CLEAR,0.0,10.0,23.1,0.26,0,41,21,0.51,REGULAR,26.9,0.0,0.007,0.0,0.15,1.16,31.2,23.83,7.37,0.8552,1,0
REQ-002450,13,FINANCIAL_DISTRICT,SUBURB_NORTH,PREMIUM,17.27,39.7,CLEAR,0.0,10.0,5.8,0.32,0,28,47,1.68,GOLD,90.11,0.0,0.023,0.238,0.0,1.26,113.54,87.5,26.04,0.8825,1,0
REQ-002451,13,DOWNTOWN,TECH_CORRIDOR,COMFORT,24.15,46.0,HEAVY_RAIN,28.2,2.4,9.7,0.33,0,24,70,2.92,REGULAR,65.05,0.947,0.027,0.672,0.0,2.65,172.38,140.02,32.36,0.1419,0,0
REQ-002452,4,SUBURB_NORTH,TECH_CORRIDOR,COMFORT,9.14,26.1,CLEAR,0.0,10.0,30.7,0.22,0,55,19,0.35,GOLD,31.33,0.0,0.001,0.0,0.0,1.0,31.33,23.5,7.83,0.9334,1,0
REQ-002453,19,TECH_CORRIDOR,AIRPORT,PREMIUM,3.43,8.7,RAIN,4.2,6.8,21.6,0.81,0,12,73,6.08,REGULAR,24.99,0.297,0.629,1.2,0.25,3.38,84.47,69.3,15.17,0.0279,0,0
REQ-002454,8,FINANCIAL_DISTRICT,AIRPORT,STANDARD,26.61,75.9,DRIZZLE,0.0,10.0,13.5,0.75,0,14,37,2.64,REGULAR,62.83,0.1,0.541,0.574,0.2,2.42,152.05,122.96,29.09,0.223,0,0
REQ-002455,7,DOWNTOWN,AIRPORT,XL,18.66,53.0,DRIZZLE,0.0,10.0,25.4,0.62,0,48,71,1.48,REGULAR,76.99,0.1,0.372,0.168,0.2,1.84,141.66,112.71,28.95,0.5359,0,0
REQ-002456,16,AIRPORT,TECH_CORRIDOR,PREMIUM,3.39,8.7,CLEAR,0.0,10.0,5.4,0.32,0,48,46,0.96,REGULAR,24.88,0.0,0.023,0.0,0.0,1.02,25.38,19.09,6.29,0.8921,1,0
REQ-002457,20,FINANCIAL_DISTRICT,AIRPORT,XL,20.26,47.0,HEAVY_RAIN,54.3,1.7,16.7,0.06,0,31,29,0.94,GOLD,76.75,1.2,0.0,0.0,0.0,2.2,168.85,135.85,33.0,0.4403,1,0
REQ-002458,8,FINANCIAL_DISTRICT,DOWNTOWN,PREMIUM,22.72,51.1,FOG,0.0,10.0,26.5,0.41,0,28,60,2.14,REGULAR,115.06,0.2,0.063,0.399,0.2,1.86,214.01,170.4,43.61,0.524,0,0
REQ-002459,23,AIRPORT,DOWNTOWN,XL,6.4,11.7,RAIN,14.3,4.1,14.5,0.11,1,25,67,2.68,GOLD,26.46,0.469,0.12,0.588,0.15,2.33,61.65,49.76,11.89,0.3654,0,0
REQ-002460,19,TECH_CORRIDOR,DOWNTOWN,PREMIUM,26.6,75.5,DRIZZLE,0.0,10.0,29.1,0.59,0,30,44,1.47,REGULAR,146.65,0.1,0.337,0.164,0.25,1.85,271.3,215.94,55.36,0.53,0,0
REQ-002461,19,SUBURB_NORTH,FINANCIAL_DISTRICT,PREMIUM,15.33,46.7,CLEAR,0.0,10.0,31.4,0.74,1,40,35,0.88,REGULAR,90.62,0.081,0.645,0.0,0.25,1.98,179.43,143.45,35.98,0.4521,1,0
REQ-002462,4,DOWNTOWN,TECH_CORRIDOR,XL,17.67,53.5,RAIN,13.6,4.8,30.8,0.21,0,60,37,0.62,REGULAR,75.21,0.403,0.0,0.0,0.0,1.4,105.29,81.98,23.31,0.7685,1,0
REQ-002463,3,SUBURB_NORTH,DOWNTOWN,PREMIUM,6.55,16.0,SNOW,6.1,4.8,-7.5,0.13,0,22,72,3.27,GOLD,39.94,0.619,0.0,0.794,0.15,2.56,102.25,82.92,19.33,0.249,1,0
REQ-002464,1,DOWNTOWN,SUBURB_NORTH,COMFORT,2.31,5.0,CLEAR,0.0,10.0,11.4,0.09,0,47,46,0.98,REGULAR,10.56,0.0,0.0,0.0,0.15,1.15,12.14,9.26,2.88,0.8581,1,0
REQ-002465,20,AIRPORT,FINANCIAL_DISTRICT,XL,7.88,23.8,RAIN,3.0,7.1,14.8,0.35,0,59,38,0.64,REGULAR,36.83,0.284,0.034,0.0,0.0,1.32,48.62,37.64,10.98,0.8009,1,0
REQ-002466,4,FINANCIAL_DISTRICT,TECH_CORRIDOR,COMFORT,13.97,32.0,CLEAR,0.0,10.0,24.5,0.43,0,45,29,0.64,REGULAR,41.95,0.0,0.074,0.0,0.0,1.07,44.89,33.96,10.93,0.88,1,0
REQ-002467,0,DOWNTOWN,FINANCIAL_DISTRICT,COMFORT,19.05,35.6,CLEAR,0.0,10.0,10.1,0.32,0,44,45,1.02,PLATINUM,51.95,0.065,0.023,0.0,0.15,1.24,64.42,49.56,14.86,0.9186,1,0
REQ-002468,4,AIRPORT,DOWNTOWN,COMFORT,7.49,22.1,CLEAR,0.0,10.0,28.1,0.27,0,28,70,2.5,REGULAR,26.81,0.053,0.009,0.525,0.0,1.59,42.63,33.55,9.08,0.6779,0,0
REQ-002469,7,TECH_CORRIDOR,AIRPORT,COMFORT,17.2,51.0,CLEAR,0.0,10.0,31.6,0.65,0,38,31,0.82,REGULAR,55.83,0.074,0.408,0.0,0.2,1.68,93.79,74.14,19.65,0.629,0,0
REQ-002470,16,DOWNTOWN,TECH_CORRIDOR,COMFORT,5.65,15.3,CLEAR,0.0,10.0,31.9,0.23,0,12,67,5.58,GOLD,20.71,0.0,0.002,1.2,0.0,2.2,45.56,36.66,8.9,0.4403,1,0
REQ-002471,20,TECH_CORRIDOR,FINANCIAL_DISTRICT,STANDARD,7.13,19.2,CLEAR,0.0,10.0,25.0,0.1,0,11,42,3.82,REGULAR,18.63,0.0,0.0,0.987,0.0,1.99,37.07,29.65,7.42,0.4462,1,0
REQ-002472,15,AIRPORT,SUBURB_NORTH,XL,10.02,24.2,HEAVY_RAIN,20.6,1.3,11.3,0.31,0,21,43,2.05,REGULAR,41.56,0.902,0.02,0.367,0.0,2.29,95.17,76.74,18.43,0.2817,1,0
REQ-002473,16,DOWNTOWN,FINANCIAL_DISTRICT,COMFORT,16.68,47.4,FOG,0.0,10.0,6.6,0.34,0,45,80,1.78,GOLD,53.35,0.261,0.03,0.273,0.0,1.56,83.23,65.41,17.82,0.7852,0,0
REQ-002474,11,TECH_CORRIDOR,SUBURB_NORTH,XL,7.7,14.6,CLEAR,0.0,10.0,13.0,0.39,0,10,67,6.7,GOLD,30.93,0.0,0.053,1.2,0.0,2.25,69.59,56.06,13.53,0.411,1,0
REQ-002475,12,SUBURB_NORTH,TECH_CORRIDOR,STANDARD,18.76,51.2,CLEAR,0.0,10.0,29.4,0.28,0,52,21,0.4,PLATINUM,44.37,0.0,0.011,0.0,0.0,1.01,44.81,33.65,11.16,0.9515,0,0
REQ-002476,7,TECH_CORRIDOR,AIRPORT,XL,21.33,39.2,CLEAR,0.0,10.0,24.6,0.52,1,39,73,1.87,REGULAR,74.31,0.034,0.381,0.304,0.2,1.92,142.68,113.85,28.83,0.488,0,0
REQ-002477,0,DOWNTOWN,AIRPORT,PREMIUM,16.88,45.8,CLEAR,0.0,10.0,26.9,0.4,0,31,76,2.45,REGULAR,94.19,0.0,0.058,0.508,0.15,1.72,162.01,128.29,33.72,0.6064,1,0
REQ-002478,22,DOWNTOWN,TECH_CORRIDOR,COMFORT,23.53,57.1,CLEAR,0.0,10.0,13.1,0.42,0,58,51,0.88,REGULAR,69.02,0.0,0.069,0.0,0.0,1.07,73.85,55.87,17.98,0.88,1,0
REQ-002479,12,AIRPORT,FINANCIAL_DISTRICT,STANDARD,10.72,32.7,RAIN,14.3,6.5,8.2,0.23,0,54,14,0.26,REGULAR,27.85,0.411,0.002,0.0,0.0,1.41,39.27,30.59,8.68,0.7642,1,0
REQ-002480,10,TECH_CORRIDOR,DOWNTOWN,COMFORT,10.16,32.2,CLEAR,0.0,10.0,31.4,0.29,0,34,79,2.32,GOLD,35.75,0.0,0.014,0.462,0.0,1.48,52.91,41.4,11.51,0.8158,0,0
REQ-002481,14,AIRPORT,SUBURB_NORTH,XL,13.32,41.7,FOG,0.0,10.0,25.1,0.36,0,26,33,1.27,REGULAR,58.99,0.2,0.039,0.095,0.0,1.33,78.46,60.79,17.67,0.7971,1,0
REQ-002482,22,DOWNTOWN,SUBURB_NORTH,STANDARD,27.32,84.4,DRIZZLE,0.0,10.0,16.3,0.16,0,15,60,4.0,REGULAR,66.69,0.121,0.0,1.05,0.0,2.17,144.72,116.34,28.38,0.3434,0,0
REQ-002483,7,TECH_CORRIDOR,FINANCIAL_DISTRICT,STANDARD,26.04,47.7,HEAVY_RAIN,54.6,0.7,28.6,0.68,1,48,71,1.48,REGULAR,52.25,1.2,0.566,0.168,0.2,3.13,163.54,133.78,29.76,0.0496,0,0
REQ-002484,0,AIRPORT,SUBURB_NORTH,PREMIUM,11.34,28.7,BLIZZARD,20.5,2.7,-10.6,0.39,0,41,37,0.9,REGULAR,64.14,1.2,0.053,0.0,0.15,2.4,153.94,124.44,29.5,0.2315,0,0
REQ-002485,17,SUBURB_NORTH,AIRPORT,COMFORT,11.39,20.8,DRIZZLE,0.0,10.0,8.8,0.59,0,13,34,2.62,REGULAR,32.65,0.1,0.337,0.567,0.25,2.25,73.46,59.18,14.28,0.3015,0,0
REQ-002486,5,TECH_CORRIDOR,AIRPORT,STANDARD,4.32,10.8,DRIZZLE,0.0,10.0,7.9,0.19,0,43,25,0.58,REGULAR,12.18,0.126,0.0,0.0,0.0,1.13,13.76,10.48,3.28,0.8639,1,0
REQ-002487,14,DOWNTOWN,SUBURB_NORTH,COMFORT,4.83,15.1,HEAVY_RAIN,57.2,0.7,18.4,0.22,0,38,59,1.55,GOLD,19.26,1.2,0.001,0.193,0.0,2.39,46.03,37.2,8.83,0.3327,0,0
REQ-002488,7,DOWNTOWN,FINANCIAL_DISTRICT,COMFORT,22.2,44.8,CLEAR,0.0,10.0,17.4,0.47,0,34,75,2.21,REGULAR,61.29,0.0,0.099,0.423,0.2,1.72,105.42,83.48,21.94,0.6064,1,0
REQ-002489,16,SUBURB_NORTH,TECH_CORRIDOR,XL,11.5,36.0,DRIZZLE,0.0,10.0,25.5,0.17,0,19,75,3.95,GOLD,51.75,0.1,0.0,1.032,0.0,2.13,110.23,88.52,21.71,0.482,1,0
REQ-002490,23,DOWNTOWN,AIRPORT,PREMIUM,18.45,40.2,DRIZZLE,0.0,10.0,12.5,0.33,0,45,68,1.51,GOLD,93.83,0.1,0.027,0.178,0.15,1.45,136.05,106.26,29.79,0.8264,1,0
REQ-002491,16,TECH_CORRIDOR,DOWNTOWN,XL,25.8,57.3,THUNDERSTORM,43.0,1.3,29.0,0.17,0,42,42,1.0,GOLD,94.56,1.2,0.0,0.0,0.0,2.2,208.03,167.37,40.66,0.4403,1,0
REQ-002492,16,TECH_CORRIDOR,FINANCIAL_DISTRICT,XL,16.57,49.4,CLEAR,0.0,10.0,5.5,0.35,0,51,71,1.39,REGULAR,70.44,0.069,0.034,0.136,0.0,1.24,87.35,67.2,20.15,0.8298,1,0
REQ-002493,7,TECH_CORRIDOR,SUBURB_NORTH,COMFORT,13.77,25.7,CLEAR,0.0,10.0,9.0,0.44,0,16,78,4.88,REGULAR,38.78,0.0,0.08,1.2,0.2,2.48,96.17,77.87,18.3,0.1991,0,0
REQ-002494,1,SUBURB_NORTH,TECH_CORRIDOR,PREMIUM,13.05,40.9,DRIZZLE,0.0,10.0,7.2,0.13,0,24,26,1.08,REGULAR,79.31,0.1,0.0,0.0,0.15,1.25,99.14,76.34,22.8,0.8264,1,0
REQ-002495,15,TECH_CORRIDOR,FINANCIAL_DISTRICT,STANDARD,13.66,41.1,HEAVY_RAIN,53.9,1.8,14.6,0.23,2,31,65,2.1,GOLD,34.45,1.2,0.242,0.385,0.0,2.83,97.49,79.42,18.07,0.1478,0,0
REQ-002496,8,TECH_CORRIDOR,SUBURB_NORTH,PREMIUM,3.21,7.1,RAIN,8.7,5.9,27.3,0.42,0,37,17,0.46,REGULAR,23.02,0.348,0.069,0.0,0.2,1.62,37.29,29.39,7.9,0.662,1,0
REQ-002497,19,DOWNTOWN,FINANCIAL_DISTRICT,XL,11.58,25.4,CLEAR,0.0,10.0,22.3,0.71,0,59,51,0.86,REGULAR,45.56,0.017,0.486,0.0,0.25,1.75,79.73,63.21,16.52,0.589,1,0
REQ-002498,23,FINANCIAL_DISTRICT,TECH_CORRIDOR,XL,26.69,58.0,CLEAR,0.0,10.0,14.6,0.33,0,56,62,1.11,REGULAR,96.85,0.002,0.027,0.0,0.15,1.18,114.28,87.45,26.83,0.8492,1,0
REQ-002499,0,AIRPORT,FINANCIAL_DISTRICT,STANDARD,20.42,64.9,FOG,0.0,10.0,29.3,0.36,0,54,70,1.3,REGULAR,51.24,0.268,0.039,0.105,0.15,1.56,79.93,62.82,17.11,0.6934,1,0
REQ-002500,17,FINANCIAL_DISTRICT,TECH_CORRIDOR,PREMIUM,16.87,46.2,CLEAR,0.0,10.0,30.6,0.85,0,55,64,1.16,GOLD,94.51,0.0,0.689,0.0,0.25,1.94,183.35,146.4,36.95,0.5948,1,0
REQ-002501,14,SUBURB_NORTH,TECH_CORRIDOR,STANDARD,22.49,46.4,CLEAR,0.0,10.0,28.6,0.12,0,60,46,0.77,REGULAR,47.35,0.0,0.0,0.0,0.0,1.0,47.35,35.51,11.84,0.8966,1,0
REQ-002502,7,DOWNTOWN,TECH_CORRIDOR,PREMIUM,22.85,55.0,CLEAR,0.0,10.0,28.5,0.64,1,39,23,0.59,REGULAR,118.73,0.0,0.515,0.0,0.2,1.72,204.22,161.71,42.51,0.6064,1,0
REQ-002503,18,DOWNTOWN,FINANCIAL_DISTRICT,PREMIUM,7.02,19.3,CLEAR,0.0,10.0,28.1,0.76,0,10,22,2.2,REGULAR,44.07,0.0,0.555,0.42,0.25,2.23,98.28,79.13,19.15,0.3117,1,0
REQ-002504,6,SUBURB_NORTH,TECH_CORRIDOR,STANDARD,14.49,36.4,CLEAR,0.0,10.0,23.1,0.08,0,27,12,0.44,REGULAR,33.85,0.0,0.0,0.0,0.0,1.0,33.85,25.39,8.46,0.8966,0,0
REQ-002505,18,SUBURB_NORTH,AIRPORT,COMFORT,6.62,21.1,HEAVY_RAIN,27.0,2.5,21.8,0.4,0,48,55,1.15,PLATINUM,24.92,0.854,0.058,0.0,0.25,2.16,53.83,43.26,10.57,0.5538,0,0
REQ-002506,7,DOWNTOWN,AIRPORT,XL,12.93,28.0,CLEAR,0.0,10.0,7.9,0.61,0,35,55,1.57,REGULAR,49.95,0.0,0.359,0.2,0.2,1.76,87.91,69.73,18.18,0.5832,1,0
REQ-002507,18,DOWNTOWN,AIRPORT,STANDARD,23.05,68.2,RAIN,12.0,4.2,14.9,0.84,0,24,29,1.21,REGULAR,55.68,0.453,0.675,0.073,0.25,2.45,136.42,110.39,26.03,0.2108,0,0
REQ-002508,21,AIRPORT,FINANCIAL_DISTRICT,COMFORT,20.75,47.7,RAIN,15.0,7.5,19.3,0.15,0,48,80,1.67,REGULAR,60.21,0.419,0.0,0.234,0.0,1.65,99.35,78.43,20.92,0.6457,1,0
REQ-002509,4,FINANCIAL_DISTRICT,DOWNTOWN,COMFORT,24.73,61.0,DRIZZLE,0.0,10.0,7.1,0.13,1,18,55,3.06,REGULAR,72.75,0.1,0.12,0.721,0.0,1.94,141.13,112.69,28.44,0.476,0,0
REQ-002510,4,AIRPORT,FINANCIAL_DISTRICT,COMFORT,13.04,34.7,CLEAR,0.0,10.0,27.7,0.32,0,37,28,0.76,REGULAR,41.64,0.0,0.023,0.0,0.0,1.02,42.47,31.94,10.53,0.8921,1,0
REQ-002511,16,SUBURB_NORTH,TECH_CORRIDOR,COMFORT,21.08,63.9,DRIZZLE,0.0,10.0,12.2,0.37,0,36,31,0.86,REGULAR,68.03,0.1,0.043,0.0,0.0,1.14,77.55,59.11,18.44,0.861,1,0
REQ-002512,12,SUBURB_NORTH,TECH_CORRIDOR,STANDARD,3.35,6.1,RAIN,13.3,4.7,15.2,0.37,0,26,22,0.85,GOLD,9.32,0.4,0.043,0.0,0.0,1.44,13.42,10.47,2.95,0.8298,1,0
REQ-002513,2,DOWNTOWN,FINANCIAL_DISTRICT,COMFORT,2.47,4.5,RAIN,3.1,7.2,20.3,0.36,0,23,68,2.96,REGULAR,10.6,0.285,0.039,0.686,0.15,2.16,22.9,18.4,4.5,0.3489,0,0
REQ-002514,19,SUBURB_NORTH,AIRPORT,PREMIUM,15.76,30.6,CLEAR,0.0,10.0,26.6,0.44,0,12,20,1.67,REGULAR,78.14,0.0,0.08,0.234,0.25,1.56,121.9,95.8,26.1,0.6934,1,0
REQ-002515,2,AIRPORT,SUBURB_NORTH,XL,12.29,36.6,RAIN,8.7,6.8,24.5,0.44,0,20,21,1.05,PLATINUM,53.77,0.348,0.08,0.0,0.15,1.58,84.96,66.84,18.12,0.8331,1,0
REQ-002516,3,SUBURB_NORTH,DOWNTOWN,PREMIUM,27.97,50.6,RAIN,11.4,8.0,31.3,0.14,0,48,15,0.31,REGULAR,129.33,0.378,0.0,0.0,0.15,1.53,197.87,155.26,42.61,0.7085,0,0
REQ-002517,2,DOWNTOWN,FINANCIAL_DISTRICT,XL,16.71,39.8,HEAVY_RAIN,59.2,2.0,9.3,0.43,0,8,63,7.88,REGULAR,64.97,1.2,0.074,1.2,0.15,3.5,227.39,186.78,40.61,0.021,0,1
REQ-002518,20,AIRPORT,SUBURB_NORTH,PREMIUM,26.09,48.9,CLEAR,0.0,10.0,7.3,0.15,0,25,70,2.8,REGULAR,122.61,0.067,0.0,0.63,0.0,1.7,208.44,164.91,43.53,0.6177,0,0
REQ-002519,10,DOWNTOWN,FINANCIAL_DISTRICT,XL,10.81,20.7,RAIN,14.1,6.8,20.4,0.44,0,48,62,1.29,REGULAR,41.12,0.409,0.08,0.102,0.0,1.59,65.38,51.46,13.92,0.6779,0,0
REQ-002520,8,SUBURB_NORTH,TECH_CORRIDOR,COMFORT,22.77,63.4,RAIN,14.8,6.0,18.1,0.42,0,29,58,2.0,REGULAR,70.6,0.416,0.069,0.35,0.2,2.04,144.02,115.36,28.66,0.4168,0,0
REQ-002521,8,DOWNTOWN,SUBURB_NORTH,COMFORT,6.67,15.7,RAIN,7.6,7.5,22.9,0.59,1,54,72,1.33,REGULAR,22.57,0.336,0.456,0.116,0.2,2.11,47.62,38.22,9.4,0.3766,1,0
REQ-002522,3,DOWNTOWN,AIRPORT,PREMIUM,22.21,43.4,CLEAR,0.0,10.0,20.1,0.2,0,12,73,6.08,REGULAR,107.08,0.019,0.0,1.2,0.15,2.37,253.78,205.0,48.78,0.2445,0,0
REQ-002523,23,AIRPORT,TECH_CORRIDOR,STANDARD,16.47,38.9,CLEAR,0.0,10.0,28.0,0.07,0,27,45,1.67,GOLD,37.2,0.0,0.0,0.234,0.15,1.38,51.34,39.92,11.42,0.8492,1,0
REQ-002524,16,AIRPORT,FINANCIAL_DISTRICT,PREMIUM,14.84,39.8,CLEAR,0.0,10.0,23.9,0.08,0,50,75,1.5,REGULAR,83.38,0.036,0.0,0.175,0.0,1.21,100.89,77.42,23.47,0.8397,0,0
REQ-002525,14,FINANCIAL_DISTRICT,TECH_CORRIDOR,XL,24.82,77.6,CLEAR,0.0,10.0,8.9,0.34,0,17,10,0.59,REGULAR,104.68,0.0,0.03,0.0,0.0,1.03,107.82,81.18,26.64,0.8897,1,0
REQ-002526,17,TECH_CORRIDOR,DOWNTOWN,PREMIUM,18.99,35.4,CLEAR,0.0,10.0,12.1,0.66,0,46,69,1.5,REGULAR,91.26,0.0,0.42,0.175,0.25,1.84,167.92,133.61,34.31,0.5359,0,0
REQ-002527,2,DOWNTOWN,SUBURB_NORTH,XL,5.16,12.6,CLEAR,0.0,10.0,5.8,0.06,0,30,24,0.8,GOLD,24.4,0.0,0.0,0.0,0.15,1.15,28.06,21.41,6.65,0.9072,1,0
REQ-002528,5,DOWNTOWN,FINANCIAL_DISTRICT,PREMIUM,25.73,66.3,CLEAR,0.0,10.0,31.3,0.22,0,38,71,1.87,GOLD,136.39,0.0,0.001,0.304,0.0,1.3,177.31,137.07,40.24,0.8721,1,0
REQ-002529,5,SUBURB_NORTH,FINANCIAL_DISTRICT,STANDARD,17.71,35.8,DRIZZLE,0.0,10.0,11.3,0.1,0,45,29,0.64,REGULAR,37.67,0.1,0.0,0.0,0.0,1.1,41.44,31.46,9.98,0.8721,1,0
REQ-002530,14,FINANCIAL_DISTRICT,SUBURB_NORTH,PREMIUM,15.9,33.0,THUNDERSTORM,31.2,2.2,29.2,0.09,0,45,44,0.98,GOLD,80.57,1.181,0.0,0.0,0.0,2.18,175.64,141.24,34.4,0.4521,0,0
REQ-002531,10,SUBURB_NORTH,DOWNTOWN,STANDARD,6.59,19.0,RAIN,12.6,4.2,10.8,0.06,0,30,72,2.4,GOLD,17.89,0.392,0.0,0.49,0.0,1.88,33.63,26.8,6.83,0.629,1,0
REQ-002532,12,DOWNTOWN,TECH_CORRIDOR,COMFORT,20.66,58.5,RAIN,8.5,4.9,15.0,0.19,0,15,60,4.0,REGULAR,64.91,0.346,0.0,1.05,0.0,2.4,155.78,125.92,29.86,0.2315,0,0
REQ-002533,11,DOWNTOWN,TECH_CORRIDOR,PREMIUM,5.94,15.5,CLEAR,0.0,10.0,15.7,0.13,0,57,56,0.98,REGULAR,37.8,0.044,0.0,0.0,0.0,1.04,39.31,29.63,9.68,0.8874,1,0
REQ-002534,19,TECH_CORRIDOR,SUBURB_NORTH,COMFORT,26.08,76.5,CLEAR,0.0,10.0,13.8,0.42,0,9,59,6.56,REGULAR,81.96,0.0,0.069,1.2,0.25,2.52,206.54,167.36,39.18,0.1842,1,0
REQ-002535,17,SUBURB_NORTH,TECH_CORRIDOR,COMFORT,23.38,71.7,CLEAR,0.0,10.0,7.6,0.81,0,15,17,1.13,PLATINUM,75.35,0.034,0.628,0.0,0.25,1.91,143.92,114.8,29.12,0.6934,1,0
REQ-002536,7,SUBURB_NORTH,TECH_CORRIDOR,XL,16.04,40.4,HEAVY_RAIN,50.2,2.5,11.2,0.4,0,59,50,0.85,GOLD,63.92,1.115,0.058,0.0,0.2,2.37,151.49,122.37,29.12,0.3434,0,0
REQ-002537,21,DOWNTOWN,TECH_CORRIDOR,STANDARD,11.98,31.0,CLEAR,0.0,10.0,15.1,0.16,0,11,50,4.55,GOLD,28.83,0.021,0.0,1.2,0.0,2.22,64.0,51.52,12.48,0.4285,0,0
REQ-002538,16,DOWNTOWN,SUBURB_NORTH,PREMIUM,2.38,5.9,DRIZZLE,0.0,10.0,9.3,0.16,1,20,10,0.5,REGULAR,19.68,0.1,0.12,0.0,0.0,1.22,24.01,18.44,5.57,0.8364,1,0
REQ-002539,10,AIRPORT,DOWNTOWN,STANDARD,25.27,64.8,THUNDERSTORM,33.1,1.7,29.4,0.05,0,9,58,6.44,REGULAR,57.27,1.2,0.0,1.2,0.0,3.4,194.72,159.78,34.94,0.0266,0,0
REQ-002540,5,AIRPORT,DOWNTOWN,PREMIUM,6.26,14.0,CLEAR,0.0,10.0,23.7,0.19,0,11,24,2.18,REGULAR,37.43,0.07,0.0,0.413,0.0,1.48,55.4,43.35,12.05,0.7326,1,0
REQ-002541,15,SUBURB_NORTH,DOWNTOWN,STANDARD,22.83,58.8,DRIZZLE,0.0,10.0,31.5,0.34,1,47,25,0.53,GOLD,52.12,0.1,0.15,0.0,0.0,1.25,65.15,50.17,14.98,0.8849,1,0
REQ-002542,3,DOWNTOWN,FINANCIAL_DISTRICT,XL,21.47,63.3,CLEAR,0.0,10.0,31.1,0.05,0,25,57,2.28,REGULAR,89.07,0.063,0.0,0.448,0.15,1.66,147.86,116.77,31.09,0.6401,1,0
REQ-002543,13,TECH_CORRIDOR,FINANCIAL_DISTRICT,COMFORT,22.86,46.1,RAIN,4.7,7.1,20.2,0.28,0,47,35,0.74,REGULAR,62.97,0.353,0.011,0.0,0.0,1.36,85.64,66.5,19.14,0.7852,0,0
REQ-002544,1,AIRPORT,FINANCIAL_DISTRICT,COMFORT,17.67,41.1,CLEAR,0.0,10.0,10.4,0.23,1,60,25,0.42,REGULAR,52.16,0.025,0.122,0.0,0.15,1.3,67.81,52.42,15.39,0.8085,1,0
REQ-002545,2,AIRPORT,DOWNTOWN,COMFORT,18.77,47.9,DRIZZLE,0.0,10.0,29.1,0.16,0,35,54,1.54,REGULAR,57.02,0.1,0.0,0.189,0.15,1.44,82.11,64.09,18.02,0.751,1,0
REQ-002546,3,AIRPORT,SUBURB_NORTH,XL,11.69,27.9,CLEAR,0.0,10.0,25.4,0.45,0,22,23,1.05,REGULAR,47.29,0.0,0.086,0.0,0.15,1.24,58.64,45.12,13.52,0.8298,1,0
REQ-002547,21,TECH_CORRIDOR,SUBURB_NORTH,PREMIUM,22.31,47.6,RAIN,4.5,4.0,9.2,0.15,0,48,40,0.83,REGULAR,110.93,0.33,0.0,0.0,0.0,1.33,147.54,114.32,33.22,0.7971,1,0
REQ-002548,21,DOWNTOWN,AIRPORT,XL,2.7,7.6,CLEAR,0.0,10.0,5.4,0.36,0,35,58,1.66,REGULAR,16.23,0.0,0.039,0.231,0.0,1.27,20.61,15.9,4.71,0.8194,1,0
REQ-002549,14,DOWNTOWN,TECH_CORRIDOR,COMFORT,12.11,34.3,CLEAR,0.0,10.0,24.8,0.43,0,30,36,1.2,PLATINUM,39.91,0.0,0.074,0.0,0.0,1.07,42.7,32.3,10.4,0.9444,1,0
REQ-002550,1,TECH_CORRIDOR,DOWNTOWN,COMFORT,7.23,22.0,DRIZZLE,0.0,10.0,5.8,0.45,0,39,16,0.41,REGULAR,26.33,0.1,0.086,0.0,0.15,1.34,35.28,27.36,7.92,0.7931,1,0
REQ-002551,21,DOWNTOWN,TECH_CORRIDOR,COMFORT,4.71,12.2,DRIZZLE,0.0,10.0,26.5,0.22,0,51,32,0.63,REGULAR,17.76,0.131,0.001,0.0,0.0,1.13,20.07,15.28,4.79,0.8639,1,0
REQ-002552,12,SUBURB_NORTH,TECH_CORRIDOR,STANDARD,2.36,6.8,HEAVY_RAIN,40.2,2.8,6.7,0.24,1,54,30,0.56,REGULAR,8.33,1.026,0.123,0.0,0.0,2.15,17.91,14.39,3.52,0.3543,0,0
REQ-002553,17,AIRPORT,TECH_CORRIDOR,XL,15.09,27.7,RAIN,11.1,6.4,9.2,0.7,0,46,66,1.43,REGULAR,54.31,0.375,0.472,0.15,0.25,2.25,122.2,98.44,23.76,0.3015,1,0
REQ-002554,19,TECH_CORRIDOR,DOWNTOWN,COMFORT,8.87,25.0,CLEAR,0.0,10.0,28.0,0.52,0,43,15,0.35,PLATINUM,30.39,0.047,0.261,0.0,0.25,1.56,47.41,37.26,10.15,0.8397,1,0
REQ-002555,10,AIRPORT,FINANCIAL_DISTRICT,COMFORT,8.63,26.4,CLEAR,0.0,10.0,29.8,0.34,1,11,33,3.0,REGULAR,30.62,0.0,0.15,0.7,0.0,1.85,56.65,45.09,11.56,0.53,1,0
REQ-002556,13,TECH_CORRIDOR,DOWNTOWN,PREMIUM,20.28,57.7,CLEAR,0.0,10.0,13.6,0.4,0,22,13,0.59,REGULAR,113.83,0.0,0.058,0.0,0.0,1.06,120.66,91.18,29.48,0.8825,1,0
REQ-002557,20,DOWNTOWN,AIRPORT,PREMIUM,15.62,48.3,RAIN,11.5,7.4,16.8,0.34,0,9,46,5.11,PLATINUM,92.79,0.379,0.03,1.2,0.0,2.61,242.18,196.57,45.61,0.2965,1,0
REQ-002558,6,AIRPORT,TECH_CORRIDOR,STANDARD,8.11,22.9,RAIN,6.4,4.7,31.2,0.32,0,38,45,1.18,PLATINUM,21.15,0.356,0.023,0.0,0.0,1.38,29.19,22.7,6.49,0.8897,1,0
REQ-002559,7,FINANCIAL_DISTRICT,DOWNTOWN,PREMIUM,27.38,55.4,RAIN,3.5,6.6,21.6,0.46,0,36,76,2.11,REGULAR,131.75,0.289,0.093,0.388,0.2,1.97,259.55,207.44,52.11,0.4581,0,0
REQ-002560,13,AIRPORT,DOWNTOWN,STANDARD,10.63,25.8,BLIZZARD,25.6,2.0,-7.3,0.22,0,29,48,1.66,REGULAR,25.32,1.2,0.001,0.231,0.0,2.43,61.53,49.77,11.76,0.2189,0,0
REQ-002561,19,SUBURB_NORTH,TECH_CORRIDOR,PREMIUM,6.54,13.4,CLEAR,0.0,10.0,17.5,0.72,0,35,13,0.37,REGULAR,37.7,0.0,0.499,0.0,0.25,1.75,65.98,52.31,13.67,0.589,0,0
REQ-002562,7,AIRPORT,DOWNTOWN,COMFORT,15.44,37.3,DRIZZLE,0.0,10.0,23.1,0.85,0,42,77,1.83,REGULAR,46.77,0.1,0.689,0.29,0.2,2.28,106.64,85.97,20.67,0.2866,1,0
REQ-002563,13,AIRPORT,TECH_CORRIDOR,PREMIUM,6.85,16.3,FOG,0.0,10.0,6.6,0.2,0,43,49,1.14,REGULAR,41.04,0.2,0.0,0.0,0.0,1.2,49.25,37.76,11.49,0.8429,1,0
REQ-002564,20,DOWNTOWN,SUBURB_NORTH,COMFORT,12.67,31.3,CLEAR,0.0,10.0,22.5,0.34,1,35,62,1.77,GOLD,39.5,0.0,0.15,0.269,0.0,1.42,56.09,43.73,12.36,0.8364,0,0
REQ-002565,18,DOWNTOWN,TECH_CORRIDOR,STANDARD,9.4,27.2,THUNDERSTORM,23.3,0.6,7.9,0.78,0,29,49,1.69,PLATINUM,24.27,1.2,0.582,0.241,0.25,3.27,79.36,65.03,14.33,0.0796,0,0
REQ-002566,12,DOWNTOWN,FINANCIAL_DISTRICT,PREMIUM,25.01,75.5,CLEAR,0.0,10.0,24.9,0.17,0,59,10,0.17,PLATINUM,142.2,0.0,0.0,0.0,0.0,1.0,142.2,106.65,35.55,0.9526,1,0
REQ-002567,1,FINANCIAL_DISTRICT,SUBURB_NORTH,PREMIUM,19.85,58.6,CLEAR,0.0,10.0,30.9,0.21,0,33,23,0.7,REGULAR,113.39,0.0,0.0,0.0,0.15,1.15,130.4,99.5,30.9,0.8581,1,0
REQ-002568,2,TECH_CORRIDOR,SUBURB_NORTH,STANDARD,24.48,72.0,CLEAR,0.0,10.0,29.6,0.11,1,9,62,6.89,REGULAR,58.8,0.0,0.12,1.2,0.15,2.47,145.24,117.57,27.67,0.2029,1,0
REQ-002569,20,SUBURB_NORTH,TECH_CORRIDOR,XL,8.38,24.8,CLEAR,0.0,10.0,23.1,0.42,0,11,50,4.55,PLATINUM,38.48,0.0,0.069,1.2,0.0,2.27,87.35,70.4,16.95,0.488,1,0
REQ-002570,5,SUBURB_NORTH,AIRPORT,STANDARD,4.12,9.8,CLEAR,0.0,10.0,23.9,0.13,0,43,78,1.81,GOLD,11.58,0.045,0.0,0.283,0.0,1.33,15.4,11.93,3.47,0.8639,1,0
REQ-002571,1,TECH_CORRIDOR,SUBURB_NORTH,XL,16.66,47.2,CLEAR,0.0,10.0,6.9,0.18,0,55,31,0.56,GOLD,69.31,0.0,0.0,0.0,0.15,1.15,79.71,60.82,18.89,0.9072,1,0
REQ-002572,21,DOWNTOWN,TECH_CORRIDOR,XL,20.94,38.3,CLEAR,0.0,10.0,31.1,0.43,0,49,46,0.94,REGULAR,72.95,0.0,0.074,0.0,0.0,1.07,78.06,59.06,19.0,0.88,1,0
REQ-002573,15,FINANCIAL_DISTRICT,SUBURB_NORTH,XL,19.66,49.8,DRIZZLE,0.0,10.0,24.7,0.07,0,37,26,0.7,REGULAR,77.17,0.145,0.0,0.0,0.0,1.15,88.75,67.72,21.03,0.8581,1,0
REQ-002574,23,SUBURB_NORTH,AIRPORT,PREMIUM,5.91,17.8,RAIN,5.5,7.1,7.8,0.21,0,12,12,1.0,REGULAR,39.68,0.332,0.0,0.0,0.15,1.48,58.73,45.95,12.78,0.7326,1,0
REQ-002575,5,TECH_CORRIDOR,AIRPORT,XL,27.59,73.4,DRIZZLE,0.0,10.0,11.7,0.15,1,40,26,0.65,REGULAR,107.98,0.1,0.12,0.0,0.0,1.22,131.74,101.18,30.56,0.8364,1,0
REQ-002576,5,TECH_CORRIDOR,SUBURB_NORTH,STANDARD,27.16,81.8,CLEAR,0.0,10.0,21.0,0.31,0,13,56,4.31,GOLD,65.58,0.0,0.02,1.158,0.0,2.18,142.96,114.96,28.0,0.4521,0,0
REQ-002577,12,AIRPORT,FINANCIAL_DISTRICT,XL,19.64,45.0,CLEAR,0.0,10.0,8.2,0.36,0,25,17,0.68,GOLD,74.24,0.0,0.039,0.0,0.0,1.04,77.21,58.2,19.01,0.9272,1,0
REQ-002578,23,DOWNTOWN,FINANCIAL_DISTRICT,PREMIUM,24.19,50.9,CLEAR,0.0,10.0,13.9,0.15,0,58,44,0.76,GOLD,119.0,0.0,0.0,0.0,0.15,1.15,136.85,104.42,32.43,0.9072,1,0
REQ-002579,20,SUBURB_NORTH,FINANCIAL_DISTRICT,STANDARD,6.06,12.3,CLEAR,0.0,10.0,6.9,0.3,1,50,75,1.5,REGULAR,14.87,0.0,0.137,0.175,0.0,1.31,19.48,15.07,4.41,0.8047,1,0
REQ-002580,15,SUBURB_NORTH,FINANCIAL_DISTRICT,PREMIUM,18.53,45.2,CLEAR,0.0,10.0,28.1,0.3,0,48,61,1.27,PLATINUM,98.3,0.0,0.017,0.095,0.0,1.11,109.11,82.91,26.2,0.9391,1,0
REQ-002581,22,FINANCIAL_DISTRICT,AIRPORT,PREMIUM,12.52,38.9,DRIZZLE,0.0,10.0,25.6,0.1,0,57,73,1.28,REGULAR,76.12,0.178,0.0,0.098,0.0,1.28,97.43,75.2,22.23,0.8158,1,0
REQ-002582,23,SUBURB_NORTH,DOWNTOWN,PREMIUM,15.35,49.1,HEAVY_RAIN,29.7,2.0,19.0,0.18,0,47,65,1.38,GOLD,92.71,0.934,0.0,0.133,0.15,2.22,205.82,165.68,40.14,0.4285,1,0
REQ-002583,21,TECH_CORRIDOR,DOWNTOWN,XL,11.41,24.8,RAIN,9.5,4.9,18.7,0.44,0,18,61,3.39,GOLD,44.84,0.357,0.08,0.837,0.0,2.27,101.79,82.04,19.75,0.3994,0,0
REQ-002584,10,DOWNTOWN,FINANCIAL_DISTRICT,PREMIUM,22.89,52.5,DRIZZLE,0.0,10.0,20.6,0.42,0,55,73,1.33,PLATINUM,116.71,0.1,0.069,0.116,0.0,1.29,150.56,116.31,34.25,0.9092,1,0
REQ-002585,20,AIRPORT,FINANCIAL_DISTRICT,COMFORT,26.99,51.3,CLEAR,0.0,10.0,30.4,0.37,0,39,52,1.33,GOLD,72.12,0.0,0.043,0.116,0.0,1.16,83.66,63.9,19.76,0.9052,1,0
REQ-002586,20,TECH_CORRIDOR,SUBURB_NORTH,STANDARD,24.34,56.7,CLEAR,0.0,10.0,8.0,0.06,1,39,77,1.97,REGULAR,53.27,0.0,0.12,0.339,0.0,1.46,77.77,60.78,16.99,0.7419,1,0
REQ-002587,3,TECH_CORRIDOR,AIRPORT,PREMIUM,3.47,6.3,DRIZZLE,0.0,10.0,30.4,0.41,1,49,63,1.29,REGULAR,23.07,0.1,0.183,0.102,0.15,1.54,35.53,27.89,7.64,0.7035,1,0
REQ-002588,12,DOWNTOWN,SUBURB_NORTH,COMFORT,25.07,74.4,FOG,0.0,10.0,10.6,0.24,0,18,73,4.06,REGULAR,79.35,0.201,0.003,1.071,0.0,2.27,180.12,145.17,34.95,0.2915,0,0
REQ-002589,19,SUBURB_NORTH,FINANCIAL_DISTRICT,COMFORT,12.28,31.0,CLEAR,0.0,10.0,10.2,0.8,0,58,36,0.62,REGULAR,38.71,0.0,0.612,0.0,0.25,1.86,72.0,57.33,14.67,0.524,1,0
REQ-002590,3,DOWNTOWN,TECH_CORRIDOR,XL,13.6,28.2,CLEAR,0.0,10.0,22.6,0.29,0,45,58,1.29,REGULAR,51.48,0.0,0.014,0.102,0.15,1.27,65.38,50.42,14.96,0.8194,1,0
REQ-002591,17,TECH_CORRIDOR,SUBURB_NORTH,COMFORT,18.46,50.5,CLEAR,0.0,10.0,31.1,0.72,1,39,67,1.72,PLATINUM,57.69,0.066,0.619,0.252,0.25,2.19,126.34,101.62,24.72,0.5359,1,0
REQ-002592,10,AIRPORT,TECH_CORRIDOR,COMFORT,19.31,46.0,CLEAR,0.0,10.0,17.0,0.09,0,49,25,0.51,GOLD,57.06,0.0,0.0,0.0,0.0,1.0,57.06,42.8,14.26,0.9334,0,0
REQ-002593,11,DOWNTOWN,TECH_CORRIDOR,PREMIUM,5.4,9.9,DRIZZLE,0.0,10.0,12.4,0.2,0,47,62,1.32,GOLD,31.54,0.131,0.0,0.112,0.0,1.24,39.11,30.09,9.02,0.8874,1,0
REQ-002594,8,SUBURB_NORTH,DOWNTOWN,STANDARD,20.72,38.9,CLEAR,0.0,10.0,31.9,0.4,0,29,68,2.34,REGULAR,42.51,0.013,0.058,0.469,0.2,1.74,73.97,58.62,15.35,0.5948,1,0
REQ-002595,6,AIRPORT,TECH_CORRIDOR,PREMIUM,11.43,27.9,RAIN,10.1,5.9,31.3,0.07,1,41,51,1.24,REGULAR,63.71,0.364,0.12,0.084,0.0,1.57,100.02,78.65,21.37,0.6883,0,0
REQ-002596,13,FINANCIAL_DISTRICT,AIRPORT,COMFORT,3.42,9.9,RAIN,5.2,5.2,18.1,0.22,1,32,52,1.62,REGULAR,14.6,0.308,0.121,0.217,0.0,1.65,24.09,19.02,5.07,0.6457,0,0
REQ-002597,9,SUBURB_NORTH,FINANCIAL_DISTRICT,STANDARD,10.37,29.9,CLEAR,0.0,10.0,21.1,0.72,1,34,29,0.85,REGULAR,26.42,0.067,0.619,0.0,0.2,1.89,49.93,39.8,10.13,0.506,1,0
REQ-002598,3,TECH_CORRIDOR,SUBURB_NORTH,STANDARD,11.14,20.9,HEAVY_RAIN,22.0,1.5,15.7,0.22,0,44,17,0.39,REGULAR,24.24,0.898,0.001,0.0,0.15,2.05,49.69,39.81,9.88,0.411,1,0
REQ-002599,3,TECH_CORRIDOR,SUBURB_NORTH,PREMIUM,17.83,48.9,DRIZZLE,0.0,10.0,31.4,0.06,0,11,80,7.27,REGULAR,99.48,0.1,0.0,1.2,0.15,2.45,243.73,197.22,46.51,0.2108,0,0
REQ-002600,7,DOWNTOWN,AIRPORT,COMFORT,17.73,55.0,CLEAR,0.0,10.0,23.1,0.63,0,44,79,1.8,REGULAR,58.5,0.0,0.384,0.28,0.2,1.86,108.81,86.64,22.17,0.524,1,0
REQ-002601,16,AIRPORT,FINANCIAL_DISTRICT,PREMIUM,11.05,26.1,RAIN,9.5,5.7,9.8,0.42,0,8,14,1.75,REGULAR,61.13,0.435,0.069,0.262,0.0,1.77,108.2,85.86,22.34,0.5774,1,0
REQ-002602,11,AIRPORT,SUBURB_NORTH,PREMIUM,23.17,60.9,CLEAR,0.0,10.0,26.9,0.35,0,17,21,1.24,REGULAR,124.65,0.0,0.034,0.084,0.0,1.12,139.61,106.2,33.41,0.8667,1,0
REQ-002603,17,SUBURB_NORTH,DOWNTOWN,XL,2.46,5.0,CLEAR,0.0,10.0,12.9,0.54,0,58,25,0.43,REGULAR,14.17,0.032,0.282,0.0,0.25,1.56,22.11,17.38,4.73,0.6934,1,0
REQ-002604,5,SUBURB_NORTH,AIRPORT,STANDARD,16.77,45.9,DRIZZLE,0.0,10.0,26.1,0.2,0,38,78,2.05,REGULAR,40.02,0.1,0.0,0.367,0.0,1.47,58.83,46.0,12.83,0.7373,1,0
REQ-002605,22,TECH_CORRIDOR,DOWNTOWN,XL,4.76,13.4,CLEAR,0.0,10.0,26.8,0.06,0,27,65,2.41,GOLD,24.04,0.023,0.0,0.493,0.0,1.52,36.54,28.66,7.88,0.8009,1,0
REQ-002606,10,AIRPORT,DOWNTOWN,XL,19.74,50.6,CLEAR,0.0,10.0,25.5,0.41,0,13,19,1.46,REGULAR,77.81,0.0,0.063,0.161,0.0,1.22,94.93,72.91,22.02,0.8364,1,0
REQ-002607,13,SUBURB_NORTH,DOWNTOWN,STANDARD,18.21,54.3,SNOW,3.6,5.7,-13.9,0.17,0,48,64,1.33,GOLD,44.76,0.789,0.0,0.116,0.0,1.91,85.49,68.19,17.3,0.6121,1,0
REQ-002608,8,DOWNTOWN,TECH_CORRIDOR,PREMIUM,19.81,58.8,CLEAR,0.0,10.0,5.1,0.61,2,55,76,1.38,GOLD,113.45,0.049,0.6,0.133,0.2,1.98,224.63,179.59,45.04,0.5715,1,0
REQ-002609,15,FINANCIAL_DISTRICT,SUBURB_NORTH,STANDARD,8.63,23.4,RAIN,10.1,6.8,23.9,0.45,1,11,35,3.18,REGULAR,21.98,0.364,0.206,0.763,0.0,2.33,51.21,41.33,9.88,0.2627,1,0
REQ-002610,19,TECH_CORRIDOR,SUBURB_NORTH,STANDARD,13.63,35.8,CLEAR,0.0,10.0,25.9,0.67,0,24,22,0.92,REGULAR,32.57,0.0,0.434,0.0,0.25,1.68,54.72,43.25,11.47,0.629,1,0
REQ-002611,18,AIRPORT,FINANCIAL_DISTRICT,COMFORT,27.88,53.1,CLEAR,0.0,10.0,5.3,0.76,0,47,27,0.57,PLATINUM,74.39,0.04,0.556,0.0,0.25,1.85,137.62,109.54,28.08,0.7231,1,0
REQ-002612,21,SUBURB_NORTH,TECH_CORRIDOR,STANDARD,15.82,41.3,CLEAR,0.0,10.0,18.7,0.31,0,20,45,2.25,REGULAR,37.22,0.0,0.02,0.438,0.0,1.46,54.34,42.47,11.87,0.7419,0,0
REQ-002613,10,DOWNTOWN,AIRPORT,STANDARD,5.05,11.3,CLEAR,0.0,10.0,21.3,0.32,0,21,79,3.76,GOLD,13.27,0.015,0.023,0.966,0.0,2.0,26.54,21.23,5.31,0.5597,1,0
REQ-002614,11,AIRPORT,FINANCIAL_DISTRICT,COMFORT,25.55,53.3,CLEAR,0.0,10.0,25.5,0.15,0,60,50,0.83,REGULAR,70.64,0.0,0.0,0.0,0.0,1.0,70.64,52.98,17.66,0.8966,0,0
REQ-002615,3,FINANCIAL_DISTRICT,AIRPORT,XL,8.1,22.5,RAIN,9.8,7.2,18.0,0.22,0,8,72,9.0,REGULAR,36.51,0.36,0.001,1.2,0.15,2.71,98.94,80.45,18.49,0.1252,0,0
REQ-002616,10,DOWNTOWN,FINANCIAL_DISTRICT,PREMIUM,20.45,61.3,RAIN,11.6,4.2,29.1,0.12,0,51,79,1.55,REGULAR,117.36,0.397,0.0,0.193,0.0,1.59,186.6,146.87,39.73,0.6779,1,0
REQ-002617,23,AIRPORT,SUBURB_NORTH,PREMIUM,21.46,55.9,RAIN,3.3,5.7,25.3,0.19,0,21,58,2.76,REGULAR,115.61,0.287,0.0,0.616,0.15,2.05,237.0,189.89,47.11,0.411,1,0
REQ-002618,22,AIRPORT,FINANCIAL_DISTRICT,COMFORT,12.87,36.8,DRIZZLE,0.0,10.0,31.2,0.2,1,13,57,4.38,REGULAR,42.3,0.18,0.12,1.183,0.0,2.48,104.9,84.94,19.96,0.1991,1,0
REQ-002619,9,SUBURB_NORTH,DOWNTOWN,COMFORT,23.72,68.2,THUNDERSTORM,37.8,2.8,25.4,0.65,0,55,72,1.31,REGULAR,74.33,1.2,0.407,0.109,0.2,2.92,217.04,177.05,39.99,0.0796,0,0
REQ-002620,22,TECH_CORRIDOR,SUBURB_NORTH,STANDARD,15.65,47.1,BLIZZARD,33.3,1.8,-6.3,0.08,0,58,38,0.66,PLATINUM,39.04,1.2,0.0,0.0,0.0,2.2,85.89,69.1,16.79,0.53,0,0
REQ-002621,6,SUBURB_NORTH,AIRPORT,PREMIUM,19.89,45.9,RAIN,8.8,7.0,12.3,0.1,0,17,31,1.82,REGULAR,102.71,0.349,0.0,0.287,0.0,1.64,168.44,132.9,35.54,0.6511,1,0
REQ-002622,4,FINANCIAL_DISTRICT,SUBURB_NORTH,PREMIUM,23.61,64.9,DRIZZLE,0.0,10.0,23.6,0.13,1,12,58,4.83,REGULAR,129.28,0.1,0.12,1.2,0.0,2.42,312.86,253.0,59.86,0.223,0,0
REQ-002623,12,TECH_CORRIDOR,FINANCIAL_DISTRICT,XL,10.84,20.1,DRIZZLE,0.0,10.0,19.3,0.11,1,32,28,0.88,PLATINUM,40.82,0.1,0.12,0.0,0.0,1.22,49.8,38.25,11.55,0.9222,1,0
REQ-002624,11,SUBURB_NORTH,DOWNTOWN,XL,20.04,49.7,RAIN,12.5,4.4,6.5,0.13,1,32,52,1.62,REGULAR,77.9,0.391,0.12,0.217,0.0,1.73,134.77,106.76,28.01,0.6006,0,0
REQ-002625,12,SUBURB_NORTH,FINANCIAL_DISTRICT,XL,18.29,50.5,DRIZZLE,0.0,10.0,7.0,0.12,0,51,10,0.2,REGULAR,74.71,0.1,0.0,0.0,0.0,1.1,82.18,62.38,19.8,0.8721,0,0
REQ-002626,0,TECH_CORRIDOR,SUBURB_NORTH,STANDARD,15.66,30.2,CLEAR,0.0,10.0,12.6,0.42,0,23,62,2.7,REGULAR,33.14,0.005,0.069,0.595,0.15,1.82,60.31,47.95,12.36,0.5479,1,0
REQ-002627,15,AIRPORT,SUBURB_NORTH,XL,22.33,48.7,CLEAR,0.0,10.0,8.0,0.22,0,39,63,1.62,REGULAR,82.11,0.0,0.001,0.217,0.0,1.22,100.17,76.93,23.24,0.8364,1,0
REQ-002628,9,FINANCIAL_DISTRICT,DOWNTOWN,STANDARD,19.78,49.6,CLEAR,0.0,10.0,29.1,0.42,0,39,52,1.33,PLATINUM,45.09,0.0,0.069,0.116,0.2,1.39,62.68,48.77,13.91,0.8874,1,0
REQ-002629,1,AIRPORT,FINANCIAL_DISTRICT,STANDARD,16.44,42.4,CLEAR,0.0,10.0,19.2,0.16,0,52,39,0.75,REGULAR,38.39,0.006,0.0,0.0,0.15,1.16,44.53,34.01,10.52,0.8552,1,0
REQ-002630,1,SUBURB_NORTH,AIRPORT,PREMIUM,10.04,18.2,CLEAR,0.0,10.0,10.7,0.25,1,58,12,0.21,REGULAR,51.58,0.0,0.125,0.0,0.15,1.27,65.51,50.53,14.98,0.8194,1,0
REQ-002631,2,FINANCIAL_DISTRICT,TECH_CORRIDOR,XL,15.67,40.3,CLEAR,0.0,10.0,21.5,0.22,1,24,24,1.0,REGULAR,63.09,0.0,0.121,0.0,0.15,1.27,80.12,61.79,18.33,0.8194,1,0
REQ-002632,3,SUBURB_NORTH,FINANCIAL_DISTRICT,PREMIUM,4.33,13.2,CLEAR,0.0,10.0,14.3,0.07,0,37,33,0.89,GOLD,31.34,0.0,0.0,0.0,0.15,1.15,36.04,27.5,8.54,0.9072,1,0
REQ-002633,2,SUBURB_NORTH,FINANCIAL_DISTRICT,COMFORT,7.07,19.2,CLEAR,0.0,10.0,17.1,0.06,0,13,49,3.77,REGULAR,24.81,0.0,0.0,0.969,0.15,2.12,52.6,42.23,10.37,0.371,0,0
REQ-002634,12,AIRPORT,TECH_CORRIDOR,PREMIUM,4.14,11.5,CLEAR,0.0,10.0,17.6,0.25,1,55,46,0.84,REGULAR,29.37,0.0,0.125,0.0,0.0,1.12,32.89,25.02,7.87,0.8667,1,0
REQ-002635,22,TECH_CORRIDOR,DOWNTOWN,PREMIUM,21.13,64.5,DRIZZLE,0.0,10.0,28.9,0.43,0,33,33,1.0,REGULAR,121.98,0.1,0.074,0.0,0.0,1.17,142.72,109.11,33.61,0.8522,1,0
REQ-002636,12,DOWNTOWN,FINANCIAL_DISTRICT,XL,23.92,62.4,THUNDERSTORM,39.4,0.6,29.1,0.37,0,22,26,1.18,REGULAR,93.67,1.2,0.043,0.0,0.0,2.24,209.82,168.98,40.84,0.3066,0,0
REQ-002637,9,FINANCIAL_DISTRICT,DOWNTOWN,COMFORT,9.63,17.3,CLEAR,0.0,10.0,27.7,0.68,0,23,16,0.7,REGULAR,28.18,0.0,0.447,0.0,0.2,1.65,46.5,36.71,9.79,0.6457,1,0
REQ-002638,3,TECH_CORRIDOR,AIRPORT,PREMIUM,9.23,19.5,DRIZZLE,0.0,10.0,28.6,0.05,0,33,28,0.85,REGULAR,50.41,0.1,0.0,0.0,0.15,1.25,63.01,48.52,14.49,0.8264,1,0
REQ-002639,3,DOWNTOWN,FINANCIAL_DISTRICT,XL,13.19,28.2,CLEAR,0.0,10.0,14.8,0.36,0,48,57,1.19,GOLD,50.62,0.071,0.039,0.0,0.15,1.26,63.78,49.15,14.63,0.8825,1,0
REQ-002640,16,AIRPORT,TECH_CORRIDOR,XL,18.71,35.2,CLEAR,0.0,10.0,22.4,0.11,0,30,23,0.77,REGULAR,66.41,0.0,0.0,0.0,0.0,1.0,66.41,49.81,16.6,0.8966,1,0
REQ-002641,3,TECH_CORRIDOR,DOWNTOWN,PREMIUM,21.35,63.6,HEAVY_RAIN,50.6,0.6,31.2,0.44,0,60,69,1.15,REGULAR,121.84,1.2,0.08,0.0,0.15,2.43,296.07,239.48,56.59,0.2189,0,0
REQ-002642,5,DOWNTOWN,SUBURB_NORTH,PREMIUM,4.45,10.4,DRIZZLE,0.0,10.0,23.2,0.3,0,46,65,1.41,REGULAR,29.3,0.154,0.017,0.143,0.0,1.31,38.38,29.69,8.69,0.8047,1,0
REQ-002643,8,TECH_CORRIDOR,SUBURB_NORTH,COMFORT,2.26,6.9,HEAVY_RAIN,57.8,2.9,7.2,0.5,0,26,72,2.77,REGULAR,11.34,1.11,0.243,0.619,0.2,3.17,35.95,29.42,6.53,0.0453,0,0
REQ-002644,23,AIRPORT,SUBURB_NORTH,COMFORT,20.79,58.1,CLEAR,0.0,10.0,23.5,0.23,0,26,56,2.15,REGULAR,64.94,0.0,0.002,0.402,0.15,1.55,100.66,79.07,21.59,0.6985,1,0
REQ-002645,0,TECH_CORRIDOR,DOWNTOWN,STANDARD,5.77,15.4,FOG,0.0,10.0,24.4,0.24,0,24,27,1.12,GOLD,15.6,0.2,0.003,0.0,0.15,1.35,21.06,16.34,4.72,0.8581,1,0
REQ-002646,19,TECH_CORRIDOR,AIRPORT,COMFORT,12.73,24.6,CLEAR,0.0,10.0,19.1,0.55,0,53,65,1.23,REGULAR,36.57,0.0,0.292,0.08,0.25,1.62,59.24,46.7,12.54,0.662,1,0
REQ-002647,15,FINANCIAL_DISTRICT,AIRPORT,PREMIUM,2.16,4.8,CLEAR,0.0,10.0,16.6,0.2,0,20,20,1.0,REGULAR,18.13,0.0,0.0,0.0,0.0,1.0,18.13,13.6,4.53,0.8966,1,0
REQ-002648,18,SUBURB_NORTH,TECH_CORRIDOR,COMFORT,27.84,71.4,CLEAR,0.0,10.0,30.0,0.52,1,32,41,1.28,PLATINUM,82.57,0.0,0.382,0.098,0.25,1.73,142.85,113.17,29.68,0.777,1,0
REQ-002649,14,DOWNTOWN,SUBURB_NORTH,XL,16.42,42.3,CLEAR,0.0,10.0,10.5,0.29,0,14,13,0.93,GOLD,65.86,0.008,0.014,0.0,0.0,1.02,67.18,50.52,16.66,0.9303,0,0
REQ-002650,13,TECH_CORRIDOR,FINANCIAL_DISTRICT,PREMIUM,18.94,60.0,SNOW,4.6,4.2,-9.3,0.34,0,32,43,1.34,REGULAR,112.03,0.638,0.03,0.119,0.0,1.79,200.53,159.25,41.28,0.5656,0,0
REQ-002651,11,SUBURB_NORTH,FINANCIAL_DISTRICT,XL,25.37,65.4,CLEAR,0.0,10.0,23.4,0.45,0,44,29,0.66,REGULAR,98.52,0.0,0.086,0.0,0.0,1.09,107.39,81.43,25.96,0.8748,0,0
REQ-002652,11,TECH_CORRIDOR,FINANCIAL_DISTRICT,PREMIUM,5.11,10.2,DRIZZLE,0.0,10.0,25.6,0.15,0,51,52,1.02,REGULAR,30.98,0.1,0.0,0.0,0.0,1.1,34.08,25.87,8.21,0.8721,1,0
REQ-002653,3,TECH_CORRIDOR,SUBURB_NORTH,XL,23.65,46.5,HEAVY_RAIN,42.5,2.6,6.0,0.26,0,10,53,5.3,REGULAR,83.56,1.018,0.007,1.2,0.15,3.37,281.6,231.0,50.6,0.0285,0,0
REQ-002654,1,SUBURB_NORTH,FINANCIAL_DISTRICT,STANDARD,21.08,53.9,CLEAR,0.0,10.0,29.3,0.09,0,58,61,1.05,REGULAR,48.21,0.0,0.0,0.0,0.15,1.15,55.44,42.3,13.14,0.8581,1,0
REQ-002655,3,DOWNTOWN,FINANCIAL_DISTRICT,STANDARD,10.54,31.4,DRIZZLE,0.0,10.0,5.9,0.24,0,30,45,1.5,REGULAR,27.16,0.1,0.003,0.175,0.15,1.43,38.84,30.3,8.54,0.7555,1,0
REQ-002656,15,DOWNTOWN,SUBURB_NORTH,COMFORT,15.26,44.5,CLEAR,0.0,10.0,22.4,0.36,0,59,57,0.97,REGULAR,49.71,0.0,0.039,0.0,0.0,1.04,51.7,38.97,12.73,0.8874,1,0
REQ-002657,13,AIRPORT,TECH_CORRIDOR,COMFORT,16.64,34.1,CLEAR,0.0,10.0,24.3,0.44,0,10,34,3.4,REGULAR,47.31,0.0,0.08,0.84,0.0,1.92,90.84,72.48,18.36,0.488,0,0
REQ-002658,21,DOWNTOWN,FINANCIAL_DISTRICT,XL,12.64,36.3,RAIN,4.3,7.7,6.7,0.13,0,49,39,0.8,REGULAR,54.32,0.298,0.0,0.0,0.0,1.3,70.62,54.6,16.02,0.8085,1,0
REQ-002659,20,TECH_CORRIDOR,SUBURB_NORTH,PREMIUM,23.08,59.2,DRIZZLE,0.0,10.0,16.6,0.37,0,38,10,0.26,REGULAR,122.94,0.162,0.043,0.0,0.0,1.2,147.53,113.11,34.42,0.8429,1,0
REQ-002660,6,FINANCIAL_DISTRICT,TECH_CORRIDOR,COMFORT,13.48,38.0,CLEAR,0.0,10.0,19.4,0.44,0,26,19,0.73,REGULAR,43.84,0.0,0.08,0.0,0.0,1.08,47.35,35.86,11.49,0.8774,1,0
REQ-002661,3,SUBURB_NORTH,DOWNTOWN,PREMIUM,21.49,43.0,CLEAR,0.0,10.0,25.0,0.2,2,21,42,2.0,REGULAR,104.72,0.0,0.24,0.35,0.15,1.74,182.21,144.41,37.8,0.5948,1,0
REQ-002662,10,FINANCIAL_DISTRICT,SUBURB_NORTH,XL,5.15,15.2,THUNDERSTORM,51.7,1.5,13.2,0.45,1,14,60,4.29,REGULAR,25.94,1.2,0.206,1.151,0.0,3.5,90.79,74.58,16.21,0.021,0,1
REQ-002663,0,FINANCIAL_DISTRICT,TECH_CORRIDOR,PREMIUM,8.02,21.6,CLEAR,0.0,10.0,28.4,0.29,0,15,48,3.2,REGULAR,48.82,0.0,0.014,0.77,0.15,1.93,94.22,75.2,19.02,0.482,1,0
REQ-002664,16,TECH_CORRIDOR,DOWNTOWN,PREMIUM,11.71,28.2,CLEAR,0.0,10.0,6.3,0.43,0,47,14,0.3,GOLD,64.76,0.0,0.074,0.0,0.0,1.07,69.29,52.42,16.87,0.9222,1,0
REQ-002665,16,AIRPORT,SUBURB_NORTH,PREMIUM,22.97,47.3,RAIN,8.2,5.9,12.1,0.42,0,56,65,1.16,GOLD,112.52,0.342,0.069,0.0,0.0,1.41,158.65,123.6,35.05,0.8397,1,0
REQ-002666,4,TECH_CORRIDOR,FINANCIAL_DISTRICT,STANDARD,15.42,31.9,RAIN,10.1,4.8,25.1,0.19,2,49,77,1.57,GOLD,33.43,0.364,0.24,0.2,0.0,1.8,60.17,47.8,12.37,0.6726,1,0
REQ-002667,8,TECH_CORRIDOR,DOWNTOWN,STANDARD,12.45,31.0,DRIZZLE,0.0,10.0,24.6,0.71,0,21,39,1.86,PLATINUM,29.41,0.1,0.486,0.301,0.2,2.09,61.47,49.31,12.16,0.5948,1,0
REQ-002668,3,FINANCIAL_DISTRICT,AIRPORT,PREMIUM,23.06,66.7,DRIZZLE,0.0,10.0,14.8,0.31,0,42,41,0.98,REGULAR,129.27,0.151,0.02,0.0,0.15,1.32,170.64,132.12,38.52,0.8009,1,0
REQ-002669,7,FINANCIAL_DISTRICT,TECH_CORRIDOR,PREMIUM,3.65,6.8,CLEAR,0.0,10.0,13.4,0.61,0,17,75,4.41,REGULAR,24.0,0.056,0.361,1.194,0.2,2.81,67.44,54.92,12.52,0.1012,0,0
REQ-002670,8,DOWNTOWN,TECH_CORRIDOR,COMFORT,12.75,35.3,CLEAR,0.0,10.0,6.9,0.41,0,42,19,0.45,REGULAR,41.42,0.0,0.063,0.0,0.2,1.26,52.19,40.22,11.97,0.8229,1,0
REQ-002671,20,FINANCIAL_DISTRICT,TECH_CORRIDOR,COMFORT,17.65,45.1,DRIZZLE,0.0,10.0,30.4,0.36,0,58,33,0.57,GOLD,53.92,0.181,0.039,0.0,0.0,1.22,65.78,50.52,15.26,0.8921,1,0
REQ-002672,18,TECH_CORRIDOR,DOWNTOWN,XL,13.07,29.9,CLEAR,0.0,10.0,27.3,0.63,1,57,32,0.56,REGULAR,51.39,0.0,0.504,0.0,0.25,1.75,89.93,71.3,18.63,0.589,1,0
REQ-002673,13,AIRPORT,TECH_CORRIDOR,STANDARD,24.36,46.8,RAIN,11.1,7.2,25.3,0.07,0,9,18,2.0,REGULAR,49.83,0.375,0.0,0.35,0.0,1.73,86.21,68.3,17.91,0.6006,1,0
REQ-002674,4,SUBURB_NORTH,DOWNTOWN,STANDARD,9.2,29.2,DRIZZLE,0.0,10.0,31.9,0.23,0,18,14,0.78,PLATINUM,24.72,0.1,0.002,0.0,0.0,1.1,27.19,20.64,6.55,0.9405,1,0
REQ-002675,10,SUBURB_NORTH,FINANCIAL_DISTRICT,XL,16.26,36.3,CLEAR,0.0,10.0,10.8,0.31,0,38,38,1.0,GOLD,61.93,0.0,0.02,0.0,0.0,1.02,63.17,47.5,15.67,0.9303,1,0
REQ-002676,6,SUBURB_NORTH,TECH_CORRIDOR,PREMIUM,2.66,6.3,DRIZZLE,0.0,10.0,22.6,0.08,0,45,16,0.36,REGULAR,20.8,0.1,0.0,0.0,0.0,1.1,22.88,17.37,5.51,0.8721,1,0
REQ-002677,7,AIRPORT,DOWNTOWN,PREMIUM,17.44,37.5,SNOW,8.0,7.7,-11.3,0.77,0,40,44,1.1,REGULAR,88.71,0.72,0.57,0.0,0.2,2.49,220.89,178.89,42.0,0.1953,0,0
REQ-002678,4,SUBURB_NORTH,TECH_CORRIDOR,PREMIUM,25.12,58.0,DRIZZLE,0.0,10.0,12.5,0.14,1,51,75,1.47,PLATINUM,127.64,0.1,0.12,0.164,0.0,1.38,176.14,136.95,39.19,0.8897,1,0
REQ-002679,12,AIRPORT,SUBURB_NORTH,COMFORT,6.94,18.5,CLEAR,0.0,10.0,8.5,0.05,0,39,17,0.44,REGULAR,24.28,0.0,0.0,0.0,0.0,1.0,24.28,18.21,6.07,0.8966,0,0
REQ-002680,17,TECH_CORRIDOR,FINANCIAL_DISTRICT,XL,22.53,59.1,THUNDERSTORM,56.5,2.4,24.5,0.6,0,45,47,1.04,REGULAR,88.77,1.2,0.347,0.0,0.25,2.8,248.56,202.4,46.16,0.1034,0,0
REQ-002681,20,TECH_CORRIDOR,DOWNTOWN,XL,7.56,16.3,CLEAR,0.0,10.0,21.5,0.43,0,28,25,0.89,REGULAR,31.66,0.028,0.074,0.0,0.0,1.1,34.83,26.44,8.39,0.8721,1,0
REQ-002682,23,DOWNTOWN,TECH_CORRIDOR,STANDARD,24.53,73.3,CLEAR,0.0,10.0,21.9,0.08,1,27,14,0.52,REGULAR,59.31,0.0,0.12,0.0,0.15,1.27,75.32,58.09,17.23,0.8194,1,0
REQ-002683,12,AIRPORT,SUBURB_NORTH,COMFORT,11.33,21.1,CLEAR,0.0,10.0,14.8,0.17,0,43,19,0.44,PLATINUM,32.69,0.0,0.0,0.0,0.0,1.0,32.69,24.52,8.17,0.9526,1,0
REQ-002684,10,SUBURB_NORTH,DOWNTOWN,XL,12.25,37.0,FOG,0.0,10.0,17.9,0.3,0,11,61,5.55,REGULAR,53.93,0.2,0.017,1.2,0.0,2.42,130.51,105.54,24.97,0.223,1,0
REQ-002685,21,SUBURB_NORTH,TECH_CORRIDOR,STANDARD,12.61,39.9,HEAVY_RAIN,46.4,1.0,7.1,0.06,0,52,57,1.1,REGULAR,32.72,1.2,0.0,0.0,0.0,2.2,71.98,57.91,14.07,0.3274,0,0
REQ-002686,22,TECH_CORRIDOR,DOWNTOWN,STANDARD,9.63,20.4,HEAVY_RAIN,52.7,2.7,31.3,0.18,0,58,12,0.21,REGULAR,22.18,1.123,0.0,0.0,0.0,2.12,47.02,37.75,9.27,0.371,1,0
REQ-002687,16,FINANCIAL_DISTRICT,TECH_CORRIDOR,STANDARD,11.69,24.9,CLEAR,0.0,10.0,26.9,0.33,0,32,16,0.5,REGULAR,26.32,0.0,0.027,0.0,0.0,1.03,27.11,20.41,6.7,0.8897,1,0
REQ-002688,3,DOWNTOWN,TECH_CORRIDOR,XL,15.46,28.6,CLEAR,0.0,10.0,5.5,0.14,0,29,23,0.79,REGULAR,55.63,0.0,0.0,0.0,0.15,1.15,63.97,48.81,15.16,0.8581,1,0
REQ-002689,5,DOWNTOWN,AIRPORT,PREMIUM,17.92,54.0,DRIZZLE,0.0,10.0,29.1,0.06,0,21,18,0.86,REGULAR,104.08,0.1,0.0,0.0,0.0,1.1,114.49,86.91,27.58,0.8721,1,0
REQ-002690,19,FINANCIAL_DISTRICT,SUBURB_NORTH,XL,10.59,25.6,DRIZZLE,0.0,10.0,29.8,0.55,0,56,72,1.29,REGULAR,43.6,0.1,0.294,0.102,0.25,1.75,76.3,60.49,15.81,0.589,1,0
REQ-002691,6,SUBURB_NORTH,FINANCIAL_DISTRICT,PREMIUM,11.06,33.3,CLEAR,0.0,10.0,7.0,0.09,0,23,61,2.65,REGULAR,67.27,0.0,0.0,0.577,0.0,1.58,106.29,83.62,22.67,0.6831,1,0
REQ-002692,20,SUBURB_NORTH,TECH_CORRIDOR,XL,22.92,62.3,CLEAR,0.0,10.0,8.5,0.16,0,37,20,0.54,REGULAR,91.51,0.068,0.0,0.0,0.0,1.07,97.92,74.08,23.84,0.88,1,0
REQ-002693,19,AIRPORT,TECH_CORRIDOR,STANDARD,23.04,42.4,CLEAR,0.0,10.0,12.1,0.47,0,25,48,1.92,REGULAR,46.64,0.0,0.099,0.322,0.25,1.67,77.89,61.54,16.35,0.6346,0,0
REQ-002694,18,TECH_CORRIDOR,FINANCIAL_DISTRICT,PREMIUM,23.85,57.9,CLEAR,0.0,10.0,8.3,0.57,0,35,74,2.11,REGULAR,123.99,0.0,0.315,0.388,0.25,1.95,241.78,193.11,48.67,0.47,0,0
REQ-002695,2,TECH_CORRIDOR,DOWNTOWN,PREMIUM,15.47,32.9,FOG,0.0,10.0,13.0,0.15,0,47,46,0.98,REGULAR,79.28,0.2,0.0,0.0,0.15,1.35,107.03,83.05,23.98,0.7892,1,0
REQ-002696,14,AIRPORT,SUBURB_NORTH,PREMIUM,9.25,22.6,CLEAR,0.0,10.0,13.1,0.11,0,46,52,1.13,REGULAR,53.11,0.0,0.0,0.0,0.0,1.0,53.11,39.83,13.28,0.8966,1,0
REQ-002697,2,FINANCIAL_DISTRICT,TECH_CORRIDOR,XL,25.53,62.3,HEAVY_RAIN,29.8,0.8,11.8,0.15,0,9,39,4.33,REGULAR,96.99,1.077,0.0,1.165,0.15,3.39,328.8,269.78,59.02,0.0272,0,0
REQ-002698,17,TECH_CORRIDOR,DOWNTOWN,STANDARD,16.56,44.8,CLEAR,0.0,10.0,17.4,0.61,1,20,37,1.85,GOLD,39.38,0.049,0.48,0.297,0.25,2.08,81.91,65.69,16.22,0.512,0,0
REQ-002699,19,FINANCIAL_DISTRICT,SUBURB_NORTH,PREMIUM,27.18,66.1,THUNDERSTORM,60.0,1.7,25.8,0.76,0,38,71,1.87,REGULAR,140.28,1.2,0.556,0.304,0.25,3.31,464.33,380.65,83.68,0.0328,0,0
REQ-002700,13,SUBURB_NORTH,TECH_CORRIDOR,PREMIUM,21.11,63.1,CLEAR,0.0,10.0,29.4,0.36,0,15,40,2.67,REGULAR,120.74,0.021,0.039,0.584,0.0,1.64,198.01,156.23,41.78,0.6511,1,0
REQ-002701,13,SUBURB_NORTH,FINANCIAL_DISTRICT,XL,19.81,52.7,CLEAR,0.0,10.0,21.5,0.2,0,36,13,0.36,GOLD,79.22,0.0,0.0,0.0,0.0,1.0,79.22,59.41,19.81,0.9334,1,0
REQ-002702,20,AIRPORT,SUBURB_NORTH,COMFORT,23.25,73.3,CLEAR,0.0,10.0,7.8,0.24,0,49,14,0.29,GOLD,75.84,0.0,0.003,0.0,0.0,1.0,75.84,56.88,18.96,0.9334,1,0
REQ-002703,0,TECH_CORRIDOR,FINANCIAL_DISTRICT,XL,25.87,52.5,THUNDERSTORM,51.6,2.0,27.2,0.39,0,30,61,2.03,REGULAR,91.83,1.2,0.053,0.36,0.15,2.76,253.45,206.25,47.2,0.1126,0,0
REQ-002704,6,TECH_CORRIDOR,DOWNTOWN,STANDARD,26.11,69.0,CLEAR,0.0,10.0,26.2,0.37,1,25,25,1.0,PLATINUM,59.79,0.0,0.163,0.0,0.0,1.16,69.36,52.98,16.38,0.9319,1,0
REQ-002705,2,AIRPORT,SUBURB_NORTH,COMFORT,14.02,35.4,DRIZZLE,0.0,10.0,9.7,0.42,0,20,40,2.0,REGULAR,43.56,0.1,0.069,0.35,0.15,1.67,72.75,57.48,15.27,0.6346,0,0
REQ-002706,8,SUBURB_NORTH,AIRPORT,COMFORT,2.52,6.5,RAIN,8.4,7.9,7.3,0.72,0,53,56,1.06,REGULAR,11.59,0.387,0.499,0.0,0.2,2.09,24.22,19.43,4.79,0.3879,0,0
REQ-002707,20,DOWNTOWN,FINANCIAL_DISTRICT,COMFORT,4.02,9.0,DRIZZLE,0.0,10.0,28.7,0.15,0,60,27,0.45,REGULAR,15.18,0.1,0.0,0.0,0.0,1.1,16.7,12.68,4.02,0.8721,1,0
REQ-002708,4,SUBURB_NORTH,AIRPORT,XL,9.32,26.5,RAIN,12.6,4.9,25.5,0.44,0,24,48,2.0,REGULAR,41.47,0.392,0.08,0.35,0.0,1.82,75.48,60.01,15.47,0.5479,1,0
REQ-002709,10,TECH_CORRIDOR,FINANCIAL_DISTRICT,STANDARD,25.21,69.4,FOG,0.0,10.0,14.2,0.15,0,60,65,1.08,REGULAR,58.8,0.226,0.0,0.0,0.0,1.23,72.32,55.59,16.73,0.8331,0,0
REQ-002710,7,SUBURB_NORTH,DOWNTOWN,PREMIUM,20.03,50.4,RAIN,15.0,5.1,24.2,0.78,0,57,15,0.26,REGULAR,106.92,0.439,0.583,0.0,0.2,2.22,237.36,191.06,46.3,0.3169,1,0
REQ-002711,4,DOWNTOWN,SUBURB_NORTH,STANDARD,11.73,35.5,DRIZZLE,0.0,10.0,6.4,0.42,0,30,19,0.63,REGULAR,30.08,0.1,0.069,0.0,0.0,1.17,35.19,26.9,8.29,0.8522,1,0
REQ-002712,23,DOWNTOWN,TECH_CORRIDOR,STANDARD,4.49,14.0,CLEAR,0.0,10.0,21.0,0.23,0,22,25,1.14,REGULAR,13.51,0.0,0.002,0.0,0.15,1.15,15.54,11.86,3.68,0.8581,1,0
REQ-002713,4,AIRPORT,FINANCIAL_DISTRICT,XL,9.06,26.9,CLEAR,0.0,10.0,23.6,0.06,0,54,36,0.67,REGULAR,41.17,0.0,0.0,0.0,0.0,1.0,41.17,30.88,10.29,0.8966,1,0
REQ-002714,10,DOWNTOWN,TECH_CORRIDOR,PREMIUM,8.32,25.2,DRIZZLE,0.0,10.0,20.7,0.15,0,48,36,0.75,PLATINUM,52.72,0.137,0.0,0.0,0.0,1.14,60.1,45.81,14.29,0.9349,1,0
REQ-002715,11,FINANCIAL_DISTRICT,TECH_CORRIDOR,COMFORT,2.65,6.0,RAIN,7.4,5.4,30.1,0.38,0,39,57,1.46,REGULAR,11.57,0.413,0.048,0.161,0.0,1.62,18.74,14.77,3.97,0.662,1,0
REQ-002716,9,SUBURB_NORTH,FINANCIAL_DISTRICT,COMFORT,17.45,46.1,CLEAR,0.0,10.0,5.8,0.44,0,56,66,1.18,REGULAR,54.04,0.0,0.08,0.0,0.2,1.28,69.17,53.39,15.78,0.8158,1,0
REQ-002717,16,FINANCIAL_DISTRICT,DOWNTOWN,XL,14.54,41.0,CLEAR,0.0,10.0,17.0,0.32,1,46,65,1.41,GOLD,61.13,0.0,0.143,0.143,0.0,1.29,78.86,60.92,17.94,0.8748,1,0
REQ-002718,23,TECH_CORRIDOR,AIRPORT,PREMIUM,21.65,58.2,CLEAR,0.0,10.0,17.2,0.4,0,55,58,1.05,REGULAR,118.09,0.0,0.058,0.0,0.15,1.21,142.89,109.65,33.24,0.8397,1,0
REQ-002719,20,FINANCIAL_DISTRICT,AIRPORT,PREMIUM,4.58,11.7,CLEAR,0.0,10.0,14.6,0.18,0,10,26,2.6,REGULAR,30.76,0.0,0.0,0.56,0.0,1.56,47.99,37.72,10.27,0.6934,1,0
REQ-002720,1,FINANCIAL_DISTRICT,DOWNTOWN,XL,12.41,37.9,HEAVY_RAIN,59.2,1.0,5.6,0.15,0,39,34,0.87,REGULAR,54.8,1.2,0.0,0.0,0.15,2.35,128.78,103.98,24.8,0.2535,1,0
REQ-002721,20,AIRPORT,SUBURB_NORTH,XL,2.34,5.8,CLEAR,0.0,10.0,18.1,0.31,2,12,33,2.75,REGULAR,14.39,0.055,0.26,0.612,0.0,1.93,27.77,22.17,5.6,0.482,1,0
REQ-002722,2,SUBURB_NORTH,TECH_CORRIDOR,COMFORT,17.87,56.4,RAIN,10.4,6.5,30.1,0.08,0,34,63,1.85,REGULAR,59.37,0.417,0.0,0.297,0.15,1.86,110.43,87.93,22.5,0.524,1,0
REQ-002723,13,DOWNTOWN,TECH_CORRIDOR,COMFORT,11.01,26.6,CLEAR,0.0,10.0,31.7,0.27,1,51,34,0.67,REGULAR,34.64,0.0,0.129,0.0,0.0,1.13,39.14,29.8,9.34,0.8639,1,0
REQ-002724,18,SUBURB_NORTH,DOWNTOWN,COMFORT,6.64,15.0,THUNDERSTORM,22.4,2.9,13.0,0.57,0,21,14,0.67,REGULAR,22.21,1.036,0.315,0.0,0.25,2.6,57.75,46.87,10.88,0.1571,1,0
REQ-002725,6,AIRPORT,FINANCIAL_DISTRICT,COMFORT,4.51,11.2,CLEAR,0.0,10.0,31.8,0.35,0,10,58,5.8,REGULAR,16.98,0.0,0.034,1.2,0.0,2.23,37.87,30.49,7.38,0.3117,0,0
REQ-002726,17,SUBURB_NORTH,TECH_CORRIDOR,COMFORT,14.78,36.0,HEAVY_RAIN,26.6,1.1,19.7,0.61,2,50,42,0.84,REGULAR,45.09,0.989,0.599,0.0,0.25,2.84,128.06,104.34,23.72,0.0948,0,0
REQ-002727,23,TECH_CORRIDOR,DOWNTOWN,STANDARD,19.04,46.4,CLEAR,0.0,10.0,15.5,0.4,0,48,57,1.19,REGULAR,43.04,0.0,0.058,0.0,0.15,1.21,52.08,39.96,12.12,0.8397,1,0
REQ-002728,20,TECH_CORRIDOR,DOWNTOWN,COMFORT,22.94,48.5,CLEAR,0.0,10.0,24.7,0.35,0,46,20,0.43,GOLD,64.17,0.0,0.034,0.0,0.0,1.03,66.1,49.77,16.33,0.9288,1,0
REQ-002729,12,TECH_CORRIDOR,FINANCIAL_DISTRICT,PREMIUM,15.76,40.3,CLEAR,0.0,10.0,10.9,0.05,0,24,37,1.54,REGULAR,86.38,0.0,0.0,0.189,0.0,1.19,102.79,78.73,24.06,0.8461,1,0
REQ-002730,0,TECH_CORRIDOR,FINANCIAL_DISTRICT,STANDARD,22.48,67.2,CLEAR,0.0,10.0,15.6,0.19,0,59,65,1.1,GOLD,54.62,0.013,0.0,0.0,0.15,1.16,63.36,48.39,14.97,0.9052,1,0
REQ-002731,3,DOWNTOWN,TECH_CORRIDOR,COMFORT,15.75,35.9,CLEAR,0.0,10.0,27.1,0.3,1,59,54,0.92,REGULAR,46.65,0.028,0.137,0.0,0.15,1.31,61.11,47.28,13.83,0.8047,1,0
REQ-002732,17,FINANCIAL_DISTRICT,TECH_CORRIDOR,COMFORT,19.81,59.7,RAIN,3.6,7.8,29.8,0.84,0,8,78,9.75,GOLD,64.06,0.29,0.674,1.2,0.25,3.41,218.44,179.27,39.17,0.0413,0,0
REQ-002733,0,SUBURB_NORTH,DOWNTOWN,STANDARD,6.32,14.6,CLEAR,0.0,10.0,24.0,0.21,0,37,71,1.92,REGULAR,16.01,0.0,0.0,0.322,0.15,1.47,23.53,18.4,5.13,0.7373,1,0
REQ-002734,16,SUBURB_NORTH,DOWNTOWN,PREMIUM,15.43,27.8,HEAVY_RAIN,58.6,2.6,28.5,0.41,0,16,20,1.25,REGULAR,74.83,1.2,0.063,0.087,0.0,2.35,175.85,141.99,33.86,0.2535,0,0
REQ-002735,0,SUBURB_NORTH,FINANCIAL_DISTRICT,PREMIUM,4.98,9.1,THUNDERSTORM,41.4,1.8,16.7,0.35,0,23,54,2.35,GOLD,29.67,1.2,0.034,0.472,0.15,2.86,84.86,69.16,15.7,0.139,0,0
REQ-002736,5,SUBURB_NORTH,AIRPORT,COMFORT,18.53,40.9,CLEAR,0.0,10.0,13.6,0.2,0,52,72,1.38,GOLD,53.48,0.0,0.0,0.133,0.0,1.13,60.43,46.02,14.41,0.9112,1,0
REQ-002737,1,FINANCIAL_DISTRICT,SUBURB_NORTH,STANDARD,12.09,37.0,CLEAR,0.0,10.0,9.3,0.15,0,14,43,3.07,REGULAR,31.06,0.0,0.0,0.724,0.15,1.87,58.08,46.26,11.82,0.518,1,0
REQ-002738,2,TECH_CORRIDOR,AIRPORT,STANDARD,19.65,57.3,CLEAR,0.0,10.0,31.9,0.29,0,55,38,0.69,REGULAR,47.61,0.0,0.014,0.0,0.15,1.16,55.23,42.18,13.05,0.8552,1,0
REQ-002739,13,AIRPORT,TECH_CORRIDOR,PREMIUM,5.92,16.6,CLEAR,0.0,10.0,7.5,0.31,0,51,39,0.76,REGULAR,38.69,0.0,0.02,0.0,0.0,1.02,39.46,29.67,9.79,0.8921,1,0
REQ-002740,21,AIRPORT,DOWNTOWN,PREMIUM,5.27,15.1,RAIN,11.2,7.6,25.9,0.27,0,54,62,1.15,REGULAR,35.59,0.376,0.009,0.0,0.0,1.38,49.11,38.18,10.93,0.777,1,0
REQ-002741,16,FINANCIAL_DISTRICT,DOWNTOWN,STANDARD,11.14,21.4,CLEAR,0.0,10.0,30.1,0.28,0,41,17,0.41,REGULAR,24.42,0.0,0.011,0.0,0.0,1.01,24.66,18.52,6.14,0.8944,0,0
REQ-002742,22,SUBURB_NORTH,TECH_CORRIDOR,COMFORT,9.39,18.8,CLEAR,0.0,10.0,24.0,0.11,0,26,40,1.54,REGULAR,28.45,0.0,0.0,0.189,0.0,1.19,33.86,25.94,7.92,0.8461,1,0
REQ-002743,12,SUBURB_NORTH,AIRPORT,COMFORT,17.67,36.8,CLEAR,0.0,10.0,24.7,0.06,0,45,52,1.16,REGULAR,50.22,0.0,0.0,0.0,0.0,1.0,50.22,37.66,12.56,0.8966,1,0
REQ-002744,4,TECH_CORRIDOR,DOWNTOWN,XL,11.06,28.1,CLEAR,0.0,10.0,16.8,0.14,0,41,22,0.54,REGULAR,46.09,0.053,0.0,0.0,0.0,1.05,48.39,36.52,11.87,0.8849,1,0
REQ-002745,0,TECH_CORRIDOR,SUBURB_NORTH,PREMIUM,27.55,58.2,CLEAR,0.0,10.0,7.8,0.4,0,37,64,1.73,REGULAR,134.61,0.0,0.058,0.256,0.15,1.46,196.53,153.59,42.94,0.7419,1,0
REQ-002746,10,FINANCIAL_DISTRICT,SUBURB_NORTH,PREMIUM,23.96,56.6,SNOW,4.4,6.4,-9.4,0.15,0,43,48,1.12,REGULAR,123.2,0.637,0.0,0.0,0.0,1.64,202.05,159.42,42.63,0.6511,1,0
REQ-002747,14,DOWNTOWN,SUBURB_NORTH,STANDARD,18.27,42.0,CLEAR,0.0,10.0,14.0,0.07,0,37,76,2.05,REGULAR,40.54,0.0,0.0,0.367,0.0,1.37,55.54,43.16,12.38,0.7811,1,0
REQ-002748,17,FINANCIAL_DISTRICT,DOWNTOWN,COMFORT,13.86,25.8,RAIN,5.4,6.4,19.6,0.79,1,24,56,2.33,REGULAR,38.98,0.311,0.719,0.465,0.25,2.74,106.81,86.89,19.92,0.1175,0,0
REQ-002749,11,TECH_CORRIDOR,DOWNTOWN,PREMIUM,24.69,67.4,RAIN,6.7,5.9,23.9,0.21,0,49,23,0.47,REGULAR,134.42,0.325,0.0,0.0,0.0,1.32,177.43,137.37,40.06,0.8009,1,0
REQ-002750,16,SUBURB_NORTH,FINANCIAL_DISTRICT,STANDARD,18.36,54.3,RAIN,5.8,7.2,19.0,0.44,0,16,68,4.25,REGULAR,44.95,0.315,0.08,1.137,0.0,2.53,113.72,92.17,21.55,0.1806,1,0
REQ-002751,16,SUBURB_NORTH,TECH_CORRIDOR,STANDARD,25.78,60.3,FOG,0.0,10.0,10.3,0.05,0,26,44,1.69,REGULAR,56.33,0.232,0.0,0.241,0.0,1.47,82.81,64.76,18.05,0.7373,0,0
REQ-002752,17,AIRPORT,DOWNTOWN,STANDARD,19.08,35.1,DRIZZLE,0.0,10.0,9.3,0.42,0,46,59,1.28,REGULAR,39.14,0.1,0.069,0.098,0.25,1.52,59.49,46.65,12.84,0.7134,0,0
REQ-002753,4,DOWNTOWN,AIRPORT,COMFORT,14.08,30.3,HEAVY_RAIN,45.6,1.9,31.1,0.42,0,28,63,2.25,REGULAR,41.36,1.123,0.069,0.438,0.0,2.63,108.78,88.33,20.45,0.1478,0,0
REQ-002754,3,DOWNTOWN,FINANCIAL_DISTRICT,XL,17.07,31.3,HEAVY_RAIN,50.7,1.8,5.2,0.05,0,17,79,4.65,PLATINUM,60.63,1.19,0.0,1.2,0.15,3.5,212.21,174.32,37.89,0.0474,0,1
REQ-002755,6,SUBURB_NORTH,FINANCIAL_DISTRICT,COMFORT,3.33,9.5,CLEAR,0.0,10.0,6.9,0.27,0,55,31,0.56,PLATINUM,14.27,0.077,0.009,0.0,0.0,1.09,15.55,11.79,3.76,0.9418,1,0
REQ-002756,3,TECH_CORRIDOR,SUBURB_NORTH,PREMIUM,26.56,62.4,CLEAR,0.0,10.0,6.9,0.33,0,11,67,6.09,REGULAR,135.41,0.037,0.027,1.2,0.15,2.41,326.34,263.85,62.49,0.2272,0,0
REQ-002757,22,FINANCIAL_DISTRICT,TECH_CORRIDOR,COMFORT,18.11,36.8,DRIZZLE,0.0,10.0,27.9,0.31,0,57,40,0.7,REGULAR,50.94,0.162,0.02,0.0,0.0,1.18,60.11,46.0,14.11,0.8492,1,0
REQ-002758,10,SUBURB_NORTH,FINANCIAL_DISTRICT,PREMIUM,18.77,40.9,CLEAR,0.0,10.0,7.4,0.36,0,31,56,1.81,GOLD,95.33,0.0,0.039,0.283,0.0,1.32,125.84,97.43,28.41,0.8667,1,0
REQ-002759,20,SUBURB_NORTH,FINANCIAL_DISTRICT,COMFORT,8.83,24.0,CLEAR,0.0,10.0,21.4,0.08,0,43,72,1.67,REGULAR,29.87,0.048,0.0,0.234,0.0,1.28,38.23,29.51,8.72,0.8158,1,0
REQ-002760,21,FINANCIAL_DISTRICT,TECH_CORRIDOR,STANDARD,9.07,23.8,RAIN,14.8,7.5,28.2,0.17,0,48,30,0.62,REGULAR,22.67,0.479,0.0,0.0,0.0,1.48,33.55,26.25,7.3,0.7326,1,0
REQ-002761,17,TECH_CORRIDOR,DOWNTOWN,XL,10.54,22.9,CLEAR,0.0,10.0,6.9,0.83,0,25,53,2.12,GOLD,41.87,0.068,0.659,0.392,0.25,2.37,99.23,80.16,19.07,0.3434,1,0
REQ-002762,5,SUBURB_NORTH,AIRPORT,XL,3.12,5.8,CLEAR,0.0,10.0,19.9,0.44,0,9,73,8.11,REGULAR,16.03,0.016,0.08,1.2,0.0,2.3,36.87,29.74,7.13,0.2769,0,0
REQ-002763,18,DOWNTOWN,FINANCIAL_DISTRICT,XL,13.88,25.4,THUNDERSTORM,31.4,1.0,25.6,0.54,0,47,26,0.55,REGULAR,50.39,1.2,0.284,0.0,0.25,2.73,137.56,111.89,25.67,0.12,0,0
REQ-002764,13,AIRPORT,TECH_CORRIDOR,STANDARD,20.26,52.0,RAIN,11.7,4.0,14.2,0.09,0,17,44,2.59,GOLD,46.53,0.382,0.0,0.556,0.0,1.94,90.27,72.08,18.19,0.5948,1,0
REQ-002765,11,AIRPORT,TECH_CORRIDOR,STANDARD,2.12,6.7,CLEAR,0.0,10.0,23.7,0.31,0,25,64,2.56,REGULAR,7.99,0.0,0.02,0.546,0.0,1.57,12.54,9.86,2.68,0.6883,0,0
REQ-002766,15,SUBURB_NORTH,TECH_CORRIDOR,COMFORT,23.78,60.5,CLEAR,0.0,10.0,15.4,0.43,0,29,66,2.28,REGULAR,70.97,0.068,0.074,0.448,0.0,1.59,112.84,88.82,24.02,0.6779,1,0
REQ-002767,13,DOWNTOWN,FINANCIAL_DISTRICT,STANDARD,2.96,8.2,CLEAR,0.0,10.0,22.3,0.36,1,8,43,5.38,GOLD,9.57,0.0,0.159,1.2,0.0,2.36,22.59,18.24,4.35,0.3489,1,0
REQ-002768,18,FINANCIAL_DISTRICT,AIRPORT,COMFORT,2.4,6.9,CLEAR,0.0,10.0,14.3,0.84,0,57,33,0.58,PLATINUM,11.57,0.0,0.675,0.0,0.25,1.93,22.33,17.82,4.51,0.6831,0,0
REQ-002769,4,SUBURB_NORTH,AIRPORT,PREMIUM,11.36,26.1,CLEAR,0.0,10.0,16.2,0.2,2,35,59,1.69,REGULAR,62.0,0.0,0.24,0.241,0.0,1.48,91.76,71.8,19.96,0.7326,0,0
REQ-002770,15,SUBURB_NORTH,FINANCIAL_DISTRICT,PREMIUM,10.06,31.8,CLEAR,0.0,10.0,6.2,0.19,0,29,41,1.41,REGULAR,63.2,0.0,0.0,0.143,0.0,1.14,72.05,54.92,17.13,0.861,1,0
REQ-002771,16,TECH_CORRIDOR,AIRPORT,COMFORT,17.21,46.3,CLEAR,0.0,10.0,17.3,0.1,0,29,59,2.03,REGULAR,53.74,0.0,0.0,0.36,0.0,1.36,73.09,56.75,16.34,0.7852,1,0
REQ-002772,16,DOWNTOWN,TECH_CORRIDOR,XL,18.87,56.5,CLEAR,0.0,10.0,15.6,0.26,0,49,54,1.1,REGULAR,79.53,0.0,0.007,0.0,0.0,1.01,80.33,60.33,20.0,0.8944,1,0
REQ-002773,4,FINANCIAL_DISTRICT,DOWNTOWN,COMFORT,8.4,26.1,CLEAR,0.0,10.0,21.6,0.39,0,13,76,5.85,REGULAR,30.11,0.0,0.053,1.2,0.0,2.25,67.75,54.58,13.17,0.3015,1,0
REQ-002774,12,SUBURB_NORTH,TECH_CORRIDOR,PREMIUM,9.66,28.4,CLEAR,0.0,10.0,12.1,0.05,0,17,66,3.88,REGULAR,59.19,0.0,0.0,1.008,0.0,2.01,118.97,95.21,23.76,0.4344,1,0
REQ-002775,20,SUBURB_NORTH,AIRPORT,PREMIUM,8.58,22.7,CLEAR,0.0,10.0,18.0,0.26,0,34,20,0.59,REGULAR,51.31,0.0,0.007,0.0,0.0,1.01,51.82,38.92,12.9,0.8944,1,0
REQ-002776,10,TECH_CORRIDOR,SUBURB_NORTH,PREMIUM,11.96,37.7,CLEAR,0.0,10.0,6.5,0.08,0,18,18,1.0,PLATINUM,73.54,0.0,0.0,0.0,0.0,1.0,73.54,55.16,18.38,0.9526,1,0
REQ-002777,2,TECH_CORRIDOR,DOWNTOWN,STANDARD,24.35,50.4,CLEAR,0.0,10.0,16.3,0.33,0,48,78,1.62,GOLD,51.08,0.0,0.027,0.217,0.15,1.39,71.0,55.24,15.76,0.8461,1,0
REQ-002778,18,AIRPORT,SUBURB_NORTH,PREMIUM,13.01,29.3,HEAVY_RAIN,23.8,0.9,18.9,0.62,0,14,76,5.43,REGULAR,69.34,0.978,0.372,1.2,0.25,3.5,242.69,199.35,43.34,0.021,0,1
REQ-002779,23,TECH_CORRIDOR,AIRPORT,STANDARD,6.45,13.7,FOG,0.0,10.0,13.9,0.13,0,11,33,3.0,REGULAR,15.85,0.2,0.0,0.7,0.15,2.05,32.49,26.03,6.46,0.411,1,0
REQ-002780,22,SUBURB_NORTH,DOWNTOWN,STANDARD,21.91,69.9,CLEAR,0.0,10.0,25.8,0.41,0,60,62,1.03,REGULAR,54.85,0.0,0.063,0.0,0.0,1.06,58.14,43.93,14.21,0.8825,1,0
REQ-002781,1,DOWNTOWN,AIRPORT,COMFORT,4.59,9.9,CLEAR,0.0,10.0,25.1,0.2,0,32,39,1.22,GOLD,16.53,0.0,0.0,0.077,0.15,1.23,20.33,15.63,4.7,0.8897,1,0
REQ-002782,23,FINANCIAL_DISTRICT,SUBURB_NORTH,PREMIUM,2.05,5.6,CLEAR,0.0,10.0,30.9,0.2,0,48,32,0.67,REGULAR,18.5,0.0,0.0,0.0,0.15,1.15,21.27,16.23,5.04,0.8581,1,0
REQ-002783,23,SUBURB_NORTH,DOWNTOWN,COMFORT,10.6,20.5,RAIN,4.1,6.7,30.8,0.19,0,49,35,0.71,REGULAR,31.21,0.296,0.0,0.0,0.15,1.45,45.25,35.34,9.91,0.7465,0,0
REQ-002784,9,AIRPORT,DOWNTOWN,XL,20.99,61.1,CLEAR,0.0,10.0,9.6,0.8,1,54,41,0.76,REGULAR,86.74,0.0,0.732,0.0,0.2,1.93,167.41,133.62,33.79,0.482,0,0
REQ-002785,23,FINANCIAL_DISTRICT,AIRPORT,XL,2.92,6.6,THUNDERSTORM,52.1,2.7,6.2,0.08,1,22,12,0.55,REGULAR,16.09,1.2,0.12,0.0,0.15,2.47,39.74,32.17,7.57,0.2029,0,0
REQ-002786,6,TECH_CORRIDOR,FINANCIAL_DISTRICT,PREMIUM,11.46,30.8,CLEAR,0.0,10.0,18.7,0.2,0,50,38,0.76,REGULAR,66.27,0.0,0.0,0.0,0.0,1.0,66.27,49.7,16.57,0.8966,1,0
REQ-002787,2,AIRPORT,TECH_CORRIDOR,COMFORT,15.24,40.0,CLEAR,0.0,10.0,9.2,0.13,0,41,59,1.44,REGULAR,47.65,0.0,0.0,0.154,0.15,1.3,61.95,47.89,14.06,0.8085,1,0
REQ-002788,6,AIRPORT,SUBURB_NORTH,PREMIUM,20.5,42.9,THUNDERSTORM,20.1,2.1,24.8,0.3,1,51,46,0.9,REGULAR,101.86,1.066,0.137,0.0,0.0,2.2,224.09,180.29,43.8,0.3274,1,0
REQ-002789,10,AIRPORT,DOWNTOWN,STANDARD,13.83,31.0,CLEAR,0.0,10.0,27.6,0.18,0,55,14,0.25,REGULAR,31.14,0.0,0.0,0.0,0.0,1.0,31.14,23.36,7.78,0.8966,1,0
REQ-002790,5,SUBURB_NORTH,TECH_CORRIDOR,COMFORT,6.26,12.8,CLEAR,0.0,10.0,11.5,0.15,1,14,14,1.0,GOLD,20.59,0.0,0.12,0.0,0.0,1.12,23.06,17.54,5.52,0.9131,1,0
REQ-002791,18,SUBURB_NORTH,DOWNTOWN,COMFORT,11.93,25.5,CLEAR,0.0,10.0,23.1,0.78,0,11,29,2.64,REGULAR,35.65,0.023,0.583,0.574,0.25,2.43,86.63,70.07,16.56,0.2189,1,0
REQ-002792,3,FINANCIAL_DISTRICT,AIRPORT,COMFORT,16.4,45.1,CLEAR,0.0,10.0,24.3,0.17,0,24,29,1.21,REGULAR,51.86,0.0,0.0,0.073,0.15,1.22,63.27,48.59,14.68,0.8364,1,0
REQ-002793,0,FINANCIAL_DISTRICT,AIRPORT,COMFORT,22.12,41.5,CLEAR,0.0,10.0,8.5,0.29,0,24,40,1.67,REGULAR,59.68,0.0,0.014,0.234,0.15,1.4,83.55,65.05,18.5,0.7685,1,0
REQ-002794,19,SUBURB_NORTH,DOWNTOWN,COMFORT,10.73,30.7,CLEAR,0.0,10.0,15.3,0.62,0,55,76,1.38,REGULAR,36.01,0.0,0.371,0.133,0.25,1.75,63.02,49.97,13.05,0.589,0,0
REQ-002795,19,SUBURB_NORTH,AIRPORT,STANDARD,25.39,64.8,HEAVY_RAIN,38.3,2.8,10.8,0.52,2,37,15,0.41,REGULAR,57.42,0.951,0.503,0.0,0.25,2.7,155.03,126.03,29.0,0.1279,0,0
REQ-002796,3,FINANCIAL_DISTRICT,TECH_CORRIDOR,STANDARD,5.35,16.7,RAIN,7.0,5.9,24.5,0.25,0,35,33,0.94,REGULAR,15.53,0.329,0.005,0.0,0.15,1.48,22.98,17.98,5.0,0.7326,1,0
REQ-002797,23,TECH_CORRIDOR,SUBURB_NORTH,PREMIUM,24.49,50.8,RAIN,11.3,4.8,18.6,0.22,0,18,77,4.28,GOLD,119.75,0.377,0.001,1.148,0.15,2.68,320.93,260.82,60.11,0.1991,1,0
REQ-002798,10,DOWNTOWN,AIRPORT,XL,6.59,13.4,DRIZZLE,0.0,10.0,5.8,0.32,0,26,15,0.58,GOLD,27.88,0.1,0.023,0.0,0.0,1.12,31.23,23.76,7.47,0.9131,1,0
REQ-002799,5,AIRPORT,SUBURB_NORTH,STANDARD,6.47,14.7,CLEAR,0.0,10.0,31.7,0.2,2,50,38,0.76,REGULAR,16.23,0.0,0.24,0.0,0.0,1.24,20.13,15.49,4.64,0.8298,1,0
REQ-002800,19,AIRPORT,DOWNTOWN,XL,12.79,25.8,DRIZZLE,0.0,10.0,10.3,0.53,0,29,80,2.76,GOLD,48.34,0.168,0.271,0.616,0.25,2.31,111.67,90.09,21.58,0.3766,0,0
REQ-002801,11,FINANCIAL_DISTRICT,AIRPORT,PREMIUM,15.22,47.5,RAIN,4.0,7.6,30.0,0.15,1,48,44,0.92,REGULAR,91.0,0.295,0.12,0.0,0.0,1.42,129.22,100.74,28.48,0.7599,1,0
REQ-002802,11,TECH_CORRIDOR,AIRPORT,STANDARD,15.23,48.6,RAIN,8.7,4.9,25.0,0.06,0,12,65,5.42,REGULAR,39.05,0.348,0.0,1.2,0.0,2.55,99.58,80.74,18.84,0.1736,0,0
REQ-002803,11,AIRPORT,TECH_CORRIDOR,PREMIUM,9.41,26.4,CLEAR,0.0,10.0,21.7,0.15,0,31,15,0.48,REGULAR,56.79,0.0,0.0,0.0,0.0,1.0,56.79,42.59,14.2,0.8966,1,0
REQ-002804,21,TECH_CORRIDOR,FINANCIAL_DISTRICT,COMFORT,13.91,43.3,CLEAR,0.0,10.0,9.7,0.32,0,50,43,0.86,GOLD,46.93,0.027,0.023,0.0,0.0,1.05,49.28,37.2,12.08,0.9255,1,0
REQ-002805,20,DOWNTOWN,FINANCIAL_DISTRICT,XL,11.23,26.7,CLEAR,0.0,10.0,6.9,0.21,0,9,43,4.78,PLATINUM,45.6,0.0,0.0,1.2,0.0,2.2,100.32,80.71,19.61,0.53,0,0
REQ-002806,13,TECH_CORRIDOR,SUBURB_NORTH,XL,14.58,31.3,HEAVY_RAIN,26.8,1.2,25.7,0.44,0,25,38,1.52,REGULAR,55.4,0.991,0.08,0.182,0.0,2.25,124.65,100.41,24.24,0.3015,0,0
REQ-002807,21,DOWNTOWN,SUBURB_NORTH,COMFORT,9.76,18.4,THUNDERSTORM,53.6,3.0,10.6,0.11,0,58,25,0.43,REGULAR,28.88,1.2,0.0,0.0,0.0,2.2,63.54,51.12,12.42,0.3274,1,0
REQ-002808,11,SUBURB_NORTH,FINANCIAL_DISTRICT,STANDARD,18.1,55.2,CLEAR,0.0,10.0,31.1,0.45,0,55,61,1.11,REGULAR,44.94,0.0,0.086,0.0,0.0,1.09,48.98,37.14,11.84,0.8748,1,0
REQ-002809,21,SUBURB_NORTH,TECH_CORRIDOR,STANDARD,13.31,36.1,CLEAR,0.0,10.0,12.6,0.3,0,50,13,0.26,REGULAR,32.27,0.0,0.017,0.0,0.0,1.02,32.92,24.75,8.17,0.8921,1,0
REQ-002810,9,DOWNTOWN,FINANCIAL_DISTRICT,STANDARD,4.84,10.7,CLEAR,0.0,10.0,5.3,0.69,0,55,75,1.36,REGULAR,12.79,0.0,0.458,0.126,0.2,1.78,22.77,18.08,4.69,0.5715,0,0
REQ-002811,1,DOWNTOWN,FINANCIAL_DISTRICT,XL,8.66,16.4,DRIZZLE,0.0,10.0,26.0,0.12,0,59,47,0.8,PLATINUM,34.03,0.1,0.0,0.0,0.15,1.25,42.54,32.76,9.78,0.9168,1,0
REQ-002812,9,DOWNTOWN,SUBURB_NORTH,COMFORT,2.42,7.6,CLEAR,0.0,10.0,12.2,0.43,1,25,36,1.44,REGULAR,11.91,0.0,0.194,0.154,0.2,1.55,18.46,14.5,3.96,0.6985,0,0
REQ-002813,16,AIRPORT,DOWNTOWN,COMFORT,4.29,12.1,CLEAR,0.0,10.0,13.5,0.06,0,30,24,0.8,REGULAR,17.03,0.0,0.0,0.0,0.0,1.0,17.03,12.77,4.26,0.8966,1,0
REQ-002814,11,FINANCIAL_DISTRICT,SUBURB_NORTH,STANDARD,10.64,19.5,CLEAR,0.0,10.0,24.4,0.24,0,57,39,0.68,REGULAR,23.12,0.061,0.003,0.0,0.0,1.06,24.51,18.52,5.99,0.8825,1,0
REQ-002815,5,AIRPORT,DOWNTOWN,STANDARD,4.06,11.3,HEAVY_RAIN,38.8,0.7,10.6,0.13,1,33,23,0.7,REGULAR,12.03,1.167,0.12,0.0,0.0,2.29,27.55,22.21,5.34,0.2817,0,0
REQ-002816,5,AIRPORT,DOWNTOWN,XL,26.8,81.0,SNOW,7.2,4.5,-7.5,0.08,1,36,28,0.78,REGULAR,110.88,0.631,0.12,0.0,0.0,1.75,194.04,153.85,40.19,0.589,1,0
REQ-002817,16,AIRPORT,SUBURB_NORTH,COMFORT,9.82,18.0,CLEAR,0.0,10.0,26.4,0.22,0,22,40,1.82,REGULAR,28.8,0.004,0.001,0.287,0.0,1.29,37.15,28.7,8.45,0.8121,1,0
REQ-002818,3,DOWNTOWN,AIRPORT,STANDARD,23.66,62.2,SNOW,11.5,5.1,-2.8,0.25,0,47,67,1.43,PLATINUM,54.34,0.585,0.005,0.15,0.15,1.89,102.7,81.86,20.84,0.7035,1,0
REQ-002819,9,TECH_CORRIDOR,FINANCIAL_DISTRICT,COMFORT,15.43,37.4,RAIN,7.0,6.4,29.4,0.76,0,53,52,0.98,GOLD,46.79,0.329,0.555,0.0,0.2,2.08,97.32,78.04,19.28,0.512,1,0
REQ-002820,22,SUBURB_NORTH,AIRPORT,COMFORT,14.46,36.8,CLEAR,0.0,10.0,21.1,0.22,0,13,14,1.08,REGULAR,44.92,0.0,0.001,0.0,0.0,1.0,44.92,33.69,11.23,0.8966,0,0
REQ-002821,0,FINANCIAL_DISTRICT,AIRPORT,PREMIUM,5.86,12.8,RAIN,8.9,6.0,18.9,0.23,2,8,75,9.38,REGULAR,35.29,0.35,0.242,1.2,0.15,2.94,103.75,84.66,19.09,0.0761,0,0
REQ-002822,7,DOWNTOWN,AIRPORT,XL,4.16,11.5,CLEAR,0.0,10.0,25.6,0.6,0,50,41,0.82,GOLD,21.64,0.08,0.349,0.0,0.2,1.63,35.27,27.82,7.45,0.7555,1,0
REQ-002823,4,SUBURB_NORTH,FINANCIAL_DISTRICT,STANDARD,4.14,12.2,DRIZZLE,0.0,10.0,31.1,0.32,0,33,17,0.52,GOLD,12.44,0.102,0.023,0.0,0.0,1.12,13.93,10.6,3.33,0.9131,1,0
REQ-002824,0,SUBURB_NORTH,TECH_CORRIDOR,STANDARD,27.42,82.0,DRIZZLE,0.0,10.0,5.0,0.06,0,50,71,1.42,REGULAR,65.98,0.1,0.0,0.147,0.15,1.4,92.37,71.92,20.45,0.7685,1,0
REQ-002825,6,SUBURB_NORTH,DOWNTOWN,PREMIUM,7.94,23.2,RAIN,10.1,7.9,6.2,0.21,0,58,53,0.91,REGULAR,49.95,0.364,0.0,0.0,0.0,1.36,67.93,52.75,15.18,0.7852,1,0
REQ-002826,19,DOWNTOWN,FINANCIAL_DISTRICT,XL,23.62,44.1,CLEAR,0.0,10.0,10.9,0.68,0,45,74,1.64,GOLD,82.06,0.0,0.446,0.224,0.25,1.92,157.56,125.72,31.84,0.6064,1,0
REQ-002827,18,AIRPORT,TECH_CORRIDOR,XL,10.1,19.3,RAIN,12.3,7.4,12.1,0.58,0,46,15,0.33,REGULAR,38.79,0.388,0.325,0.0,0.25,1.96,76.03,60.75,15.28,0.4641,1,0
REQ-002828,13,DOWNTOWN,FINANCIAL_DISTRICT,XL,17.89,45.6,CLEAR,0.0,10.0,12.1,0.1,0,25,21,0.84,PLATINUM,70.93,0.0,0.0,0.0,0.0,1.0,70.93,53.2,17.73,0.9526,1,0
REQ-002829,21,SUBURB_NORTH,TECH_CORRIDOR,XL,11.66,36.8,RAIN,6.3,7.3,14.2,0.35,1,60,67,1.12,REGULAR,52.57,0.364,0.154,0.0,0.0,1.52,79.91,62.67,17.24,0.7134,0,0
REQ-002830,17,FINANCIAL_DISTRICT,AIRPORT,XL,3.36,8.6,CLEAR,0.0,10.0,29.5,0.43,0,35,66,1.89,GOLD,18.22,0.066,0.074,0.311,0.25,1.7,30.97,24.5,6.47,0.7231,0,0
REQ-002831,2,SUBURB_NORTH,AIRPORT,COMFORT,22.07,49.8,HEAVY_RAIN,29.9,2.2,31.5,0.13,0,41,23,0.56,REGULAR,63.33,0.916,0.0,0.0,0.15,2.07,131.09,105.09,26.0,0.3994,0,0
REQ-002832,0,DOWNTOWN,FINANCIAL_DISTRICT,COMFORT,14.81,28.5,CLEAR,0.0,10.0,11.7,0.4,0,24,22,0.92,GOLD,41.77,0.0,0.058,0.0,0.15,1.21,50.54,38.78,11.76,0.8944,1,0
REQ-002833,17,TECH_CORRIDOR,DOWNTOWN,PREMIUM,11.03,30.7,RAIN,7.2,7.5,15.8,0.62,0,46,16,0.35,REGULAR,64.97,0.331,0.373,0.0,0.25,1.95,126.69,101.19,25.5,0.47,0,0
REQ-002834,4,AIRPORT,TECH_CORRIDOR,STANDARD,13.29,36.0,DRIZZLE,0.0,10.0,31.6,0.4,1,14,12,0.86,REGULAR,32.21,0.1,0.178,0.0,0.0,1.28,41.23,31.82,9.41,0.8158,1,0
REQ-002835,16,DOWNTOWN,AIRPORT,PREMIUM,2.5,7.5,DRIZZLE,0.0,10.0,28.0,0.34,0,53,77,1.45,REGULAR,21.38,0.1,0.03,0.157,0.0,1.29,27.58,21.3,6.28,0.8121,1,0
REQ-002836,6,TECH_CORRIDOR,SUBURB_NORTH,XL,24.71,66.1,HEAVY_RAIN,46.7,1.6,12.4,0.29,1,10,32,3.2,REGULAR,97.55,1.165,0.134,0.77,0.0,3.07,299.48,244.8,54.68,0.0569,0,0
REQ-002837,8,SUBURB_NORTH,TECH_CORRIDOR,STANDARD,22.41,49.9,CLEAR,0.0,10.0,24.3,0.7,0,57,14,0.25,REGULAR,48.47,0.0,0.473,0.0,0.2,1.67,80.94,63.95,16.99,0.6346,0,0
REQ-002838,14,TECH_CORRIDOR,AIRPORT,PREMIUM,10.83,31.3,DRIZZLE,0.0,10.0,17.0,0.09,0,19,12,0.63,REGULAR,64.93,0.108,0.0,0.0,0.0,1.11,72.07,54.77,17.3,0.8694,1,0
REQ-002839,5,TECH_CORRIDOR,FINANCIAL_DISTRICT,PREMIUM,15.97,46.5,HEAVY_RAIN,31.8,2.3,22.8,0.37,0,56,64,1.14,REGULAR,92.24,0.928,0.043,0.0,0.0,1.97,181.71,145.23,36.48,0.4581,0,0
REQ-002840,13,TECH_CORRIDOR,SUBURB_NORTH,STANDARD,4.3,10.0,HEAVY_RAIN,40.2,2.1,18.6,0.17,0,31,80,2.58,REGULAR,11.88,1.042,0.0,0.553,0.0,2.59,30.77,24.97,5.8,0.1603,0,0
REQ-002841,20,TECH_CORRIDOR,AIRPORT,XL,20.26,62.5,DRIZZLE,0.0,10.0,24.5,0.06,0,33,34,1.03,REGULAR,86.05,0.1,0.0,0.0,0.0,1.1,94.66,71.86,22.8,0.8721,0,0
REQ-002842,3,AIRPORT,TECH_CORRIDOR,PREMIUM,17.67,32.4,FOG,0.0,10.0,12.9,0.45,1,53,61,1.15,GOLD,85.02,0.2,0.206,0.0,0.15,1.56,132.63,104.23,28.4,0.7852,0,0
REQ-002843,0,FINANCIAL_DISTRICT,AIRPORT,STANDARD,10.96,34.1,CLEAR,0.0,10.0,17.6,0.45,0,53,77,1.45,REGULAR,28.64,0.0,0.086,0.157,0.15,1.39,39.81,30.97,8.84,0.7728,1,0
REQ-002844,20,DOWNTOWN,FINANCIAL_DISTRICT,XL,3.61,10.1,RAIN,13.9,5.0,31.9,0.08,0,49,42,0.86,REGULAR,19.64,0.431,0.0,0.0,0.0,1.43,28.09,21.91,6.18,0.7555,1,0
REQ-002845,3,TECH_CORRIDOR,FINANCIAL_DISTRICT,COMFORT,22.25,57.5,CLEAR,0.0,10.0,18.3,0.17,2,59,49,0.83,REGULAR,67.09,0.053,0.24,0.0,0.15,1.44,96.61,75.41,21.2,0.751,0,0
REQ-002846,22,DOWNTOWN,AIRPORT,XL,23.48,44.2,RAIN,8.3,5.7,17.1,0.05,0,55,50,0.91,REGULAR,81.83,0.343,0.0,0.0,0.0,1.34,109.65,85.02,24.63,0.7931,0,0
REQ-002847,6,SUBURB_NORTH,DOWNTOWN,COMFORT,12.2,29.7,FOG,0.0,10.0,6.8,0.15,0,56,21,0.38,GOLD,38.0,0.2,0.0,0.0,0.0,1.2,45.6,34.96,10.64,0.8966,1,0
REQ-002848,8,FINANCIAL_DISTRICT,SUBURB_NORTH,PREMIUM,12.81,24.2,CLEAR,0.0,10.0,25.8,0.47,0,34,48,1.41,REGULAR,64.44,0.02,0.099,0.143,0.2,1.46,94.08,73.52,20.56,0.7419,1,0
REQ-002849,15,TECH_CORRIDOR,FINANCIAL_DISTRICT,PREMIUM,19.71,56.0,CLEAR,0.0,10.0,25.6,0.4,0,50,42,0.84,GOLD,110.79,0.0,0.058,0.0,0.0,1.06,117.44,88.74,28.7,0.9239,1,0
REQ-002850,4,AIRPORT,DOWNTOWN,STANDARD,3.6,10.2,CLEAR,0.0,10.0,23.3,0.41,0,49,64,1.31,GOLD,11.07,0.019,0.063,0.109,0.0,1.19,13.17,10.09,3.08,0.8988,1,0
REQ-002851,0,FINANCIAL_DISTRICT,TECH_CORRIDOR,PREMIUM,14.44,32.6,CLEAR,0.0,10.0,13.0,0.35,0,20,67,3.35,REGULAR,76.14,0.081,0.034,0.823,0.15,2.09,159.13,127.65,31.48,0.3879,0,0
REQ-002852,20,FINANCIAL_DISTRICT,AIRPORT,PREMIUM,23.28,67.9,RAIN,14.6,4.7,11.0,0.24,0,56,42,0.75,REGULAR,130.9,0.414,0.003,0.0,0.0,1.42,185.88,144.91,40.97,0.7599,0,0
REQ-002853,18,DOWNTOWN,AIRPORT,XL,17.19,54.3,CLEAR,0.0,10.0,17.1,0.55,0,18,33,1.83,REGULAR,74.68,0.0,0.292,0.29,0.25,1.83,136.66,108.69,27.97,0.5419,0,0
REQ-002854,15,AIRPORT,TECH_CORRIDOR,STANDARD,10.62,32.3,HEAVY_RAIN,34.3,2.7,23.9,0.44,0,12,69,5.75,REGULAR,27.57,0.916,0.08,1.2,0.0,3.2,88.22,72.23,15.99,0.0423,0,0
REQ-002855,16,TECH_CORRIDOR,FINANCIAL_DISTRICT,PREMIUM,3.62,10.9,CLEAR,0.0,10.0,29.4,0.4,0,30,76,2.53,REGULAR,27.41,0.0,0.058,0.535,0.0,1.59,43.58,34.3,9.28,0.6779,1,0
REQ-002856,22,AIRPORT,FINANCIAL_DISTRICT,STANDARD,5.42,14.2,DRIZZLE,0.0,10.0,29.3,0.18,0,59,45,0.76,REGULAR,14.75,0.1,0.0,0.0,0.0,1.1,16.23,12.32,3.91,0.8721,1,0
REQ-002857,12,AIRPORT,DOWNTOWN,XL,20.17,50.9,RAIN,13.7,6.5,30.9,0.07,0,24,32,1.33,REGULAR,78.9,0.404,0.0,0.116,0.0,1.52,119.93,94.05,25.88,0.7134,1,0
REQ-002858,6,SUBURB_NORTH,DOWNTOWN,STANDARD,11.12,28.6,CLEAR,0.0,10.0,30.5,0.41,1,33,30,0.91,REGULAR,26.91,0.0,0.183,0.0,0.0,1.18,31.75,24.3,7.45,0.8492,1,0
REQ-002859,15,SUBURB_NORTH,TECH_CORRIDOR,STANDARD,8.1,20.6,CLEAR,0.0,10.0,12.9,0.44,0,15,60,4.0,REGULAR,20.33,0.0,0.08,1.05,0.0,2.13,43.3,34.77,8.53,0.3654,0,0
REQ-002860,12,DOWNTOWN,TECH_CORRIDOR,COMFORT,10.08,27.7,DRIZZLE,0.0,10.0,19.7,0.31,0,33,32,0.97,PLATINUM,33.59,0.1,0.02,0.0,0.0,1.12,37.62,28.62,9.0,0.9377,1,0
REQ-002861,20,FINANCIAL_DISTRICT,AIRPORT,XL,14.08,44.5,CLEAR,0.0,10.0,12.0,0.44,0,10,68,6.8,REGULAR,62.27,0.0,0.08,1.2,0.0,2.28,141.98,114.46,27.52,0.2866,0,0
REQ-002862,14,DOWNTOWN,SUBURB_NORTH,XL,13.97,27.9,CLEAR,0.0,10.0,23.7,0.18,0,9,34,3.78,REGULAR,52.08,0.0,0.0,0.973,0.0,1.97,102.6,82.0,20.6,0.4581,1,0
REQ-002863,9,SUBURB_NORTH,FINANCIAL_DISTRICT,XL,10.87,21.5,CLEAR,0.0,10.0,28.5,0.83,0,19,33,1.74,PLATINUM,41.73,0.009,0.66,0.259,0.2,2.13,88.88,71.38,17.5,0.5715,1,0
REQ-002864,0,TECH_CORRIDOR,AIRPORT,STANDARD,13.56,39.3,CLEAR,0.0,10.0,5.7,0.31,0,60,24,0.4,REGULAR,33.7,0.0,0.02,0.0,0.15,1.17,39.43,30.15,9.28,0.8522,1,0
REQ-002865,12,SUBURB_NORTH,AIRPORT,XL,8.34,17.3,HEAVY_RAIN,26.5,1.3,5.2,0.19,0,55,32,0.58,GOLD,33.89,0.968,0.0,0.0,0.0,1.97,66.76,53.36,13.4,0.5774,1,0
REQ-002866,14,DOWNTOWN,AIRPORT,XL,26.65,74.0,CLEAR,0.0,10.0,28.1,0.28,0,44,67,1.52,REGULAR,106.36,0.0,0.011,0.182,0.0,1.19,126.57,96.95,29.62,0.8461,1,0
REQ-002867,4,SUBURB_NORTH,DOWNTOWN,XL,13.14,35.8,CLEAR,0.0,10.0,10.3,0.41,0,27,57,2.11,REGULAR,55.07,0.0,0.063,0.388,0.0,1.45,79.85,62.37,17.48,0.7465,0,0
REQ-002868,7,FINANCIAL_DISTRICT,TECH_CORRIDOR,PREMIUM,18.02,45.4,CLEAR,0.0,10.0,16.7,0.78,0,54,49,0.91,GOLD,97.05,0.0,0.584,0.0,0.2,1.78,172.75,137.13,35.62,0.6831,1,0
REQ-002869,4,DOWNTOWN,FINANCIAL_DISTRICT,PREMIUM,26.2,54.3,RAIN,13.3,7.0,20.2,0.2,2,16,47,2.94,REGULAR,127.51,0.4,0.24,0.679,0.0,2.32,295.82,238.7,57.12,0.2674,0,0
REQ-002870,14,FINANCIAL_DISTRICT,DOWNTOWN,STANDARD,17.97,36.7,CLEAR,0.0,10.0,10.7,0.3,1,46,71,1.54,REGULAR,38.31,0.01,0.137,0.189,0.0,1.34,51.34,39.81,11.53,0.7931,1,0
REQ-002871,4,TECH_CORRIDOR,FINANCIAL_DISTRICT,PREMIUM,5.49,10.8,THUNDERSTORM,28.6,0.9,21.0,0.29,0,10,23,2.3,REGULAR,32.55,1.2,0.014,0.455,0.0,2.67,86.91,70.62,16.29,0.1361,1,0
REQ-002872,13,AIRPORT,SUBURB_NORTH,XL,14.74,35.3,DRIZZLE,0.0,10.0,25.3,0.44,0,10,49,4.9,GOLD,58.13,0.1,0.08,1.2,0.0,2.38,138.35,111.78,26.57,0.338,0,0
REQ-002873,2,DOWNTOWN,SUBURB_NORTH,XL,24.62,62.3,RAIN,12.2,4.5,28.5,0.42,0,39,43,1.1,REGULAR,95.08,0.387,0.069,0.0,0.15,1.61,153.08,120.61,32.47,0.6673,1,0
REQ-002874,20,DOWNTOWN,FINANCIAL_DISTRICT,XL,8.92,20.2,RAIN,10.8,4.5,7.2,0.29,0,47,16,0.34,REGULAR,36.85,0.371,0.014,0.0,0.0,1.39,51.22,39.85,11.37,0.7728,1,0
REQ-002875,22,SUBURB_NORTH,AIRPORT,STANDARD,14.74,35.1,DRIZZLE,0.0,10.0,5.5,0.2,0,21,60,2.86,REGULAR,33.72,0.134,0.0,0.651,0.0,1.78,60.02,47.65,12.37,0.5715,1,0
REQ-002876,2,DOWNTOWN,FINANCIAL_DISTRICT,PREMIUM,23.44,42.6,CLEAR,0.0,10.0,31.5,0.45,0,26,36,1.38,REGULAR,109.84,0.0,0.086,0.133,0.15,1.37,150.48,116.92,33.56,0.7811,1,0
REQ-002877,18,FINANCIAL_DISTRICT,SUBURB_NORTH,PREMIUM,7.4,13.9,CLEAR,0.0,10.0,30.5,0.55,0,58,13,0.22,REGULAR,40.53,0.0,0.293,0.0,0.25,1.54,62.42,49.0,13.42,0.7035,1,0
REQ-002878,17,AIRPORT,TECH_CORRIDOR,COMFORT,26.1,71.7,CLEAR,0.0,10.0,28.2,0.71,2,59,48,0.81,PLATINUM,79.83,0.0,0.725,0.0,0.25,1.98,158.06,126.37,31.69,0.6566,1,0
REQ-002879,10,AIRPORT,TECH_CORRIDOR,XL,16.34,45.4,CLEAR,0.0,10.0,31.8,0.28,0,10,52,5.2,GOLD,67.55,0.0,0.011,1.2,0.0,2.21,149.29,120.14,29.15,0.4344,0,0
REQ-002880,6,SUBURB_NORTH,AIRPORT,STANDARD,4.09,11.0,CLEAR,0.0,10.0,20.3,0.14,0,52,60,1.15,GOLD,11.96,0.0,0.0,0.0,0.0,1.0,11.96,8.97,2.99,0.9334,1,0
REQ-002881,10,SUBURB_NORTH,DOWNTOWN,XL,6.03,19.1,DRIZZLE,0.0,10.0,28.0,0.4,1,52,34,0.65,REGULAR,30.12,0.1,0.178,0.0,0.0,1.28,38.55,29.76,8.79,0.8158,1,0
REQ-002882,17,DOWNTOWN,FINANCIAL_DISTRICT,COMFORT,10.49,32.3,HEAVY_RAIN,33.0,1.8,10.4,0.83,1,38,13,0.34,REGULAR,36.34,0.991,0.779,0.0,0.25,3.02,109.75,89.65,20.1,0.0637,0,0
REQ-002883,17,DOWNTOWN,AIRPORT,STANDARD,11.57,29.8,CLEAR,0.0,10.0,22.3,0.56,0,41,68,1.66,PLATINUM,27.89,0.0,0.303,0.231,0.25,1.78,49.64,39.41,10.23,0.7555,1,0
REQ-002884,20,FINANCIAL_DISTRICT,SUBURB_NORTH,STANDARD,20.79,47.6,CLEAR,0.0,10.0,12.4,0.35,0,53,59,1.11,REGULAR,45.65,0.0,0.034,0.0,0.0,1.03,47.02,35.4,11.62,0.8897,1,0
REQ-002885,23,DOWNTOWN,FINANCIAL_DISTRICT,XL,15.38,35.4,DRIZZLE,0.0,10.0,24.5,0.35,0,40,23,0.57,REGULAR,59.54,0.113,0.034,0.0,0.15,1.3,77.4,59.84,17.56,0.8085,1,0
REQ-002886,22,AIRPORT,SUBURB_NORTH,COMFORT,10.28,31.2,DRIZZLE,0.0,10.0,8.9,0.22,0,17,79,4.65,REGULAR,35.5,0.134,0.001,1.2,0.0,2.33,82.72,66.76,15.96,0.2627,1,0
REQ-002887,8,DOWNTOWN,AIRPORT,COMFORT,5.15,10.3,CLEAR,0.0,10.0,26.8,0.44,0,22,30,1.36,REGULAR,17.64,0.0,0.08,0.126,0.2,1.41,24.87,19.38,5.49,0.7642,1,0
REQ-002888,21,TECH_CORRIDOR,SUBURB_NORTH,XL,26.13,52.0,CLEAR,0.0,10.0,7.1,0.38,0,27,76,2.81,REGULAR,92.07,0.0,0.048,0.633,0.0,1.68,154.68,122.27,32.41,0.629,0,0
REQ-002889,7,DOWNTOWN,FINANCIAL_DISTRICT,STANDARD,3.67,10.3,BLIZZARD,20.9,1.5,-9.3,0.68,0,23,33,1.43,REGULAR,11.19,1.2,0.446,0.15,0.2,3.0,33.57,27.42,6.15,0.0666,0,0
REQ-002890,9,FINANCIAL_DISTRICT,TECH_CORRIDOR,XL,4.59,9.8,CLEAR,0.0,10.0,9.6,0.41,0,49,17,0.35,REGULAR,21.52,0.022,0.063,0.0,0.2,1.28,27.55,21.27,6.28,0.8158,1,0
REQ-002891,19,TECH_CORRIDOR,DOWNTOWN,XL,20.98,48.5,RAIN,14.0,7.9,9.4,0.6,0,36,72,2.0,REGULAR,79.16,0.407,0.347,0.35,0.25,2.35,186.03,150.21,35.82,0.2535,1,0
REQ-002892,3,TECH_CORRIDOR,SUBURB_NORTH,COMFORT,14.14,44.3,SNOW,13.0,5.5,-0.6,0.23,0,55,20,0.36,REGULAR,47.76,0.558,0.002,0.0,0.15,1.71,81.67,64.64,17.03,0.6121,1,0
REQ-002893,5,TECH_CORRIDOR,AIRPORT,XL,20.67,60.1,DRIZZLE,0.0,10.0,11.9,0.11,1,20,26,1.3,REGULAR,85.47,0.1,0.12,0.105,0.0,1.33,113.68,88.08,25.6,0.7971,1,0
REQ-002894,5,TECH_CORRIDOR,SUBURB_NORTH,COMFORT,16.73,31.5,CLEAR,0.0,10.0,9.2,0.42,0,57,23,0.4,REGULAR,46.28,0.0,0.069,0.0,0.0,1.07,49.52,37.46,12.06,0.88,1,0
REQ-002895,15,AIRPORT,FINANCIAL_DISTRICT,STANDARD,10.12,23.0,CLEAR,0.0,10.0,8.0,0.09,0,32,27,0.84,GOLD,23.7,0.079,0.0,0.0,0.0,1.08,25.6,19.39,6.21,0.9204,1,0
REQ-002896,0,FINANCIAL_DISTRICT,DOWNTOWN,COMFORT,9.3,17.6,CLEAR,0.0,10.0,8.1,0.22,0,26,41,1.58,REGULAR,27.77,0.0,0.001,0.203,0.15,1.35,37.49,29.09,8.4,0.7892,1,0
REQ-002897,23,DOWNTOWN,SUBURB_NORTH,XL,19.26,51.3,CLEAR,0.0,10.0,17.9,0.43,1,11,49,4.45,REGULAR,77.23,0.0,0.194,1.2,0.15,2.54,196.16,159.01,37.15,0.1771,0,0
REQ-002898,13,SUBURB_NORTH,TECH_CORRIDOR,COMFORT,11.14,30.5,DRIZZLE,0.0,10.0,13.3,0.19,0,58,47,0.81,REGULAR,36.6,0.1,0.0,0.0,0.0,1.1,40.26,30.56,9.7,0.8721,1,0
REQ-002899,16,FINANCIAL_DISTRICT,TECH_CORRIDOR,PREMIUM,6.94,18.0,CLEAR,0.0,10.0,6.1,0.09,0,11,55,5.0,REGULAR,42.73,0.0,0.0,1.2,0.0,2.2,94.01,75.64,18.37,0.3274,1,0
REQ-002900,15,DOWNTOWN,FINANCIAL_DISTRICT,COMFORT,24.99,72.6,RAIN,14.7,6.9,8.8,0.2,0,49,27,0.55,REGULAR,78.4,0.484,0.0,0.0,0.0,1.48,116.03,90.79,25.24,0.7326,1,0
REQ-002901,2,AIRPORT,FINANCIAL_DISTRICT,COMFORT,4.9,15.0,CLEAR,0.0,10.0,16.0,0.4,0,34,72,2.12,REGULAR,19.34,0.04,0.058,0.392,0.15,1.64,31.72,25.03,6.69,0.6511,1,0
REQ-002902,15,TECH_CORRIDOR,AIRPORT,STANDARD,22.59,44.4,CLEAR,0.0,10.0,17.2,0.07,0,49,57,1.16,PLATINUM,46.78,0.0,0.0,0.0,0.0,1.0,46.78,35.09,11.69,0.9526,1,0
REQ-002903,5,DOWNTOWN,AIRPORT,PREMIUM,9.84,20.6,RAIN,6.6,7.2,19.5,0.33,0,36,18,0.5,GOLD,53.06,0.4,0.027,0.0,0.0,1.43,75.88,59.19,16.69,0.8331,1,0
REQ-002904,0,TECH_CORRIDOR,SUBURB_NORTH,XL,24.47,61.8,CLEAR,0.0,10.0,23.7,0.08,0,41,43,1.05,REGULAR,94.47,0.0,0.0,0.0,0.15,1.15,108.64,82.9,25.74,0.8581,1,0
REQ-002905,19,DOWNTOWN,AIRPORT,PREMIUM,23.46,67.6,CLEAR,0.0,10.0,12.5,0.6,0,35,16,0.46,REGULAR,131.15,0.063,0.348,0.0,0.25,1.66,217.71,171.94,45.77,0.6401,1,0
REQ-002906,13,SUBURB_NORTH,TECH_CORRIDOR,STANDARD,5.11,12.9,CLEAR,0.0,10.0,9.6,0.23,0,37,46,1.24,REGULAR,13.9,0.0,0.002,0.084,0.0,1.09,15.15,11.49,3.66,0.8748,1,0
REQ-002907,7,TECH_CORRIDOR,AIRPORT,XL,20.21,49.5,DRIZZLE,0.0,10.0,11.5,0.45,0,41,23,0.56,REGULAR,78.14,0.1,0.086,0.0,0.2,1.39,108.61,84.5,24.11,0.7728,1,0
REQ-002908,20,AIRPORT,DOWNTOWN,COMFORT,22.57,49.4,CLEAR,0.0,10.0,22.9,0.3,1,37,17,0.46,REGULAR,63.97,0.0,0.137,0.0,0.0,1.14,72.93,55.59,17.34,0.861,1,0
REQ-002909,0,DOWNTOWN,SUBURB_NORTH,XL,10.77,22.6,CLEAR,0.0,10.0,10.3,0.15,0,30,32,1.07,REGULAR,42.18,0.015,0.0,0.0,0.15,1.16,48.93,37.37,11.56,0.8552,1,0
REQ-002910,1,TECH_CORRIDOR,AIRPORT,PREMIUM,13.64,27.0,CLEAR,0.0,10.0,14.2,0.3,0,39,70,1.79,REGULAR,69.14,0.0,0.017,0.276,0.15,1.44,99.56,77.71,21.85,0.751,1,0
REQ-002911,4,SUBURB_NORTH,AIRPORT,COMFORT,26.0,61.5,RAIN,12.0,4.9,13.3,0.1,0,11,45,4.09,REGULAR,75.08,0.385,0.0,1.081,0.0,2.47,185.45,150.12,35.33,0.2029,0,0
REQ-002912,5,TECH_CORRIDOR,SUBURB_NORTH,STANDARD,13.9,32.3,RAIN,14.4,7.5,7.9,0.23,1,34,67,1.97,PLATINUM,31.68,0.412,0.122,0.339,0.0,1.87,59.24,47.19,12.05,0.7134,1,0
REQ-002913,3,AIRPORT,DOWNTOWN,STANDARD,16.91,53.9,RAIN,7.1,6.9,31.7,0.12,2,54,54,1.0,REGULAR,43.0,0.33,0.24,0.0,0.15,1.72,73.96,58.57,15.39,0.6064,0,0
REQ-002914,8,SUBURB_NORTH,DOWNTOWN,XL,25.8,65.2,DRIZZLE,0.0,10.0,8.4,0.66,0,55,13,0.24,GOLD,99.3,0.1,0.42,0.0,0.2,1.72,170.8,135.25,35.55,0.7134,0,0
REQ-002915,9,FINANCIAL_DISTRICT,DOWNTOWN,PREMIUM,14.78,42.1,CLEAR,0.0,10.0,26.3,0.83,1,31,25,0.81,REGULAR,85.17,0.0,0.778,0.0,0.2,1.98,168.64,134.83,33.81,0.4521,0,0
REQ-002916,18,AIRPORT,DOWNTOWN,PREMIUM,14.29,41.6,CLEAR,0.0,10.0,14.1,0.51,0,21,44,2.1,GOLD,83.37,0.0,0.251,0.385,0.25,1.89,157.57,125.6,31.97,0.6234,1,0
REQ-002917,1,SUBURB_NORTH,DOWNTOWN,XL,7.64,22.2,THUNDERSTORM,38.3,0.9,20.2,0.42,0,40,34,0.85,GOLD,35.36,1.2,0.069,0.0,0.15,2.42,85.57,69.2,16.37,0.3169,0,0
REQ-002918,12,AIRPORT,FINANCIAL_DISTRICT,PREMIUM,2.86,7.1,FOG,0.0,10.0,23.7,0.4,0,40,76,1.9,REGULAR,22.04,0.2,0.058,0.315,0.0,1.57,34.6,27.21,7.39,0.6883,1,0
REQ-002919,4,FINANCIAL_DISTRICT,DOWNTOWN,XL,6.48,20.1,SNOW,9.4,5.5,-12.8,0.18,0,59,13,0.22,REGULAR,31.67,0.762,0.0,0.0,0.0,1.76,55.74,44.21,11.53,0.5832,1,0
REQ-002920,17,FINANCIAL_DISTRICT,SUBURB_NORTH,XL,16.31,43.3,CLEAR,0.0,10.0,5.9,0.82,0,33,56,1.7,REGULAR,66.23,0.035,0.643,0.245,0.25,2.17,143.72,115.54,28.18,0.3434,1,0
REQ-002921,1,SUBURB_NORTH,FINANCIAL_DISTRICT,COMFORT,19.13,49.7,CLEAR,0.0,10.0,29.0,0.2,0,55,14,0.25,REGULAR,58.43,0.0,0.0,0.0,0.15,1.15,67.19,51.27,15.92,0.8581,1,0
REQ-002922,21,DOWNTOWN,FINANCIAL_DISTRICT,COMFORT,27.09,81.3,RAIN,10.8,5.5,12.9,0.07,0,37,14,0.38,REGULAR,85.79,0.371,0.0,0.0,0.0,1.37,117.53,91.32,26.21,0.7811,1,0
REQ-002923,5,SUBURB_NORTH,DOWNTOWN,XL,2.28,5.1,CLEAR,0.0,10.0,17.2,0.35,0,28,60,2.14,REGULAR,13.85,0.0,0.034,0.399,0.0,1.43,19.81,15.45,4.36,0.7555,1,0
REQ-002924,12,AIRPORT,DOWNTOWN,STANDARD,17.21,31.7,CLEAR,0.0,10.0,15.6,0.39,0,12,24,2.0,REGULAR,35.6,0.0,0.053,0.35,0.0,1.4,49.84,38.8,11.04,0.7685,1,0
REQ-002925,21,AIRPORT,DOWNTOWN,COMFORT,11.04,30.9,CLEAR,0.0,10.0,26.5,0.21,0,17,26,1.53,GOLD,36.62,0.0,0.0,0.185,0.0,1.19,43.58,33.38,10.2,0.8988,1,0
REQ-002926,15,AIRPORT,FINANCIAL_DISTRICT,XL,3.84,9.3,SNOW,7.7,6.0,-7.7,0.15,0,41,76,1.85,PLATINUM,19.64,0.641,0.0,0.297,0.0,1.94,38.1,30.42,7.68,0.6779,0,0
REQ-002927,7,SUBURB_NORTH,TECH_CORRIDOR,STANDARD,14.99,38.7,FOG,0.0,10.0,12.6,0.73,0,21,60,2.86,GOLD,35.28,0.2,0.512,0.651,0.2,2.56,90.32,73.24,17.08,0.249,1,0
REQ-002928,20,TECH_CORRIDOR,FINANCIAL_DISTRICT,PREMIUM,12.78,30.3,CLEAR,0.0,10.0,19.6,0.29,0,9,16,1.78,REGULAR,69.53,0.0,0.014,0.273,0.0,1.29,89.69,69.28,20.41,0.8121,1,0
REQ-002929,0,AIRPORT,DOWNTOWN,COMFORT,19.99,54.4,CLEAR,0.0,10.0,28.6,0.27,0,59,21,0.36,REGULAR,61.96,0.0,0.009,0.0,0.15,1.16,71.87,54.89,16.98,0.8552,1,0
REQ-002930,18,FINANCIAL_DISTRICT,TECH_CORRIDOR,XL,13.69,28.0,CLEAR,0.0,10.0,9.7,0.58,0,25,51,2.04,REGULAR,51.55,0.0,0.326,0.364,0.25,1.94,100.01,79.85,20.16,0.476,0,0
REQ-002931,12,SUBURB_NORTH,FINANCIAL_DISTRICT,COMFORT,20.95,60.0,RAIN,13.5,6.0,8.8,0.32,0,13,54,4.15,REGULAR,66.07,0.402,0.023,1.103,0.0,2.53,167.16,135.48,31.68,0.1806,1,0
REQ-002932,0,SUBURB_NORTH,DOWNTOWN,STANDARD,17.33,43.5,DRIZZLE,0.0,10.0,20.2,0.06,0,19,66,3.47,REGULAR,39.88,0.1,0.0,0.865,0.15,2.12,84.55,67.88,16.67,0.371,1,0
REQ-002933,8,AIRPORT,SUBURB_NORTH,COMFORT,6.83,15.7,CLEAR,0.0,10.0,18.2,0.71,0,19,28,1.47,REGULAR,22.83,0.021,0.486,0.164,0.2,1.87,42.69,34.0,8.69,0.518,1,0
REQ-002934,12,AIRPORT,FINANCIAL_DISTRICT,COMFORT,10.32,29.8,DRIZZLE,0.0,10.0,20.6,0.12,0,31,22,0.71,REGULAR,34.94,0.115,0.0,0.0,0.0,1.11,38.78,29.47,9.31,0.8694,1,0
REQ-002935,9,AIRPORT,DOWNTOWN,PREMIUM,2.11,5.0,HEAVY_RAIN,51.3,2.7,11.1,0.59,0,29,69,2.38,REGULAR,18.16,1.107,0.337,0.483,0.2,3.13,56.84,46.5,10.34,0.0496,0,0
REQ-002936,15,TECH_CORRIDOR,SUBURB_NORTH,PREMIUM,21.34,65.5,CLEAR,0.0,10.0,23.4,0.13,0,37,29,0.78,REGULAR,123.42,0.0,0.0,0.0,0.0,1.0,123.42,92.56,30.86,0.8966,1,0
REQ-002937,11,TECH_CORRIDOR,DOWNTOWN,XL,27.31,61.8,HEAVY_RAIN,51.0,2.8,16.7,0.39,0,12,58,4.83,REGULAR,100.43,1.094,0.053,1.2,0.0,3.35,336.44,275.93,60.51,0.0299,0,0
REQ-002938,18,SUBURB_NORTH,AIRPORT,XL,18.12,56.4,CLEAR,0.0,10.0,30.9,0.77,0,55,33,0.6,REGULAR,77.89,0.0,0.569,0.0,0.25,1.82,141.76,112.71,29.05,0.5479,1,0
REQ-002939,21,AIRPORT,SUBURB_NORTH,STANDARD,24.04,51.2,CLEAR,0.0,10.0,12.3,0.15,0,34,29,0.85,REGULAR,50.97,0.048,0.0,0.0,0.0,1.05,53.52,40.4,13.12,0.8849,1,0
REQ-002940,5,SUBURB_NORTH,TECH_CORRIDOR,XL,20.41,44.6,CLEAR,0.0,10.0,28.2,0.1,0,58,71,1.22,REGULAR,75.62,0.0,0.0,0.077,0.0,1.08,81.67,61.86,19.81,0.8774,1,0
REQ-002941,14,TECH_CORRIDOR,DOWNTOWN,COMFORT,8.69,18.1,CLEAR,0.0,10.0,5.8,0.42,0,28,11,0.39,REGULAR,26.99,0.0,0.069,0.0,0.0,1.07,28.88,21.85,7.03,0.88,1,0
REQ-002942,23,FINANCIAL_DISTRICT,TECH_CORRIDOR,STANDARD,2.63,5.9,SNOW,4.1,4.9,-4.0,0.33,0,36,19,0.53,REGULAR,8.35,0.604,0.027,0.0,0.15,1.78,14.86,11.8,3.06,0.5715,0,0
REQ-002943,11,DOWNTOWN,TECH_CORRIDOR,COMFORT,26.17,54.3,CLEAR,0.0,10.0,22.0,0.4,0,48,74,1.54,PLATINUM,72.11,0.0,0.058,0.189,0.0,1.25,90.14,69.41,20.73,0.9168,1,0
REQ-002944,4,AIRPORT,DOWNTOWN,PREMIUM,22.82,58.5,DRIZZLE,0.0,10.0,9.0,0.27,0,54,42,0.78,REGULAR,121.63,0.1,0.009,0.0,0.0,1.11,135.01,102.6,32.41,0.8694,1,0
REQ-002945,17,DOWNTOWN,AIRPORT,XL,11.01,21.6,CLEAR,0.0,10.0,30.8,0.74,0,13,64,4.92,GOLD,42.08,0.076,0.526,1.2,0.25,3.05,128.34,104.88,23.46,0.0928,0,0
REQ-002946,23,AIRPORT,FINANCIAL_DISTRICT,STANDARD,25.93,58.4,CLEAR,0.0,10.0,7.7,0.26,0,34,69,2.03,REGULAR,55.85,0.0,0.007,0.36,0.15,1.52,84.89,66.57,18.32,0.7134,0,0
REQ-002947,8,DOWNTOWN,TECH_CORRIDOR,STANDARD,13.16,23.9,CLEAR,0.0,10.0,17.2,0.74,0,32,70,2.19,REGULAR,27.81,0.0,0.526,0.416,0.2,2.14,59.51,47.8,11.71,0.3599,0,0
REQ-002948,11,AIRPORT,TECH_CORRIDOR,STANDARD,12.86,36.7,SNOW,12.7,4.7,-7.1,0.17,1,51,59,1.16,REGULAR,31.92,0.696,0.12,0.0,0.0,1.82,58.09,46.18,11.91,0.5479,1,0
REQ-002949,8,TECH_CORRIDOR,SUBURB_NORTH,PREMIUM,27.63,82.8,CLEAR,0.0,10.0,16.6,0.43,0,32,66,2.06,REGULAR,155.74,0.0,0.074,0.371,0.2,1.65,256.97,202.85,54.12,0.6457,0,0
REQ-002950,8,SUBURB_NORTH,AIRPORT,PREMIUM,19.95,49.6,CLEAR,0.0,10.0,26.0,0.77,0,15,67,4.47,PLATINUM,106.02,0.0,0.569,1.2,0.2,2.97,314.88,257.05,57.83,0.1508,0,0
REQ-002951,9,DOWNTOWN,SUBURB_NORTH,PREMIUM,23.79,57.3,RAIN,9.5,6.9,30.1,0.67,0,38,53,1.39,REGULAR,123.31,0.357,0.433,0.136,0.2,2.13,262.65,210.92,51.73,0.3654,0,0
REQ-002952,21,TECH_CORRIDOR,DOWNTOWN,XL,4.31,8.5,RAIN,10.4,5.6,16.0,0.14,0,40,76,1.9,REGULAR,20.15,0.368,0.0,0.315,0.0,1.68,33.85,26.76,7.09,0.629,1,0
REQ-002953,9,FINANCIAL_DISTRICT,AIRPORT,PREMIUM,14.64,30.8,CLEAR,0.0,10.0,14.7,0.7,0,46,69,1.5,GOLD,75.17,0.0,0.473,0.175,0.2,1.85,139.06,110.68,28.38,0.6457,1,0
REQ-002954,4,FINANCIAL_DISTRICT,SUBURB_NORTH,PREMIUM,20.29,55.2,CLEAR,0.0,10.0,24.2,0.16,0,34,61,1.79,REGULAR,111.73,0.0,0.0,0.276,0.0,1.28,143.01,110.39,32.62,0.8158,1,0
REQ-002955,6,DOWNTOWN,TECH_CORRIDOR,STANDARD,27.09,65.3,SNOW,7.1,7.0,-12.1,0.2,1,50,76,1.52,REGULAR,59.71,0.722,0.12,0.182,0.0,2.02,120.61,96.55,24.06,0.4285,0,0
REQ-002956,19,FINANCIAL_DISTRICT,SUBURB_NORTH,PREMIUM,8.12,23.7,DRIZZLE,0.0,10.0,17.5,0.55,0,36,36,1.0,GOLD,50.88,0.1,0.293,0.0,0.25,1.64,83.44,65.84,17.6,0.751,0,0
REQ-002957,3,AIRPORT,FINANCIAL_DISTRICT,STANDARD,10.12,26.2,CLEAR,0.0,10.0,29.6,0.17,0,45,61,1.36,REGULAR,24.82,0.0,0.0,0.126,0.15,1.28,31.77,24.52,7.25,0.8158,1,0
REQ-002958,0,AIRPORT,FINANCIAL_DISTRICT,XL,14.86,27.4,SNOW,7.4,7.0,-5.5,0.42,1,31,42,1.35,PLATINUM,53.65,0.593,0.189,0.123,0.15,2.06,110.52,88.58,21.94,0.6121,1,0
REQ-002959,14,FINANCIAL_DISTRICT,DOWNTOWN,PREMIUM,22.52,61.3,DRIZZLE,0.0,10.0,21.4,0.32,1,9,60,6.67,GOLD,123.16,0.1,0.143,1.2,0.0,2.44,300.51,243.12,57.39,0.3066,0,0
REQ-002960,7,DOWNTOWN,SUBURB_NORTH,STANDARD,14.68,43.4,CLEAR,0.0,10.0,26.7,0.73,0,12,73,6.08,REGULAR,36.54,0.0,0.511,1.2,0.2,2.91,106.33,86.73,19.6,0.0814,0,0
REQ-002961,2,FINANCIAL_DISTRICT,AIRPORT,STANDARD,17.28,51.0,RAIN,5.5,4.1,9.8,0.07,0,36,42,1.17,PLATINUM,42.45,0.312,0.0,0.0,0.15,1.46,61.98,48.44,13.54,0.8694,1,0
REQ-002962,10,SUBURB_NORTH,FINANCIAL_DISTRICT,STANDARD,20.42,65.3,CLEAR,0.0,10.0,18.0,0.3,0,39,54,1.38,REGULAR,51.38,0.0,0.017,0.133,0.0,1.15,59.09,45.09,14.0,0.8581,1,0
REQ-002963,7,AIRPORT,TECH_CORRIDOR,XL,9.37,27.7,CLEAR,0.0,10.0,27.2,0.8,0,27,63,2.33,REGULAR,42.3,0.0,0.614,0.465,0.2,2.28,96.44,77.74,18.7,0.2866,0,0
REQ-002964,17,DOWNTOWN,AIRPORT,XL,16.6,48.3,CLEAR,0.0,10.0,7.4,0.59,1,50,42,0.84,REGULAR,69.84,0.0,0.457,0.0,0.25,1.71,119.43,94.53,24.9,0.6121,0,0
REQ-002965,7,TECH_CORRIDOR,DOWNTOWN,COMFORT,11.52,32.7,HEAVY_RAIN,31.6,2.8,31.1,0.73,0,26,39,1.5,PLATINUM,38.23,0.876,0.513,0.175,0.2,2.76,105.51,85.86,19.65,0.2272,0,0
REQ-002966,3,DOWNTOWN,TECH_CORRIDOR,STANDARD,16.22,47.8,DRIZZLE,0.0,10.0,19.3,0.2,1,35,34,0.97,REGULAR,40.0,0.1,0.12,0.0,0.15,1.37,54.8,42.58,12.22,0.7811,0,0
REQ-002967,3,DOWNTOWN,TECH_CORRIDOR,PREMIUM,27.78,75.9,DRIZZLE,0.0,10.0,22.9,0.27,0,23,79,3.43,REGULAR,150.3,0.129,0.009,0.851,0.15,2.14,321.64,258.36,63.28,0.3599,0,0
REQ-002968,21,TECH_CORRIDOR,SUBURB_NORTH,STANDARD,22.03,44.0,RAIN,8.4,7.5,11.5,0.17,0,46,34,0.74,REGULAR,45.94,0.345,0.0,0.0,0.0,1.34,61.56,47.73,13.83,0.7931,0,0
REQ-002969,22,SUBURB_NORTH,FINANCIAL_DISTRICT,PREMIUM,8.47,26.9,CLEAR,0.0,10.0,13.3,0.11,0,47,28,0.6,REGULAR,54.58,0.0,0.0,0.0,0.0,1.0,54.58,40.94,13.64,0.8966,1,0
REQ-002970,19,AIRPORT,DOWNTOWN,XL,10.34,27.4,DRIZZLE,0.0,10.0,22.7,0.56,0,32,40,1.25,REGULAR,44.15,0.1,0.305,0.087,0.25,1.74,76.82,60.88,15.94,0.5948,1,0
REQ-002971,7,DOWNTOWN,FINANCIAL_DISTRICT,PREMIUM,24.1,59.6,CLEAR,0.0,10.0,19.0,0.84,0,56,47,0.84,REGULAR,126.14,0.0,0.674,0.0,0.2,1.87,235.88,187.88,48.0,0.518,1,0
REQ-002972,22,FINANCIAL_DISTRICT,SUBURB_NORTH,PREMIUM,12.17,32.4,CLEAR,0.0,10.0,31.0,0.19,0,12,10,0.83,REGULAR,69.62,0.0,0.0,0.0,0.0,1.0,69.62,52.22,17.4,0.8966,1,0
REQ-002973,9,AIRPORT,SUBURB_NORTH,XL,22.12,56.9,CLEAR,0.0,10.0,8.8,0.43,1,54,80,1.48,GOLD,86.59,0.0,0.194,0.168,0.2,1.56,135.08,106.16,28.92,0.7852,1,0
REQ-002974,14,FINANCIAL_DISTRICT,AIRPORT,COMFORT,4.67,12.7,CLEAR,0.0,10.0,21.5,0.36,0,41,40,0.98,REGULAR,17.92,0.0,0.039,0.0,0.0,1.04,18.64,14.05,4.59,0.8874,1,0
REQ-002975,1,FINANCIAL_DISTRICT,AIRPORT,STANDARD,19.97,38.9,CLEAR,0.0,10.0,18.1,0.08,0,46,68,1.48,REGULAR,41.57,0.0,0.0,0.168,0.15,1.32,54.87,42.48,12.39,0.8009,1,0
REQ-002976,13,SUBURB_NORTH,AIRPORT,XL,25.0,49.0,CLEAR,0.0,10.0,6.5,0.36,0,49,37,0.76,REGULAR,87.9,0.0,0.039,0.0,0.0,1.04,91.42,68.92,22.5,0.8874,1,0
REQ-002977,13,FINANCIAL_DISTRICT,AIRPORT,XL,4.69,11.0,HEAVY_RAIN,44.9,0.9,29.5,0.22,1,21,37,1.76,REGULAR,22.45,1.2,0.121,0.266,0.0,2.59,58.15,47.18,10.97,0.1603,0,0
REQ-002978,12,AIRPORT,FINANCIAL_DISTRICT,XL,27.01,84.0,CLEAR,0.0,10.0,20.7,0.42,0,45,48,1.07,GOLD,113.12,0.0,0.069,0.0,0.0,1.07,121.04,91.57,29.47,0.9222,1,0
REQ-002979,13,AIRPORT,TECH_CORRIDOR,XL,25.88,74.2,HEAVY_RAIN,50.2,2.4,29.5,0.12,0,57,75,1.32,REGULAR,104.87,1.2,0.0,0.112,0.0,2.31,242.25,195.43,46.82,0.2721,0,0
REQ-002980,21,AIRPORT,TECH_CORRIDOR,PREMIUM,12.86,29.6,CLEAR,0.0,10.0,18.4,0.18,0,11,60,5.45,REGULAR,69.17,0.0,0.0,1.2,0.0,2.2,152.17,122.43,29.74,0.3274,0,0
REQ-002981,11,TECH_CORRIDOR,SUBURB_NORTH,XL,24.47,46.3,DRIZZLE,0.0,10.0,5.1,0.4,0,37,10,0.27,REGULAR,85.17,0.1,0.058,0.0,0.0,1.16,98.8,75.46,23.34,0.8552,1,0
REQ-002982,23,AIRPORT,TECH_CORRIDOR,PREMIUM,18.05,33.7,CLEAR,0.0,10.0,26.2,0.21,0,48,59,1.23,REGULAR,87.19,0.0,0.0,0.08,0.15,1.23,107.24,82.44,24.8,0.8331,1,0
REQ-002983,4,FINANCIAL_DISTRICT,SUBURB_NORTH,STANDARD,20.62,40.1,RAIN,7.0,7.4,22.0,0.31,0,15,33,2.2,GOLD,42.82,0.329,0.02,0.42,0.0,1.77,75.79,60.14,15.65,0.6883,0,0
REQ-002984,9,TECH_CORRIDOR,DOWNTOWN,COMFORT,17.1,46.9,CLEAR,0.0,10.0,27.1,0.8,1,39,58,1.49,REGULAR,53.82,0.075,0.732,0.171,0.2,2.18,117.33,94.35,22.98,0.338,0,0
REQ-002985,20,DOWNTOWN,SUBURB_NORTH,PREMIUM,8.85,26.5,CLEAR,0.0,10.0,23.1,0.29,0,59,40,0.68,GOLD,55.3,0.0,0.014,0.0,0.0,1.01,55.85,41.94,13.91,0.9319,1,0
REQ-002986,18,FINANCIAL_DISTRICT,AIRPORT,XL,15.01,40.9,DRIZZLE,0.0,10.0,27.6,0.78,1,45,54,1.2,REGULAR,62.06,0.1,0.703,0.0,0.25,2.05,127.22,101.93,25.29,0.411,1,0
REQ-002987,20,TECH_CORRIDOR,AIRPORT,COMFORT,5.47,15.3,DRIZZLE,0.0,10.0,7.1,0.28,1,43,21,0.49,REGULAR,20.42,0.179,0.131,0.0,0.0,1.31,26.75,20.7,6.05,0.8047,1,0
REQ-002988,9,TECH_CORRIDOR,SUBURB_NORTH,COMFORT,21.92,43.2,HEAVY_RAIN,36.9,1.0,28.0,0.67,1,11,50,4.55,REGULAR,60.11,1.115,0.554,1.2,0.2,3.5,210.38,172.81,37.57,0.021,0,1
REQ-002989,20,AIRPORT,TECH_CORRIDOR,STANDARD,18.08,44.0,SNOW,3.7,7.4,-7.6,0.13,0,30,44,1.47,REGULAR,41.0,0.608,0.0,0.164,0.0,1.77,72.57,57.58,14.99,0.5774,1,0
REQ-002990,2,AIRPORT,FINANCIAL_DISTRICT,STANDARD,19.57,60.0,HEAVY_RAIN,27.5,2.1,30.6,0.28,0,19,51,2.68,REGULAR,48.46,0.899,0.011,0.588,0.15,2.65,128.42,104.31,24.11,0.1419,0,0
REQ-002991,1,AIRPORT,DOWNTOWN,XL,27.81,54.8,DRIZZLE,0.0,10.0,17.4,0.35,0,36,58,1.61,REGULAR,97.28,0.132,0.034,0.214,0.15,1.53,148.84,116.79,32.05,0.7085,1,0
REQ-002992,11,SUBURB_NORTH,DOWNTOWN,PREMIUM,17.26,33.8,RAIN,5.1,6.2,26.3,0.2,0,58,56,0.97,REGULAR,85.06,0.307,0.0,0.0,0.0,1.31,111.43,86.21,25.22,0.8047,1,0
REQ-002993,18,FINANCIAL_DISTRICT,TECH_CORRIDOR,PREMIUM,21.16,58.6,DRIZZLE,0.0,10.0,8.5,0.67,0,32,42,1.31,REGULAR,117.06,0.1,0.433,0.109,0.25,1.89,221.24,176.35,44.89,0.506,1,0
REQ-002994,5,DOWNTOWN,AIRPORT,PREMIUM,13.04,23.8,RAIN,7.2,4.3,8.7,0.36,0,53,59,1.11,REGULAR,64.74,0.39,0.039,0.0,0.0,1.43,92.58,72.22,20.36,0.7555,1,0
REQ-002995,17,SUBURB_NORTH,FINANCIAL_DISTRICT,XL,17.62,53.4,CLEAR,0.0,10.0,22.1,0.49,0,52,44,0.85,REGULAR,75.04,0.0,0.113,0.0,0.25,1.36,102.05,79.24,22.81,0.7852,1,0
REQ-002996,16,TECH_CORRIDOR,SUBURB_NORTH,PREMIUM,24.64,48.2,CLEAR,0.0,10.0,26.2,0.33,1,54,39,0.72,REGULAR,117.96,0.0,0.147,0.0,0.0,1.15,135.65,103.51,32.14,0.8581,1,0
REQ-002997,5,AIRPORT,FINANCIAL_DISTRICT,COMFORT,7.25,15.7,CLEAR,0.0,10.0,22.0,0.32,0,17,72,4.24,REGULAR,23.52,0.0,0.023,1.134,0.0,2.16,50.8,40.83,9.97,0.3489,0,0
REQ-002998,19,SUBURB_NORTH,FINANCIAL_DISTRICT,COMFORT,21.39,53.0,DRIZZLE,0.0,10.0,27.7,0.49,0,11,74,6.73,PLATINUM,63.64,0.1,0.113,1.2,0.25,2.66,169.28,137.52,31.76,0.2721,1,0
REQ-002999,22,DOWNTOWN,SUBURB_NORTH,XL,15.5,42.2,CLEAR,0.0,10.0,13.6,0.26,0,34,42,1.24,REGULAR,63.87,0.0,0.007,0.084,0.0,1.09,69.62,52.79,16.83,0.8748,1,0
REQ-003000,19,DOWNTOWN,SUBURB_NORTH,COMFORT,19.38,44.1,DRIZZLE,0.0,10.0,5.4,0.68,0,25,22,0.88,REGULAR,56.33,0.116,0.447,0.0,0.25,1.81,101.96,81.03,20.93,0.5538,0,0
REQ-003001,8,TECH_CORRIDOR,FINANCIAL_DISTRICT,STANDARD,8.2,20.4,CLEAR,0.0,10.0,5.9,0.81,0,38,31,0.82,REGULAR,20.39,0.078,0.628,0.0,0.2,1.91,38.94,31.06,7.88,0.494,0,0
REQ-003002,16,DOWNTOWN,TECH_CORRIDOR,COMFORT,7.8,24.1,CLEAR,0.0,10.0,16.0,0.11,1,29,29,1.0,REGULAR,28.22,0.0,0.12,0.0,0.0,1.12,31.61,24.05,7.56,0.8667,0,0
REQ-003003,2,SUBURB_NORTH,TECH_CORRIDOR,XL,27.98,66.2,CLEAR,0.0,10.0,30.7,0.07,0,14,26,1.86,REGULAR,104.48,0.0,0.0,0.301,0.15,1.45,151.5,118.33,33.17,0.7465,1,0
REQ-003004,21,SUBURB_NORTH,TECH_CORRIDOR,XL,20.69,55.7,RAIN,7.7,7.3,8.5,0.15,0,14,23,1.64,REGULAR,82.87,0.345,0.0,0.224,0.0,1.57,130.11,102.31,27.8,0.6883,1,0
REQ-003005,18,TECH_CORRIDOR,SUBURB_NORTH,XL,2.7,5.4,CLEAR,0.0,10.0,27.3,0.82,0,25,45,1.8,GOLD,14.91,0.0,0.644,0.28,0.25,2.17,32.35,26.01,6.34,0.4581,1,0
REQ-003006,1,AIRPORT,SUBURB_NORTH,PREMIUM,23.91,65.1,CLEAR,0.0,10.0,11.8,0.45,0,31,62,2.0,REGULAR,130.28,0.032,0.086,0.35,0.15,1.62,211.05,166.36,44.69,0.662,1,0
REQ-003007,9,DOWNTOWN,SUBURB_NORTH,PREMIUM,10.46,31.6,CLEAR,0.0,10.0,16.4,0.62,0,55,50,0.91,REGULAR,64.15,0.022,0.371,0.0,0.2,1.59,102.0,80.28,21.72,0.6779,1,0
REQ-003008,17,TECH_CORRIDOR,SUBURB_NORTH,XL,11.85,35.7,DRIZZLE,0.0,10.0,29.2,0.84,0,17,19,1.12,REGULAR,52.31,0.1,0.675,0.0,0.25,2.03,106.19,85.03,21.16,0.4226,0,0
REQ-003009,19,FINANCIAL_DISTRICT,TECH_CORRIDOR,PREMIUM,10.85,27.5,CLEAR,0.0,10.0,18.1,0.46,0,15,56,3.73,REGULAR,61.76,0.051,0.093,0.955,0.25,2.35,145.14,117.19,27.95,0.2535,1,0
REQ-003010,0,AIRPORT,DOWNTOWN,COMFORT,27.88,88.1,RAIN,13.2,6.7,12.4,0.17,1,22,68,3.09,PLATINUM,90.14,0.398,0.12,0.731,0.15,2.4,216.34,174.88,41.46,0.411,1,0
REQ-003011,1,AIRPORT,DOWNTOWN,PREMIUM,10.98,32.4,SNOW,3.6,5.7,-6.1,0.27,0,37,36,0.97,REGULAR,66.28,0.622,0.009,0.0,0.15,1.78,117.98,93.66,24.32,0.5715,1,0
REQ-003012,20,DOWNTOWN,FINANCIAL_DISTRICT,XL,25.82,53.3,CLEAR,0.0,10.0,14.6,0.41,0,22,30,1.36,PLATINUM,92.2,0.061,0.063,0.126,0.0,1.25,115.25,88.74,26.51,0.9168,1,0
REQ-003013,11,AIRPORT,SUBURB_NORTH,STANDARD,20.91,53.9,RAIN,9.8,6.8,18.9,0.09,1,14,44,3.14,REGULAR,48.0,0.36,0.12,0.749,0.0,2.23,107.04,86.18,20.86,0.3117,1,0
REQ-003014,13,TECH_CORRIDOR,FINANCIAL_DISTRICT,XL,5.51,14.9,CLEAR,0.0,10.0,10.4,0.35,0,20,49,2.45,REGULAR,26.51,0.057,0.034,0.508,0.0,1.6,42.42,33.41,9.01,0.6726,1,0
REQ-003015,1,SUBURB_NORTH,DOWNTOWN,PREMIUM,5.32,9.7,HEAVY_RAIN,54.9,2.2,10.8,0.16,0,57,14,0.25,GOLD,31.14,1.18,0.0,0.0,0.15,2.33,72.56,58.56,14.0,0.3654,0,0
REQ-003016,4,DOWNTOWN,TECH_CORRIDOR,COMFORT,4.9,10.1,CLEAR,0.0,10.0,11.1,0.31,0,18,49,2.72,REGULAR,17.13,0.0,0.02,0.602,0.0,1.62,27.75,21.87,5.88,0.662,1,0
REQ-003017,5,TECH_CORRIDOR,DOWNTOWN,PREMIUM,5.09,10.1,CLEAR,0.0,10.0,21.7,0.29,0,11,28,2.55,REGULAR,30.83,0.0,0.014,0.542,0.0,1.56,48.09,37.79,10.3,0.6934,1,0
REQ-003018,9,TECH_CORRIDOR,FINANCIAL_DISTRICT,PREMIUM,21.9,70.0,DRIZZLE,0.0,10.0,14.7,0.6,0,12,55,4.58,REGULAR,128.82,0.182,0.347,1.2,0.2,2.93,377.44,307.94,69.5,0.0778,0,0
REQ-003019,15,FINANCIAL_DISTRICT,DOWNTOWN,STANDARD,26.28,68.1,CLEAR,0.0,10.0,14.6,0.19,0,42,16,0.38,REGULAR,59.68,0.0,0.0,0.0,0.0,1.0,59.68,44.76,14.92,0.8966,1,0
REQ-003020,21,DOWNTOWN,AIRPORT,PREMIUM,13.38,25.2,HEAVY_RAIN,28.9,1.5,14.2,0.09,2,32,62,1.94,GOLD,66.88,0.975,0.24,0.329,0.0,2.54,169.88,137.71,32.17,0.2581,0,0
REQ-003021,8,AIRPORT,FINANCIAL_DISTRICT,PREMIUM,27.84,59.3,HEAVY_RAIN,38.0,2.1,26.4,0.65,0,12,59,4.92,REGULAR,136.35,1.023,0.407,1.2,0.2,3.5,477.22,392.0,85.22,0.021,0,1
REQ-003022,5,FINANCIAL_DISTRICT,DOWNTOWN,COMFORT,17.4,33.2,CLEAR,0.0,10.0,10.2,0.44,0,16,76,4.75,PLATINUM,48.15,0.038,0.08,1.2,0.0,2.32,111.71,90.14,21.57,0.4581,0,0
REQ-003023,14,FINANCIAL_DISTRICT,DOWNTOWN,STANDARD,6.01,12.1,CLEAR,0.0,10.0,6.0,0.32,0,51,54,1.06,REGULAR,14.74,0.016,0.023,0.0,0.0,1.04,15.33,11.56,3.77,0.8874,0,0
REQ-003024,12,TECH_CORRIDOR,FINANCIAL_DISTRICT,XL,9.32,28.4,CLEAR,0.0,10.0,27.1,0.16,0,35,21,0.6,REGULAR,42.61,0.0,0.0,0.0,0.0,1.0,42.61,31.96,10.65,0.8966,1,0
REQ-003025,23,TECH_CORRIDOR,DOWNTOWN,COMFORT,12.01,25.4,THUNDERSTORM,55.6,0.9,30.1,0.45,0,32,26,0.81,REGULAR,35.75,1.2,0.086,0.0,0.15,2.44,87.23,70.57,16.66,0.2148,0,0
REQ-003026,18,SUBURB_NORTH,TECH_CORRIDOR,STANDARD,14.82,40.0,CLEAR,0.0,10.0,26.7,0.55,0,54,31,0.57,REGULAR,35.52,0.08,0.293,0.0,0.25,1.62,57.54,45.36,12.18,0.662,1,0
REQ-003027,17,SUBURB_NORTH,AIRPORT,COMFORT,11.52,30.5,CLEAR,0.0,10.0,12.3,0.68,0,33,15,0.45,REGULAR,37.23,0.0,0.445,0.0,0.25,1.7,63.29,50.07,13.22,0.6177,1,0
REQ-003028,3,TECH_CORRIDOR,SUBURB_NORTH,COMFORT,3.8,9.1,CLEAR,0.0,10.0,27.8,0.4,0,13,22,1.69,GOLD,14.86,0.0,0.058,0.241,0.15,1.45,21.55,16.83,4.72,0.8264,1,0
REQ-003029,0,AIRPORT,SUBURB_NORTH,COMFORT,8.63,16.7,DRIZZLE,0.0,10.0,12.1,0.24,0,41,63,1.54,GOLD,26.25,0.134,0.003,0.189,0.15,1.48,38.85,30.4,8.45,0.8158,1,0
REQ-003030,11,TECH_CORRIDOR,FINANCIAL_DISTRICT,XL,15.71,44.7,FOG,0.0,10.0,22.4,0.22,0,36,57,1.58,GOLD,65.81,0.267,0.001,0.203,0.0,1.47,96.74,75.65,21.09,0.8194,1,0
REQ-003031,5,TECH_CORRIDOR,SUBURB_NORTH,XL,5.46,15.4,DRIZZLE,0.0,10.0,22.5,0.36,0,18,71,3.94,REGULAR,26.71,0.1,0.039,1.029,0.0,2.17,57.96,46.59,11.37,0.3434,0,0
REQ-003032,14,TECH_CORRIDOR,SUBURB_NORTH,XL,3.61,10.0,CLEAR,0.0,10.0,22.3,0.37,0,22,17,0.77,GOLD,19.58,0.0,0.043,0.0,0.0,1.04,20.36,15.35,5.01,0.9272,1,0
REQ-003033,19,TECH_CORRIDOR,DOWNTOWN,PREMIUM,27.05,68.5,CLEAR,0.0,10.0,7.9,0.8,0,18,46,2.56,REGULAR,141.97,0.035,0.614,0.546,0.25,2.45,347.83,281.46,66.37,0.2108,1,0
REQ-003034,3,TECH_CORRIDOR,FINANCIAL_DISTRICT,PREMIUM,10.74,22.6,CLEAR,0.0,10.0,5.2,0.37,0,47,59,1.26,REGULAR,57.28,0.0,0.043,0.091,0.15,1.28,73.32,56.59,16.73,0.8158,1,0
REQ-003035,5,TECH_CORRIDOR,SUBURB_NORTH,XL,13.76,31.8,CLEAR,0.0,10.0,24.4,0.14,0,27,62,2.3,REGULAR,53.98,0.0,0.0,0.455,0.0,1.46,78.81,61.59,17.22,0.7419,0,0
REQ-003036,21,TECH_CORRIDOR,SUBURB_NORTH,COMFORT,20.46,60.6,CLEAR,0.0,10.0,22.8,0.25,2,44,38,0.86,REGULAR,65.53,0.0,0.245,0.0,0.0,1.25,81.91,63.07,18.84,0.8264,1,0
REQ-003037,2,TECH_CORRIDOR,AIRPORT,STANDARD,3.84,7.4,HEAVY_RAIN,55.4,2.4,30.6,0.3,1,24,62,2.58,GOLD,10.39,1.16,0.137,0.553,0.15,3.0,31.17,25.46,5.71,0.1034,0,0
REQ-003038,6,TECH_CORRIDOR,SUBURB_NORTH,PREMIUM,22.79,48.5,BLIZZARD,24.2,1.5,-12.9,0.12,0,13,15,1.15,REGULAR,113.04,1.2,0.0,0.0,0.0,2.2,248.69,200.08,48.61,0.3274,0,0
REQ-003039,22,TECH_CORRIDOR,SUBURB_NORTH,PREMIUM,9.59,17.3,CLEAR,0.0,10.0,6.7,0.2,0,32,19,0.59,REGULAR,49.56,0.0,0.0,0.0,0.0,1.0,49.56,37.17,12.39,0.8966,1,0
REQ-003040,15,DOWNTOWN,SUBURB_NORTH,COMFORT,23.08,42.9,CLEAR,0.0,10.0,5.6,0.11,1,54,24,0.44,REGULAR,61.88,0.0,0.12,0.0,0.0,1.12,69.31,52.73,16.58,0.8667,1,0
REQ-003041,3,FINANCIAL_DISTRICT,DOWNTOWN,XL,4.49,12.8,THUNDERSTORM,53.3,2.4,29.1,0.34,0,54,24,0.44,REGULAR,23.11,1.2,0.03,0.0,0.15,2.38,55.0,44.44,10.56,0.2401,0,0
REQ-003042,3,SUBURB_NORTH,TECH_CORRIDOR,PREMIUM,23.92,44.4,CLEAR,0.0,10.0,13.2,0.37,0,19,29,1.53,GOLD,112.72,0.0,0.043,0.185,0.15,1.38,155.55,120.95,34.6,0.8492,1,0
REQ-003043,18,TECH_CORRIDOR,SUBURB_NORTH,XL,22.1,68.0,THUNDERSTORM,40.3,1.5,16.7,0.43,2,58,29,0.5,GOLD,93.21,1.2,0.314,0.0,0.25,2.76,257.26,209.35,47.91,0.1702,0,0
REQ-003044,22,AIRPORT,TECH_CORRIDOR,XL,10.5,33.2,CLEAR,0.0,10.0,24.9,0.08,0,17,51,3.0,GOLD,47.97,0.052,0.0,0.7,0.0,1.75,83.95,66.56,17.39,0.6985,1,0
REQ-003045,19,TECH_CORRIDOR,DOWNTOWN,XL,20.08,62.8,HEAVY_RAIN,33.1,3.0,9.6,0.51,0,23,57,2.48,REGULAR,85.85,0.872,0.253,0.518,0.25,2.89,248.11,202.31,45.8,0.085,0,0
REQ-003046,3,SUBURB_NORTH,AIRPORT,XL,15.08,37.7,HEAVY_RAIN,58.5,0.9,9.2,0.33,0,8,40,5.0,REGULAR,60.29,1.2,0.027,1.2,0.15,3.5,211.01,173.33,37.68,0.021,0,1
REQ-003047,5,SUBURB_NORTH,TECH_CORRIDOR,PREMIUM,9.28,23.4,CLEAR,0.0,10.0,25.1,0.25,0,27,65,2.41,REGULAR,53.87,0.0,0.005,0.493,0.0,1.5,80.8,63.29,17.51,0.7231,1,0
REQ-003048,13,SUBURB_NORTH,TECH_CORRIDOR,PREMIUM,24.54,70.2,CLEAR,0.0,10.0,15.2,0.43,0,49,49,1.0,GOLD,136.38,0.0,0.074,0.0,0.0,1.07,145.93,110.4,35.53,0.9222,1,0
REQ-003049,19,DOWNTOWN,SUBURB_NORTH,PREMIUM,5.2,12.4,CLEAR,0.0,10.0,11.9,0.54,0,27,62,2.3,REGULAR,33.1,0.031,0.284,0.455,0.25,2.02,66.86,53.52,13.34,0.4285,0,0
REQ-003050,5,DOWNTOWN,AIRPORT,PREMIUM,4.89,10.2,CLEAR,0.0,10.0,25.2,0.39,0,57,37,0.65,REGULAR,30.36,0.0,0.053,0.0,0.0,1.05,31.88,24.06,7.82,0.8849,1,0
REQ-003051,23,FINANCIAL_DISTRICT,TECH_CORRIDOR,PREMIUM,13.08,29.4,CLEAR,0.0,10.0,12.8,0.17,0,35,49,1.4,REGULAR,69.61,0.0,0.0,0.14,0.15,1.29,89.8,69.37,20.43,0.8121,1,0
REQ-003052,3,DOWNTOWN,AIRPORT,STANDARD,20.72,41.8,HEAVY_RAIN,29.3,1.5,25.4,0.28,0,43,80,1.86,REGULAR,43.53,1.029,0.011,0.301,0.15,2.49,108.39,87.78,20.61,0.1953,0,0
REQ-003053,7,FINANCIAL_DISTRICT,AIRPORT,XL,22.53,51.1,CLEAR,0.0,10.0,15.5,0.47,1,56,77,1.38,REGULAR,83.97,0.0,0.219,0.133,0.2,1.55,130.15,102.23,27.92,0.6985,0,0
REQ-003054,20,SUBURB_NORTH,AIRPORT,PREMIUM,19.44,43.2,CLEAR,0.0,10.0,5.1,0.14,0,15,35,2.33,REGULAR,99.15,0.018,0.0,0.465,0.0,1.48,146.74,114.81,31.93,0.7326,1,0
REQ-003055,15,SUBURB_NORTH,DOWNTOWN,STANDARD,25.41,69.6,BLIZZARD,24.0,1.3,-1.1,0.36,1,32,29,0.91,REGULAR,59.12,1.2,0.159,0.0,0.0,2.36,139.52,112.68,26.84,0.249,0,0
REQ-003056,17,TECH_CORRIDOR,AIRPORT,COMFORT,16.27,31.9,CLEAR,0.0,10.0,24.5,0.42,0,46,67,1.46,GOLD,45.71,0.0,0.069,0.161,0.25,1.48,67.65,52.93,14.72,0.8158,1,0
REQ-003057,2,AIRPORT,TECH_CORRIDOR,COMFORT,5.14,15.0,CLEAR,0.0,10.0,30.3,0.09,1,45,43,0.96,REGULAR,19.73,0.0,0.12,0.0,0.15,1.27,25.06,19.33,5.73,0.8194,1,0
REQ-003058,21,FINANCIAL_DISTRICT,TECH_CORRIDOR,PREMIUM,7.86,22.4,CLEAR,0.0,10.0,15.7,0.23,0,8,77,9.62,REGULAR,49.05,0.0,0.002,1.2,0.0,2.2,107.91,86.82,21.09,0.3274,0,0
REQ-003059,20,FINANCIAL_DISTRICT,TECH_CORRIDOR,PREMIUM,12.85,27.2,CLEAR,0.0,10.0,13.4,0.07,0,40,70,1.75,PLATINUM,67.1,0.0,0.0,0.262,0.0,1.26,84.55,65.16,19.39,0.915,1,0
REQ-003060,18,AIRPORT,FINANCIAL_DISTRICT,PREMIUM,20.75,45.8,CLEAR,0.0,10.0,26.4,0.76,0,26,35,1.35,REGULAR,105.03,0.0,0.555,0.123,0.25,1.93,202.71,161.8,40.91,0.482,1,0
REQ-003061,4,TECH_CORRIDOR,DOWNTOWN,PREMIUM,14.93,41.7,DRIZZLE,0.0,10.0,24.6,0.41,0,26,70,2.69,REGULAR,85.25,0.132,0.063,0.591,0.0,1.79,152.6,121.19,31.41,0.5656,1,0
REQ-003062,16,TECH_CORRIDOR,AIRPORT,PREMIUM,24.81,49.3,SNOW,8.8,7.3,-10.0,0.41,0,19,33,1.74,PLATINUM,119.37,0.699,0.063,0.259,0.0,2.02,241.13,193.02,48.11,0.6346,1,0
REQ-003063,4,AIRPORT,SUBURB_NORTH,STANDARD,20.93,65.2,CLEAR,0.0,10.0,5.3,0.29,0,38,67,1.76,REGULAR,51.98,0.0,0.014,0.266,0.0,1.28,66.53,51.35,15.18,0.8158,1,0
REQ-003064,19,AIRPORT,FINANCIAL_DISTRICT,STANDARD,20.75,50.1,CLEAR,0.0,10.0,15.4,0.73,0,21,40,1.9,REGULAR,46.48,0.0,0.514,0.315,0.25,2.08,96.68,77.53,19.15,0.3936,0,0
REQ-003065,6,DOWNTOWN,FINANCIAL_DISTRICT,COMFORT,19.01,53.9,DRIZZLE,0.0,10.0,28.2,0.31,0,60,72,1.2,REGULAR,60.12,0.1,0.02,0.0,0.0,1.12,67.33,51.22,16.11,0.8667,1,0
REQ-003066,15,FINANCIAL_DISTRICT,SUBURB_NORTH,COMFORT,10.1,25.7,RAIN,4.5,8.0,24.9,0.23,1,23,36,1.57,REGULAR,32.72,0.301,0.122,0.2,0.0,1.62,53.01,41.79,11.22,0.662,1,0
REQ-003067,13,FINANCIAL_DISTRICT,SUBURB_NORTH,COMFORT,5.23,10.0,DRIZZLE,0.0,10.0,13.4,0.4,0,12,39,3.25,REGULAR,17.63,0.1,0.058,0.787,0.0,1.95,34.38,27.46,6.92,0.47,0,0
REQ-003068,21,TECH_CORRIDOR,FINANCIAL_DISTRICT,XL,25.3,69.2,DRIZZLE,0.0,10.0,29.7,0.36,0,57,32,0.56,REGULAR,100.65,0.156,0.039,0.0,0.0,1.19,119.77,91.74,28.03,0.8461,1,0
REQ-003069,6,SUBURB_NORTH,FINANCIAL_DISTRICT,PREMIUM,22.44,46.6,HEAVY_RAIN,37.2,2.4,5.0,0.11,0,50,70,1.4,REGULAR,110.44,0.979,0.0,0.14,0.0,2.12,234.13,187.97,46.16,0.371,1,0
REQ-003070,21,SUBURB_NORTH,TECH_CORRIDOR,XL,4.68,9.9,CLEAR,0.0,10.0,8.7,0.23,0,10,59,5.9,REGULAR,21.77,0.0,0.002,1.2,0.0,2.2,47.89,38.53,9.36,0.3274,0,0
REQ-003071,8,FINANCIAL_DISTRICT,SUBURB_NORTH,PREMIUM,15.47,40.1,CLEAR,0.0,10.0,16.4,0.51,1,13,21,1.62,REGULAR,85.41,0.028,0.371,0.217,0.2,1.82,155.45,123.59,31.86,0.5479,0,0
REQ-003072,23,TECH_CORRIDOR,AIRPORT,XL,27.07,55.2,HEAVY_RAIN,24.0,0.6,24.3,0.05,0,23,31,1.35,REGULAR,95.97,1.01,0.0,0.123,0.15,2.28,218.81,176.39,42.42,0.2866,0,0
REQ-003073,13,DOWNTOWN,SUBURB_NORTH,COMFORT,5.76,15.7,RAIN,7.8,4.8,29.2,0.34,0,36,20,0.56,REGULAR,21.06,0.37,0.03,0.0,0.0,1.4,29.48,22.95,6.53,0.7685,1,0
REQ-003074,0,AIRPORT,SUBURB_NORTH,XL,10.01,30.2,CLEAR,0.0,10.0,22.4,0.38,0,55,72,1.31,REGULAR,45.14,0.016,0.048,0.109,0.15,1.32,59.58,46.13,13.45,0.8009,1,0
REQ-003075,3,AIRPORT,TECH_CORRIDOR,XL,24.56,61.4,CLEAR,0.0,10.0,10.4,0.2,0,23,65,2.83,REGULAR,94.42,0.0,0.0,0.64,0.15,1.79,169.01,134.22,34.79,0.5656,1,0
REQ-003076,1,AIRPORT,TECH_CORRIDOR,PREMIUM,12.5,23.5,CLEAR,0.0,10.0,29.5,0.23,0,10,59,5.9,REGULAR,62.97,0.0,0.002,1.2,0.15,2.35,147.98,119.49,28.49,0.2535,0,0
REQ-003077,13,DOWNTOWN,SUBURB_NORTH,COMFORT,13.09,40.9,CLEAR,0.0,10.0,16.1,0.39,0,24,73,3.04,REGULAR,44.51,0.0,0.053,0.714,0.0,1.77,78.78,62.51,16.27,0.5774,1,0
REQ-003078,8,AIRPORT,DOWNTOWN,COMFORT,19.48,35.4,CLEAR,0.0,10.0,16.8,0.78,0,32,16,0.5,REGULAR,52.57,0.0,0.583,0.0,0.2,1.78,93.57,74.28,19.29,0.5715,0,0
REQ-003079,12,TECH_CORRIDOR,FINANCIAL_DISTRICT,STANDARD,25.44,63.2,DRIZZLE,0.0,10.0,19.3,0.29,0,49,28,0.57,REGULAR,56.92,0.1,0.014,0.0,0.0,1.11,63.18,48.01,15.17,0.8694,1,0
REQ-003080,19,TECH_CORRIDOR,FINANCIAL_DISTRICT,STANDARD,26.79,68.3,CLEAR,0.0,10.0,16.2,0.78,0,31,68,2.19,REGULAR,60.39,0.0,0.584,0.416,0.25,2.25,135.88,109.46,26.42,0.3015,1,0
REQ-003081,10,TECH_CORRIDOR,DOWNTOWN,PREMIUM,20.53,56.6,RAIN,4.5,4.5,21.1,0.1,0,40,23,0.57,PLATINUM,113.59,0.301,0.0,0.0,0.0,1.3,147.67,114.16,33.51,0.9072,0,0
REQ-003082,15,SUBURB_NORTH,TECH_CORRIDOR,XL,22.63,43.3,CLEAR,0.0,10.0,10.6,0.36,0,23,24,1.04,REGULAR,79.5,0.035,0.039,0.0,0.0,1.07,85.07,64.36,20.71,0.88,1,0
REQ-003083,19,SUBURB_NORTH,TECH_CORRIDOR,COMFORT,22.37,51.1,CLEAR,0.0,10.0,18.3,0.43,0,28,65,2.32,GOLD,64.41,0.0,0.074,0.462,0.25,1.79,115.29,91.56,23.73,0.6779,1,0
REQ-003084,5,AIRPORT,DOWNTOWN,PREMIUM,7.58,14.8,CLEAR,0.0,10.0,25.7,0.33,0,55,34,0.62,REGULAR,41.8,0.0,0.027,0.0,0.0,1.03,43.05,32.41,10.64,0.8897,1,0
REQ-003085,22,AIRPORT,DOWNTOWN,COMFORT,7.24,17.1,CLEAR,0.0,10.0,31.8,0.3,0,27,47,1.74,REGULAR,24.15,0.0,0.017,0.259,0.0,1.28,30.91,23.86,7.05,0.8158,1,0
REQ-003086,15,AIRPORT,FINANCIAL_DISTRICT,STANDARD,15.4,46.9,CLEAR,0.0,10.0,31.5,0.09,1,29,51,1.76,REGULAR,38.66,0.0,0.12,0.266,0.0,1.39,53.74,41.81,11.93,0.7728,0,0
REQ-003087,6,SUBURB_NORTH,AIRPORT,STANDARD,25.4,58.2,RAIN,7.1,4.8,25.6,0.07,0,52,63,1.21,REGULAR,55.12,0.33,0.0,0.073,0.0,1.4,77.17,60.08,17.09,0.7685,0,0
REQ-003088,2,FINANCIAL_DISTRICT,TECH_CORRIDOR,XL,9.62,29.2,CLEAR,0.0,10.0,7.3,0.15,0,57,41,0.72,REGULAR,43.72,0.0,0.0,0.0,0.15,1.15,50.28,38.37,11.91,0.8581,1,0
REQ-003089,4,DOWNTOWN,TECH_CORRIDOR,XL,22.19,65.6,DRIZZLE,0.0,10.0,24.6,0.43,0,34,30,0.88,PLATINUM,91.96,0.174,0.074,0.0,0.0,1.25,114.95,88.51,26.44,0.9168,1,0
REQ-003090,7,SUBURB_NORTH,TECH_CORRIDOR,STANDARD,24.54,74.8,CLEAR,0.0,10.0,15.1,0.62,0,10,42,4.2,REGULAR,59.85,0.038,0.371,1.12,0.2,2.73,163.39,132.9,30.49,0.12,0,0
REQ-003091,0,DOWNTOWN,FINANCIAL_DISTRICT,COMFORT,27.64,51.9,CLEAR,0.0,10.0,29.8,0.3,0,40,33,0.82,REGULAR,73.47,0.0,0.017,0.0,0.15,1.17,85.96,65.72,20.24,0.8522,1,0
REQ-003092,6,SUBURB_NORTH,FINANCIAL_DISTRICT,COMFORT,23.2,71.5,CLEAR,0.0,10.0,5.3,0.16,0,40,44,1.1,REGULAR,74.96,0.0,0.0,0.0,0.0,1.0,74.96,56.22,18.74,0.8966,1,0
REQ-003093,22,SUBURB_NORTH,TECH_CORRIDOR,XL,11.09,27.7,RAIN,10.4,7.5,17.6,0.08,0,37,47,1.27,REGULAR,45.91,0.367,0.0,0.095,0.0,1.46,67.03,52.38,14.65,0.7419,1,0
REQ-003094,5,TECH_CORRIDOR,DOWNTOWN,PREMIUM,17.31,53.2,RAIN,10.7,6.3,14.6,0.39,0,55,36,0.65,PLATINUM,101.69,0.37,0.053,0.0,0.0,1.42,144.4,112.57,31.83,0.88,1,0
REQ-003095,21,TECH_CORRIDOR,SUBURB_NORTH,PREMIUM,15.53,37.2,FOG,0.0,10.0,20.4,0.06,0,59,52,0.88,REGULAR,83.1,0.2,0.0,0.0,0.0,1.2,99.72,76.45,23.27,0.8429,1,0
REQ-003096,5,DOWNTOWN,SUBURB_NORTH,COMFORT,8.8,17.0,CLEAR,0.0,10.0,17.0,0.39,0,29,32,1.1,GOLD,26.67,0.0,0.053,0.0,0.0,1.05,28.0,21.13,6.87,0.9255,1,0
REQ-003097,20,AIRPORT,TECH_CORRIDOR,PREMIUM,3.38,9.5,RAIN,8.0,6.8,31.8,0.36,0,18,71,3.94,REGULAR,25.53,0.34,0.039,1.029,0.0,2.41,61.53,49.75,11.78,0.2272,0,0
REQ-003098,18,FINANCIAL_DISTRICT,TECH_CORRIDOR,PREMIUM,12.36,24.7,CLEAR,0.0,10.0,18.3,0.83,0,27,51,1.89,REGULAR,63.6,0.0,0.658,0.311,0.25,2.22,141.19,113.65,27.54,0.3169,1,0
REQ-003099,21,AIRPORT,FINANCIAL_DISTRICT,STANDARD,10.96,22.8,THUNDERSTORM,45.1,2.2,13.2,0.31,0,31,41,1.32,PLATINUM,24.68,1.2,0.02,0.112,0.0,2.33,57.5,46.41,11.09,0.4521,1,0
REQ-003100,1,DOWNTOWN,FINANCIAL_DISTRICT,XL,17.0,31.6,BLIZZARD,21.2,0.9,-4.8,0.21,0,59,72,1.22,GOLD,60.66,1.2,0.0,0.077,0.15,2.43,147.4,119.22,28.18,0.3117,1,0
REQ-003101,20,FINANCIAL_DISTRICT,SUBURB_NORTH,COMFORT,10.09,22.3,CLEAR,0.0,10.0,26.7,0.24,0,12,71,5.92,GOLD,31.19,0.0,0.003,1.2,0.0,2.2,68.62,55.21,13.41,0.4403,0,0
REQ-003102,15,AIRPORT,FINANCIAL_DISTRICT,COMFORT,4.56,13.4,CLEAR,0.0,10.0,29.1,0.1,0,38,53,1.39,PLATINUM,18.05,0.0,0.0,0.136,0.0,1.14,20.58,15.69,4.89,0.9349,1,0
REQ-003103,21,SUBURB_NORTH,TECH_CORRIDOR,COMFORT,4.08,8.2,CLEAR,0.0,10.0,28.4,0.28,0,34,50,1.47,REGULAR,14.92,0.062,0.011,0.164,0.0,1.24,18.5,14.23,4.27,0.8298,1,0
REQ-003104,13,FINANCIAL_DISTRICT,TECH_CORRIDOR,STANDARD,9.19,22.8,CLEAR,0.0,10.0,23.6,0.22,0,57,37,0.65,REGULAR,22.47,0.052,0.001,0.0,0.0,1.05,23.59,17.8,5.79,0.8849,1,0
REQ-003105,3,SUBURB_NORTH,TECH_CORRIDOR,STANDARD,19.58,61.9,CLEAR,0.0,10.0,20.5,0.13,0,58,21,0.36,REGULAR,49.13,0.0,0.0,0.0,0.15,1.15,56.5,43.11,13.39,0.8581,1,0
REQ-003106,5,SUBURB_NORTH,DOWNTOWN,PREMIUM,18.56,33.4,DRIZZLE,0.0,10.0,20.6,0.11,0,36,74,2.06,PLATINUM,88.36,0.1,0.0,0.371,0.0,1.47,129.89,101.57,28.32,0.8667,1,0
REQ-003107,16,FINANCIAL_DISTRICT,DOWNTOWN,STANDARD,7.7,19.7,DRIZZLE,0.0,10.0,6.1,0.44,0,44,49,1.11,GOLD,19.51,0.178,0.08,0.0,0.0,1.26,24.58,18.94,5.64,0.8825,1,0
REQ-003108,22,TECH_CORRIDOR,SUBURB_NORTH,XL,17.63,44.4,CLEAR,0.0,10.0,24.2,0.05,0,32,80,2.5,GOLD,69.66,0.0,0.0,0.525,0.0,1.52,105.88,83.03,22.85,0.8009,1,0
REQ-003109,23,SUBURB_NORTH,DOWNTOWN,COMFORT,14.23,33.0,RAIN,9.4,7.1,12.7,0.33,0,8,28,3.5,REGULAR,42.83,0.356,0.027,0.875,0.15,2.41,103.22,83.45,19.77,0.2272,0,0
REQ-003110,4,AIRPORT,FINANCIAL_DISTRICT,STANDARD,25.69,50.3,CLEAR,0.0,10.0,14.3,0.06,1,18,63,3.5,REGULAR,52.71,0.0,0.12,0.875,0.0,2.0,105.42,84.34,21.08,0.4403,0,0
REQ-003111,23,AIRPORT,DOWNTOWN,XL,23.8,53.3,DRIZZLE,0.0,10.0,17.0,0.36,0,35,32,0.91,REGULAR,87.96,0.1,0.039,0.0,0.15,1.29,113.47,87.65,25.82,0.8121,1,0
REQ-003112,4,SUBURB_NORTH,TECH_CORRIDOR,PREMIUM,2.06,6.5,RAIN,14.6,4.2,31.0,0.11,0,53,77,1.45,REGULAR,19.29,0.414,0.0,0.157,0.0,1.57,30.29,23.82,6.47,0.6883,1,0
REQ-003113,19,DOWNTOWN,TECH_CORRIDOR,COMFORT,17.54,52.1,CLEAR,0.0,10.0,11.6,0.75,0,47,35,0.74,REGULAR,56.89,0.044,0.541,0.0,0.25,1.83,104.11,82.8,21.31,0.5419,1,0
REQ-003114,23,FINANCIAL_DISTRICT,TECH_CORRIDOR,PREMIUM,16.4,34.3,RAIN,9.3,7.2,9.0,0.43,0,35,78,2.23,REGULAR,83.07,0.355,0.074,0.43,0.15,2.01,166.97,133.62,33.35,0.4344,0,0
REQ-003115,20,AIRPORT,FINANCIAL_DISTRICT,COMFORT,8.49,15.7,DRIZZLE,0.0,10.0,24.2,0.24,0,48,56,1.17,REGULAR,25.57,0.1,0.003,0.0,0.0,1.1,28.13,21.35,6.78,0.8721,1,0
REQ-003116,19,TECH_CORRIDOR,DOWNTOWN,PREMIUM,26.49,57.2,CLEAR,0.0,10.0,23.0,0.82,0,57,54,0.95,REGULAR,130.79,0.061,0.643,0.0,0.25,1.95,255.04,203.7,51.34,0.47,1,0
REQ-003117,17,FINANCIAL_DISTRICT,AIRPORT,PREMIUM,19.23,46.3,CLEAR,0.0,10.0,6.5,0.61,0,42,62,1.48,PLATINUM,101.19,0.0,0.359,0.168,0.25,1.78,180.12,142.98,37.14,0.7555,1,0
REQ-003118,19,FINANCIAL_DISTRICT,TECH_CORRIDOR,STANDARD,15.85,30.0,CLEAR,0.0,10.0,22.6,0.81,0,44,39,0.89,REGULAR,33.31,0.0,0.628,0.0,0.25,1.88,62.62,49.9,12.72,0.512,1,0
REQ-003119,8,SUBURB_NORTH,AIRPORT,STANDARD,19.38,39.2,CLEAR,0.0,10.0,8.2,0.51,0,38,73,1.92,REGULAR,40.94,0.0,0.252,0.322,0.2,1.77,72.46,57.5,14.96,0.5774,1,0
REQ-003120,12,TECH_CORRIDOR,AIRPORT,STANDARD,17.97,53.1,CLEAR,0.0,10.0,8.8,0.21,0,19,43,2.26,REGULAR,44.05,0.0,0.0,0.441,0.0,1.44,63.43,49.51,13.92,0.751,0,0
REQ-003121,21,TECH_CORRIDOR,AIRPORT,PREMIUM,21.9,64.2,DRIZZLE,0.0,10.0,13.7,0.11,0,22,75,3.41,REGULAR,123.89,0.1,0.0,0.844,0.0,1.94,240.35,191.91,48.44,0.476,0,0
REQ-003122,16,TECH_CORRIDOR,DOWNTOWN,STANDARD,17.05,50.1,CLEAR,0.0,10.0,29.3,0.28,0,49,50,1.02,REGULAR,41.85,0.062,0.011,0.0,0.0,1.07,44.78,33.88,10.9,0.88,0,0
REQ-003123,23,DOWNTOWN,SUBURB_NORTH,STANDARD,10.07,28.8,CLEAR,0.0,10.0,24.5,0.16,0,28,40,1.43,PLATINUM,25.67,0.0,0.0,0.15,0.15,1.3,33.37,25.8,7.57,0.9072,1,0
REQ-003124,23,TECH_CORRIDOR,SUBURB_NORTH,STANDARD,20.61,51.2,THUNDERSTORM,44.2,1.6,8.8,0.33,0,54,20,0.37,GOLD,46.68,1.2,0.027,0.0,0.15,2.38,111.1,89.77,21.33,0.338,1,0
REQ-003125,4,FINANCIAL_DISTRICT,AIRPORT,STANDARD,2.27,5.7,CLEAR,0.0,10.0,14.8,0.39,0,47,70,1.49,GOLD,7.83,0.0,0.053,0.171,0.0,1.22,9.55,7.33,2.22,0.8921,1,0
REQ-003126,11,TECH_CORRIDOR,FINANCIAL_DISTRICT,STANDARD,25.33,49.4,CLEAR,0.0,10.0,20.0,0.32,1,35,76,2.17,GOLD,51.95,0.0,0.143,0.409,0.0,1.55,80.52,63.25,17.27,0.7892,1,0
REQ-003127,12,DOWNTOWN,TECH_CORRIDOR,XL,24.68,46.3,DRIZZLE,0.0,10.0,25.8,0.08,0,30,38,1.27,GOLD,85.61,0.1,0.0,0.095,0.0,1.2,102.73,78.76,23.97,0.8966,1,0
REQ-003128,13,FINANCIAL_DISTRICT,AIRPORT,XL,8.66,19.9,CLEAR,0.0,10.0,10.7,0.17,0,27,45,1.67,GOLD,36.13,0.0,0.0,0.234,0.0,1.23,44.44,34.16,10.28,0.8897,1,0
REQ-003129,19,TECH_CORRIDOR,AIRPORT,STANDARD,25.66,60.6,CLEAR,0.0,10.0,30.3,0.44,0,10,71,7.1,REGULAR,56.29,0.0,0.08,1.2,0.25,2.53,142.41,115.42,26.99,0.1806,0,0
REQ-003130,6,SUBURB_NORTH,AIRPORT,STANDARD,2.34,5.6,CLEAR,0.0,10.0,8.0,0.37,0,10,74,7.4,REGULAR,7.88,0.017,0.043,1.2,0.0,2.26,17.81,14.35,3.46,0.2965,1,0
REQ-003131,16,FINANCIAL_DISTRICT,DOWNTOWN,PREMIUM,17.03,45.0,CLEAR,0.0,10.0,12.4,0.23,0,46,60,1.3,REGULAR,93.93,0.0,0.002,0.105,0.0,1.11,104.26,79.23,25.03,0.8694,1,0
REQ-003132,4,FINANCIAL_DISTRICT,DOWNTOWN,COMFORT,16.36,30.7,CLEAR,0.0,10.0,14.7,0.4,0,14,22,1.57,REGULAR,45.3,0.0,0.058,0.2,0.0,1.26,57.08,43.99,13.09,0.8229,1,0
REQ-003133,17,AIRPORT,SUBURB_NORTH,PREMIUM,10.47,27.8,CLEAR,0.0,10.0,31.3,0.41,0,35,55,1.57,PLATINUM,60.95,0.0,0.063,0.2,0.25,1.51,92.03,72.13,19.9,0.8552,1,0
REQ-003134,21,TECH_CORRIDOR,FINANCIAL_DISTRICT,PREMIUM,18.68,58.3,SNOW,6.0,5.8,-14.4,0.11,1,58,16,0.28,GOLD,109.85,0.756,0.12,0.0,0.0,1.88,206.52,164.56,41.96,0.629,1,0
REQ-003135,11,DOWNTOWN,SUBURB_NORTH,XL,18.28,55.2,CLEAR,0.0,10.0,7.6,0.41,0,29,16,0.55,REGULAR,77.51,0.034,0.063,0.0,0.0,1.1,85.26,64.72,20.54,0.8721,1,0
REQ-003136,0,SUBURB_NORTH,TECH_CORRIDOR,STANDARD,24.01,71.1,FOG,0.0,10.0,21.7,0.39,0,35,52,1.49,REGULAR,57.89,0.232,0.053,0.171,0.15,1.61,93.2,73.43,19.77,0.6673,0,0
REQ-003137,9,FINANCIAL_DISTRICT,TECH_CORRIDOR,COMFORT,17.17,53.2,CLEAR,0.0,10.0,11.1,0.66,0,28,29,1.04,REGULAR,56.77,0.0,0.419,0.0,0.2,1.62,91.97,72.5,19.47,0.662,0,0
REQ-003138,14,TECH_CORRIDOR,SUBURB_NORTH,STANDARD,17.4,32.0,CLEAR,0.0,10.0,26.1,0.41,0,24,39,1.62,REGULAR,35.95,0.0,0.063,0.217,0.0,1.28,46.02,35.52,10.5,0.8158,1,0
REQ-003139,21,TECH_CORRIDOR,DOWNTOWN,COMFORT,13.36,31.8,CLEAR,0.0,10.0,18.1,0.3,0,58,41,0.71,REGULAR,40.85,0.0,0.017,0.0,0.0,1.02,41.67,31.33,10.34,0.8921,0,0
REQ-003140,5,TECH_CORRIDOR,FINANCIAL_DISTRICT,STANDARD,27.91,64.7,CLEAR,0.0,10.0,19.4,0.06,0,20,33,1.65,REGULAR,60.53,0.013,0.0,0.227,0.0,1.24,75.06,57.75,17.31,0.8298,1,0
REQ-003141,17,FINANCIAL_DISTRICT,SUBURB_NORTH,PREMIUM,10.32,32.5,CLEAR,0.0,10.0,25.5,0.7,0,10,16,1.6,GOLD,64.52,0.0,0.471,0.21,0.25,1.93,124.52,99.39,25.13,0.6006,0,0
REQ-003142,11,TECH_CORRIDOR,AIRPORT,COMFORT,16.16,36.5,HEAVY_RAIN,22.1,0.7,13.5,0.27,0,29,68,2.34,REGULAR,47.59,0.979,0.009,0.469,0.0,2.46,117.07,94.75,22.32,0.2069,0,0
REQ-003143,8,DOWNTOWN,TECH_CORRIDOR,PREMIUM,18.15,55.8,DRIZZLE,0.0,10.0,24.5,0.53,0,59,24,0.41,REGULAR,106.25,0.1,0.271,0.0,0.2,1.57,166.81,131.16,35.65,0.6883,0,0
REQ-003144,19,DOWNTOWN,SUBURB_NORTH,XL,13.12,25.3,DRIZZLE,0.0,10.0,14.2,0.44,1,34,56,1.65,REGULAR,48.73,0.1,0.2,0.227,0.25,1.78,86.74,68.86,17.88,0.5715,1,0
REQ-003145,10,SUBURB_NORTH,TECH_CORRIDOR,PREMIUM,15.94,36.8,DRIZZLE,0.0,10.0,11.3,0.32,0,39,64,1.64,REGULAR,83.91,0.144,0.023,0.224,0.0,1.39,116.63,90.74,25.89,0.7728,1,0
REQ-003146,4,AIRPORT,DOWNTOWN,COMFORT,19.23,42.0,CLEAR,0.0,10.0,26.7,0.22,0,25,75,3.0,GOLD,55.13,0.0,0.001,0.7,0.0,1.7,93.72,74.15,19.57,0.7231,1,0
REQ-003147,17,DOWNTOWN,TECH_CORRIDOR,STANDARD,10.11,30.7,CLEAR,0.0,10.0,15.9,0.64,1,31,36,1.16,REGULAR,26.38,0.0,0.516,0.0,0.25,1.77,46.69,37.05,9.64,0.5774,0,0
REQ-003148,13,DOWNTOWN,AIRPORT,STANDARD,19.62,40.7,CLEAR,0.0,10.0,8.0,0.05,0,20,48,2.4,REGULAR,41.77,0.0,0.0,0.49,0.0,1.49,62.24,48.73,13.51,0.7279,0,0
REQ-003149,19,TECH_CORRIDOR,FINANCIAL_DISTRICT,PREMIUM,6.44,13.2,HEAVY_RAIN,49.9,1.7,15.3,0.84,0,18,54,3.0,REGULAR,37.25,1.191,0.674,0.7,0.25,3.5,130.38,107.1,23.28,0.021,0,1
REQ-003150,10,TECH_CORRIDOR,AIRPORT,COMFORT,5.12,13.8,DRIZZLE,0.0,10.0,23.4,0.26,0,36,34,0.94,REGULAR,19.16,0.1,0.007,0.0,0.0,1.11,21.27,16.16,5.11,0.8694,1,0
REQ-003151,15,SUBURB_NORTH,DOWNTOWN,PREMIUM,11.03,25.1,DRIZZLE,0.0,10.0,26.9,0.1,0,24,29,1.21,REGULAR,60.22,0.1,0.0,0.073,0.0,1.17,70.46,53.87,16.59,0.8522,1,0
REQ-003152,21,DOWNTOWN,SUBURB_NORTH,XL,10.68,20.4,CLEAR,0.0,10.0,7.8,0.26,0,24,10,0.42,REGULAR,40.67,0.058,0.007,0.0,0.0,1.06,43.11,32.58,10.53,0.8825,1,0
REQ-003153,12,DOWNTOWN,TECH_CORRIDOR,STANDARD,25.16,68.2,CLEAR,0.0,10.0,29.6,0.18,0,30,32,1.07,REGULAR,58.32,0.0,0.0,0.0,0.0,1.0,58.32,43.74,14.58,0.8966,1,0
REQ-003154,12,SUBURB_NORTH,DOWNTOWN,XL,13.32,36.5,DRIZZLE,0.0,10.0,13.1,0.4,0,41,44,1.07,REGULAR,55.87,0.1,0.058,0.0,0.0,1.16,64.81,49.5,15.31,0.8552,1,0
REQ-003155,0,FINANCIAL_DISTRICT,SUBURB_NORTH,STANDARD,18.36,46.1,DRIZZLE,0.0,10.0,18.1,0.24,1,27,54,2.0,REGULAR,42.08,0.1,0.123,0.35,0.15,1.72,72.38,57.31,15.07,0.6064,1,0
REQ-003156,17,DOWNTOWN,SUBURB_NORTH,XL,10.5,30.3,CLEAR,0.0,10.0,10.7,0.83,0,35,19,0.54,GOLD,46.23,0.0,0.659,0.0,0.25,1.91,88.3,70.43,17.87,0.6121,1,0
REQ-003157,2,TECH_CORRIDOR,AIRPORT,COMFORT,25.26,63.8,CLEAR,0.0,10.0,19.6,0.39,0,49,12,0.24,GOLD,74.89,0.0,0.053,0.0,0.15,1.2,89.87,68.9,20.97,0.8966,1,0
REQ-003158,8,SUBURB_NORTH,DOWNTOWN,XL,20.81,48.7,CLEAR,0.0,10.0,11.4,0.57,1,30,25,0.83,REGULAR,78.92,0.0,0.434,0.0,0.2,1.63,128.64,101.45,27.19,0.6566,1,0
REQ-003159,5,TECH_CORRIDOR,DOWNTOWN,PREMIUM,8.0,15.0,CLEAR,0.0,10.0,27.3,0.45,0,18,36,2.0,GOLD,43.15,0.0,0.086,0.35,0.0,1.44,62.14,48.5,13.64,0.8298,1,0
REQ-003160,20,SUBURB_NORTH,AIRPORT,STANDARD,8.8,18.4,CLEAR,0.0,10.0,6.2,0.15,0,17,31,1.82,REGULAR,20.44,0.0,0.0,0.287,0.0,1.29,26.37,20.37,6.0,0.8121,0,0
REQ-003161,11,AIRPORT,SUBURB_NORTH,COMFORT,3.36,9.8,HEAVY_RAIN,58.5,1.9,29.0,0.39,1,51,54,1.06,GOLD,14.45,1.2,0.173,0.0,0.0,2.37,34.25,27.67,6.58,0.3434,0,0
REQ-003162,1,AIRPORT,FINANCIAL_DISTRICT,PREMIUM,3.54,8.3,RAIN,10.3,6.5,17.4,0.4,0,49,41,0.84,REGULAR,24.97,0.366,0.058,0.0,0.15,1.57,39.2,30.82,8.38,0.6883,0,0
REQ-003163,22,AIRPORT,DOWNTOWN,STANDARD,17.81,53.4,CLEAR,0.0,10.0,14.9,0.07,0,52,56,1.08,PLATINUM,43.95,0.0,0.0,0.0,0.0,1.0,43.95,32.96,10.99,0.9526,1,0
REQ-003164,20,FINANCIAL_DISTRICT,TECH_CORRIDOR,STANDARD,3.1,6.1,DRIZZLE,0.0,10.0,9.9,0.15,0,47,34,0.72,REGULAR,9.01,0.1,0.0,0.0,0.0,1.1,9.91,7.52,2.39,0.8721,1,0
REQ-003165,5,TECH_CORRIDOR,AIRPORT,XL,24.78,64.1,CLEAR,0.0,10.0,6.7,0.4,0,47,66,1.4,REGULAR,96.5,0.0,0.058,0.14,0.0,1.2,115.8,88.78,27.02,0.8429,1,0
REQ-003166,16,AIRPORT,DOWNTOWN,COMFORT,15.39,44.4,DRIZZLE,0.0,10.0,21.7,0.22,0,34,64,1.88,REGULAR,49.87,0.1,0.001,0.308,0.0,1.41,70.32,54.78,15.54,0.7642,1,0
REQ-003167,2,FINANCIAL_DISTRICT,DOWNTOWN,STANDARD,4.04,8.0,CLEAR,0.0,10.0,22.4,0.44,0,49,43,0.88,REGULAR,10.85,0.062,0.08,0.0,0.15,1.29,14.0,10.81,3.19,0.8121,1,0
REQ-003168,10,TECH_CORRIDOR,FINANCIAL_DISTRICT,XL,9.5,27.4,RAIN,8.4,6.3,19.2,0.3,0,43,26,0.6,REGULAR,42.39,0.345,0.017,0.0,0.0,1.36,57.65,44.76,12.89,0.7852,1,0
REQ-003169,10,AIRPORT,FINANCIAL_DISTRICT,STANDARD,18.2,37.7,DRIZZLE,0.0,10.0,30.2,0.44,0,51,46,0.9,GOLD,38.95,0.1,0.08,0.0,0.0,1.18,45.96,35.17,10.79,0.901,1,0
REQ-003170,3,DOWNTOWN,TECH_CORRIDOR,COMFORT,27.28,58.9,SNOW,8.7,5.3,-14.7,0.41,1,21,12,0.57,REGULAR,76.01,0.792,0.183,0.0,0.15,2.12,161.14,129.37,31.77,0.371,0,0
REQ-003171,3,FINANCIAL_DISTRICT,AIRPORT,XL,26.99,52.6,HEAVY_RAIN,36.7,1.8,8.7,0.19,0,16,31,1.94,REGULAR,94.24,1.033,0.0,0.329,0.15,2.51,236.54,191.63,44.91,0.1879,0,0
REQ-003172,6,FINANCIAL_DISTRICT,TECH_CORRIDOR,COMFORT,4.96,10.8,THUNDERSTORM,24.3,2.1,12.2,0.3,0,39,80,2.05,REGULAR,17.54,1.113,0.017,0.367,0.0,2.5,43.85,35.52,8.33,0.1915,1,0
REQ-003173,5,DOWNTOWN,FINANCIAL_DISTRICT,XL,21.8,42.3,CLEAR,0.0,10.0,13.1,0.12,0,30,44,1.47,REGULAR,77.16,0.0,0.0,0.164,0.0,1.16,89.51,68.37,21.14,0.8552,1,0
REQ-003174,6,FINANCIAL_DISTRICT,AIRPORT,PREMIUM,23.38,60.5,CLEAR,0.0,10.0,28.7,0.23,0,20,80,4.0,REGULAR,124.88,0.038,0.002,1.05,0.0,2.09,261.0,209.36,51.64,0.3879,1,0
REQ-003175,23,AIRPORT,FINANCIAL_DISTRICT,PREMIUM,27.14,84.5,CLEAR,0.0,10.0,22.2,0.2,0,29,64,2.21,REGULAR,155.82,0.0,0.0,0.423,0.15,1.57,244.64,192.36,52.28,0.6883,0,0
REQ-003176,17,TECH_CORRIDOR,FINANCIAL_DISTRICT,STANDARD,18.19,52.1,CLEAR,0.0,10.0,21.4,0.73,1,52,65,1.25,REGULAR,43.97,0.0,0.631,0.087,0.25,1.97,86.62,69.23,17.39,0.4581,0,0
REQ-003177,3,SUBURB_NORTH,FINANCIAL_DISTRICT,STANDARD,27.96,89.4,HEAVY_RAIN,45.1,1.2,31.2,0.23,0,50,20,0.4,REGULAR,69.24,1.2,0.002,0.0,0.15,2.35,162.71,131.38,31.33,0.2535,0,0
REQ-003178,15,DOWNTOWN,AIRPORT,XL,4.37,9.9,HEAVY_RAIN,33.1,2.4,29.5,0.42,0,18,70,3.89,REGULAR,21.12,0.984,0.069,1.012,0.0,3.06,64.63,52.82,11.81,0.0582,0,0
REQ-003179,17,TECH_CORRIDOR,SUBURB_NORTH,PREMIUM,27.03,67.6,CLEAR,0.0,10.0,19.6,0.5,1,18,18,1.0,REGULAR,141.14,0.005,0.24,0.0,0.25,1.49,210.3,164.64,45.66,0.7279,1,0
REQ-003180,14,SUBURB_NORTH,AIRPORT,STANDARD,9.92,26.4,CLEAR,0.0,10.0,21.6,0.2,0,13,12,0.92,REGULAR,24.64,0.0,0.0,0.0,0.0,1.0,24.64,18.48,6.16,0.8966,1,0
REQ-003181,4,DOWNTOWN,FINANCIAL_DISTRICT,COMFORT,19.69,63.0,CLEAR,0.0,10.0,20.5,0.42,0,29,80,2.76,REGULAR,65.34,0.0,0.069,0.616,0.0,1.69,110.42,87.32,23.1,0.6234,1,0
REQ-003182,6,FINANCIAL_DISTRICT,SUBURB_NORTH,XL,7.3,22.4,CLEAR,0.0,10.0,20.3,0.12,1,30,80,2.67,REGULAR,34.77,0.013,0.12,0.584,0.0,1.72,59.8,47.35,12.45,0.6064,1,0
REQ-003183,18,DOWNTOWN,FINANCIAL_DISTRICT,STANDARD,19.74,36.9,HEAVY_RAIN,48.8,2.3,21.7,0.46,0,26,10,0.38,REGULAR,40.58,1.119,0.093,0.0,0.25,2.46,99.83,80.8,19.03,0.2069,1,0
REQ-003184,15,AIRPORT,DOWNTOWN,STANDARD,20.3,55.7,DRIZZLE,0.0,10.0,24.3,0.33,0,24,19,0.79,GOLD,47.88,0.173,0.027,0.0,0.0,1.2,57.46,44.05,13.41,0.8966,1,0
REQ-003185,22,SUBURB_NORTH,AIRPORT,PREMIUM,5.53,15.3,CLEAR,0.0,10.0,20.5,0.16,0,33,11,0.33,GOLD,36.49,0.041,0.0,0.0,0.0,1.04,37.95,28.61,9.34,0.9272,1,0
REQ-003186,4,DOWNTOWN,FINANCIAL_DISTRICT,PREMIUM,9.36,25.1,CLEAR,0.0,10.0,11.4,0.33,0,41,53,1.29,GOLD,55.55,0.0,0.027,0.102,0.0,1.13,62.77,47.8,14.97,0.9112,1,0
REQ-003187,17,SUBURB_NORTH,FINANCIAL_DISTRICT,STANDARD,16.78,43.1,CLEAR,0.0,10.0,9.1,0.75,0,18,78,4.33,REGULAR,39.06,0.017,0.539,1.165,0.25,2.97,116.01,94.7,21.31,0.0712,0,0
REQ-003188,18,DOWNTOWN,AIRPORT,STANDARD,17.81,53.1,RAIN,10.3,6.7,14.7,0.77,0,12,70,5.83,REGULAR,43.85,0.422,0.57,1.2,0.25,3.44,150.84,123.83,27.01,0.0242,0,0
REQ-003189,6,DOWNTOWN,TECH_CORRIDOR,STANDARD,5.52,16.5,CLEAR,0.0,10.0,21.2,0.21,0,37,71,1.92,PLATINUM,15.67,0.0,0.0,0.322,0.0,1.32,20.68,16.01,4.67,0.9031,1,0
REQ-003190,1,FINANCIAL_DISTRICT,SUBURB_NORTH,COMFORT,14.15,35.2,DRIZZLE,0.0,10.0,13.7,0.06,0,29,58,2.0,REGULAR,43.69,0.1,0.0,0.35,0.15,1.6,69.9,55.05,14.85,0.6726,0,0
REQ-003191,7,AIRPORT,TECH_CORRIDOR,XL,25.82,48.9,CLEAR,0.0,10.0,7.7,0.59,0,42,48,1.14,REGULAR,89.56,0.0,0.336,0.0,0.2,1.54,137.92,108.28,29.64,0.7035,1,0
REQ-003192,0,SUBURB_NORTH,FINANCIAL_DISTRICT,STANDARD,11.57,35.1,DRIZZLE,0.0,10.0,27.5,0.13,0,52,25,0.48,REGULAR,29.75,0.1,0.0,0.0,0.15,1.25,37.19,28.64,8.55,0.8264,1,0
REQ-003193,13,SUBURB_NORTH,AIRPORT,COMFORT,24.33,68.0,CLEAR,0.0,10.0,10.6,0.4,0,55,48,0.87,REGULAR,75.24,0.0,0.058,0.0,0.0,1.06,79.75,60.26,19.49,0.8825,1,0
REQ-003194,9,FINANCIAL_DISTRICT,AIRPORT,COMFORT,24.92,68.8,CLEAR,0.0,10.0,13.7,0.72,0,21,42,2.0,REGULAR,76.58,0.0,0.499,0.35,0.2,2.05,156.99,125.78,31.21,0.411,1,0
REQ-003195,7,SUBURB_NORTH,TECH_CORRIDOR,XL,16.29,52.1,CLEAR,0.0,10.0,8.2,0.4,0,35,46,1.31,REGULAR,71.47,0.0,0.058,0.109,0.2,1.37,97.91,76.08,21.83,0.7811,1,0
REQ-003196,14,DOWNTOWN,SUBURB_NORTH,XL,3.06,6.8,CLEAR,0.0,10.0,5.2,0.41,1,33,35,1.06,REGULAR,16.51,0.066,0.183,0.0,0.0,1.25,20.64,15.89,4.75,0.8264,1,0
REQ-003197,21,FINANCIAL_DISTRICT,SUBURB_NORTH,STANDARD,8.57,25.8,CLEAR,0.0,10.0,15.3,0.21,0,27,31,1.15,REGULAR,22.74,0.0,0.0,0.0,0.0,1.0,22.74,17.05,5.69,0.8966,1,0
REQ-003198,10,DOWNTOWN,AIRPORT,PREMIUM,26.63,57.7,SNOW,5.4,5.9,-0.8,0.43,0,38,33,0.87,REGULAR,131.61,0.477,0.074,0.0,0.0,1.55,204.0,160.24,43.76,0.6985,1,0
REQ-003199,4,FINANCIAL_DISTRICT,DOWNTOWN,STANDARD,19.96,41.7,CLEAR,0.0,10.0,25.9,0.43,0,14,67,4.79,REGULAR,42.55,0.003,0.074,1.2,0.0,2.28,97.01,78.2,18.81,0.2866,0,0
REQ-003200,9,SUBURB_NORTH,TECH_CORRIDOR,STANDARD,17.68,41.3,HEAVY_RAIN,31.3,0.7,19.6,0.73,0,34,15,0.44,GOLD,39.55,1.082,0.513,0.0,0.2,2.79,110.34,89.83,20.51,0.1603,0,0
REQ-003201,16,TECH_CORRIDOR,AIRPORT,COMFORT,12.36,36.4,HEAVY_RAIN,53.6,2.9,17.4,0.21,0,8,58,7.25,REGULAR,41.27,1.11,0.0,1.2,0.0,3.31,136.6,111.98,24.62,0.0328,0,0
REQ-003202,14,AIRPORT,FINANCIAL_DISTRICT,COMFORT,6.11,13.9,CLEAR,0.0,10.0,6.2,0.18,0,8,34,4.25,REGULAR,20.83,0.0,0.0,1.137,0.0,2.14,44.58,35.81,8.77,0.3599,0,0
REQ-003203,23,FINANCIAL_DISTRICT,SUBURB_NORTH,PREMIUM,21.15,62.3,CLEAR,0.0,10.0,10.0,0.14,0,22,77,3.5,REGULAR,120.17,0.0,0.0,0.875,0.15,2.02,242.74,194.31,48.43,0.4285,0,0
REQ-003204,20,TECH_CORRIDOR,AIRPORT,STANDARD,20.05,40.0,CLEAR,0.0,10.0,30.7,0.11,1,21,41,1.95,REGULAR,42.06,0.0,0.12,0.332,0.0,1.45,60.99,47.64,13.35,0.7465,1,0
REQ-003205,7,FINANCIAL_DISTRICT,AIRPORT,XL,3.76,10.4,DRIZZLE,0.0,10.0,31.8,0.74,0,42,68,1.62,REGULAR,20.14,0.1,0.527,0.217,0.2,2.04,41.09,32.91,8.18,0.4168,0,0
REQ-003206,7,SUBURB_NORTH,TECH_CORRIDOR,PREMIUM,26.5,78.2,CLEAR,0.0,10.0,22.1,0.48,0,56,62,1.11,REGULAR,148.67,0.0,0.106,0.0,0.2,1.31,194.76,150.68,44.08,0.8047,1,0
REQ-003207,12,AIRPORT,TECH_CORRIDOR,XL,13.95,29.0,CLEAR,0.0,10.0,5.6,0.17,0,48,48,1.0,GOLD,52.69,0.0,0.0,0.0,0.0,1.0,52.69,39.52,13.17,0.9334,1,0
REQ-003208,16,DOWNTOWN,TECH_CORRIDOR,COMFORT,3.31,9.9,CLEAR,0.0,10.0,10.6,0.26,0,45,25,0.56,PLATINUM,14.42,0.01,0.007,0.0,0.0,1.02,14.71,11.06,3.65,0.9504,1,0
REQ-003209,18,TECH_CORRIDOR,DOWNTOWN,STANDARD,20.22,54.3,CLEAR,0.0,10.0,29.1,0.55,1,37,45,1.22,REGULAR,47.27,0.0,0.413,0.077,0.25,1.74,82.25,65.19,17.06,0.5948,1,0
REQ-003210,3,AIRPORT,SUBURB_NORTH,COMFORT,24.02,49.0,HEAVY_RAIN,43.6,1.9,28.9,0.11,0,49,43,0.88,GOLD,66.18,1.172,0.0,0.0,0.15,2.32,153.54,123.89,29.65,0.371,1,0
REQ-003211,13,SUBURB_NORTH,DOWNTOWN,PREMIUM,17.39,55.1,RAIN,6.3,4.2,25.0,0.44,1,49,64,1.31,REGULAR,103.53,0.333,0.2,0.109,0.0,1.64,169.79,133.97,35.82,0.6511,1,0
REQ-003212,10,DOWNTOWN,AIRPORT,PREMIUM,2.36,7.2,CLEAR,0.0,10.0,22.9,0.15,0,34,52,1.53,REGULAR,20.73,0.0,0.0,0.185,0.0,1.19,24.67,18.9,5.77,0.8461,1,0
REQ-003213,6,AIRPORT,FINANCIAL_DISTRICT,XL,26.21,76.4,CLEAR,0.0,10.0,7.3,0.18,0,15,62,4.13,REGULAR,106.88,0.0,0.0,1.095,0.0,2.09,223.38,179.19,44.19,0.3879,0,0
REQ-003214,6,SUBURB_NORTH,TECH_CORRIDOR,XL,22.95,44.7,CLEAR,0.0,10.0,29.6,0.41,0,46,22,0.48,PLATINUM,81.02,0.0,0.063,0.0,0.0,1.06,85.88,64.9,20.98,0.9456,1,0
REQ-003215,3,AIRPORT,DOWNTOWN,STANDARD,16.32,41.4,HEAVY_RAIN,22.1,1.2,6.2,0.35,0,58,60,1.03,REGULAR,37.89,0.929,0.034,0.0,0.15,2.11,79.95,64.17,15.78,0.3766,0,0
REQ-003216,4,DOWNTOWN,FINANCIAL_DISTRICT,XL,27.01,69.0,DRIZZLE,0.0,10.0,14.1,0.08,0,11,28,2.55,REGULAR,104.12,0.1,0.0,0.542,0.0,1.64,170.76,134.73,36.03,0.6511,1,0
REQ-003217,17,TECH_CORRIDOR,FINANCIAL_DISTRICT,PREMIUM,15.75,42.3,CLEAR,0.0,10.0,17.7,0.76,0,47,35,0.74,GOLD,88.05,0.013,0.553,0.0,0.25,1.82,160.25,127.41,32.84,0.662,1,0
REQ-003218,2,AIRPORT,TECH_CORRIDOR,PREMIUM,21.43,49.0,CLEAR,0.0,10.0,27.1,0.15,2,48,13,0.27,REGULAR,109.65,0.004,0.24,0.0,0.15,1.39,152.41,118.58,33.83,0.7728,1,0
REQ-003219,16,DOWNTOWN,AIRPORT,STANDARD,20.31,56.4,CLEAR,0.0,10.0,22.0,0.38,0,25,47,1.88,REGULAR,48.13,0.039,0.048,0.308,0.0,1.4,67.38,52.46,14.92,0.7685,1,0
REQ-003220,7,TECH_CORRIDOR,AIRPORT,COMFORT,22.71,58.8,CLEAR,0.0,10.0,30.2,0.74,0,34,77,2.26,GOLD,68.43,0.007,0.527,0.441,0.2,2.17,148.49,119.37,29.12,0.4581,0,0
REQ-003221,19,FINANCIAL_DISTRICT,SUBURB_NORTH,XL,2.19,4.7,CLEAR,0.0,10.0,23.0,0.42,1,57,59,1.04,GOLD,13.42,0.0,0.189,0.0,0.25,1.44,19.32,15.08,4.24,0.8298,1,0
REQ-003222,17,DOWNTOWN,TECH_CORRIDOR,STANDARD,12.08,34.0,RAIN,13.3,5.2,23.6,0.46,0,46,76,1.65,REGULAR,30.0,0.4,0.093,0.227,0.25,1.97,59.1,47.23,11.87,0.4581,0,0
REQ-003223,19,TECH_CORRIDOR,DOWNTOWN,STANDARD,15.9,41.4,CLEAR,0.0,10.0,26.1,0.52,0,27,73,2.7,GOLD,37.37,0.0,0.261,0.595,0.25,2.11,78.85,63.29,15.56,0.494,1,0
REQ-003224,0,FINANCIAL_DISTRICT,TECH_CORRIDOR,COMFORT,18.9,44.7,RAIN,10.0,5.6,30.7,0.28,0,38,30,0.79,GOLD,55.8,0.435,0.011,0.0,0.15,1.6,89.28,70.31,18.97,0.7685,1,0
REQ-003225,12,TECH_CORRIDOR,DOWNTOWN,STANDARD,13.41,37.3,CLEAR,0.0,10.0,27.2,0.15,0,42,56,1.33,GOLD,32.81,0.058,0.0,0.116,0.0,1.17,38.39,29.35,9.04,0.9031,1,0
REQ-003226,1,AIRPORT,SUBURB_NORTH,STANDARD,22.97,51.1,RAIN,14.1,6.8,7.4,0.11,0,30,59,1.97,GOLD,49.59,0.459,0.0,0.339,0.15,1.95,96.7,77.24,19.46,0.589,0,0
REQ-003227,3,DOWNTOWN,TECH_CORRIDOR,XL,12.27,29.3,CLEAR,0.0,10.0,25.9,0.44,0,39,12,0.31,REGULAR,49.35,0.065,0.08,0.0,0.15,1.29,63.66,49.18,14.48,0.8121,1,0
REQ-003228,15,DOWNTOWN,SUBURB_NORTH,COMFORT,21.9,56.9,DRIZZLE,0.0,10.0,26.8,0.4,0,29,27,0.93,REGULAR,66.24,0.123,0.058,0.0,0.0,1.18,78.16,59.81,18.35,0.8492,1,0
REQ-003229,19,AIRPORT,DOWNTOWN,COMFORT,6.88,20.8,RAIN,9.2,5.0,6.3,0.43,0,52,76,1.46,GOLD,25.21,0.353,0.074,0.161,0.25,1.84,46.39,36.91,9.48,0.6511,1,0
REQ-003230,18,DOWNTOWN,SUBURB_NORTH,COMFORT,9.29,18.6,DRIZZLE,0.0,10.0,23.0,0.57,1,15,10,0.67,REGULAR,28.2,0.1,0.434,0.0,0.25,1.78,50.2,39.85,10.35,0.5715,1,0
REQ-003231,1,TECH_CORRIDOR,FINANCIAL_DISTRICT,STANDARD,16.69,36.6,CLEAR,0.0,10.0,30.2,0.19,0,50,12,0.24,REGULAR,36.67,0.044,0.0,0.0,0.15,1.19,43.64,33.43,10.21,0.8461,1,0
REQ-003232,11,AIRPORT,TECH_CORRIDOR,XL,21.13,42.4,CLEAR,0.0,10.0,18.2,0.38,0,47,17,0.36,REGULAR,75.81,0.0,0.048,0.0,0.0,1.05,79.6,60.08,19.52,0.8849,0,0
REQ-003233,2,TECH_CORRIDOR,DOWNTOWN,XL,12.16,28.6,RAIN,12.2,7.6,18.9,0.26,0,42,34,0.81,REGULAR,48.7,0.387,0.007,0.0,0.15,1.54,75.0,58.88,16.12,0.7035,1,0
REQ-003234,14,SUBURB_NORTH,DOWNTOWN,PREMIUM,20.21,47.4,DRIZZLE,0.0,10.0,17.8,0.42,0,34,48,1.41,PLATINUM,104.88,0.1,0.069,0.143,0.0,1.31,137.39,106.29,31.1,0.9052,1,0
REQ-003235,20,SUBURB_NORTH,DOWNTOWN,XL,24.22,67.6,DRIZZLE,0.0,10.0,30.0,0.09,0,16,43,2.69,REGULAR,97.42,0.1,0.0,0.591,0.0,1.69,164.64,130.2,34.44,0.6234,1,0
REQ-003236,15,SUBURB_NORTH,TECH_CORRIDOR,STANDARD,11.4,33.2,CLEAR,0.0,10.0,14.1,0.12,0,13,79,6.08,GOLD,28.87,0.0,0.0,1.2,0.0,2.2,63.51,51.1,12.41,0.4403,0,0
REQ-003237,11,TECH_CORRIDOR,SUBURB_NORTH,PREMIUM,15.43,40.6,HEAVY_RAIN,24.1,2.7,8.0,0.26,1,25,20,0.8,REGULAR,85.71,0.801,0.127,0.0,0.0,1.93,165.42,132.04,33.38,0.482,1,0
REQ-003238,17,DOWNTOWN,AIRPORT,XL,23.74,69.8,HEAVY_RAIN,28.5,3.0,25.2,0.74,1,27,12,0.44,REGULAR,97.73,0.821,0.647,0.0,0.25,2.72,265.83,216.18,49.65,0.1226,0,0
REQ-003239,5,SUBURB_NORTH,TECH_CORRIDOR,COMFORT,22.68,67.5,CLEAR,0.0,10.0,22.9,0.14,1,50,11,0.22,REGULAR,72.3,0.0,0.12,0.0,0.0,1.12,80.98,61.6,19.38,0.8667,1,0
REQ-003240,7,AIRPORT,SUBURB_NORTH,PREMIUM,19.04,41.8,SNOW,5.1,4.3,-0.2,0.67,0,43,63,1.47,REGULAR,96.84,0.503,0.433,0.164,0.2,2.3,222.73,179.64,43.09,0.2769,0,0
REQ-003241,19,FINANCIAL_DISTRICT,DOWNTOWN,PREMIUM,16.72,30.2,CLEAR,0.0,10.0,28.5,0.69,0,60,74,1.23,GOLD,80.49,0.0,0.458,0.08,0.25,1.79,144.08,114.42,29.66,0.6779,0,0
REQ-003242,19,AIRPORT,TECH_CORRIDOR,PREMIUM,12.9,31.6,DRIZZLE,0.0,10.0,8.2,0.5,0,18,50,2.78,REGULAR,70.98,0.108,0.12,0.623,0.25,2.1,149.06,119.6,29.46,0.3823,0,0
REQ-003243,14,DOWNTOWN,FINANCIAL_DISTRICT,STANDARD,5.7,10.5,RAIN,13.3,7.9,14.3,0.37,0,12,54,4.5,REGULAR,13.79,0.4,0.043,1.2,0.0,2.64,36.41,29.57,6.84,0.1448,0,0
REQ-003244,14,SUBURB_NORTH,FINANCIAL_DISTRICT,STANDARD,26.57,61.8,HEAVY_RAIN,39.9,1.6,26.7,0.12,0,42,32,0.76,GOLD,57.84,1.142,0.0,0.0,0.0,2.14,123.78,99.43,24.35,0.476,0,0
REQ-003245,23,TECH_CORRIDOR,DOWNTOWN,XL,7.04,13.0,CLEAR,0.0,10.0,17.9,0.35,0,19,10,0.53,REGULAR,28.58,0.0,0.034,0.0,0.15,1.18,33.72,25.8,7.92,0.8492,1,0
REQ-003246,15,AIRPORT,FINANCIAL_DISTRICT,COMFORT,7.91,19.4,THUNDERSTORM,36.8,1.7,29.9,0.21,0,19,45,2.37,REGULAR,26.28,1.2,0.0,0.479,0.0,2.68,70.43,57.24,13.19,0.1333,0,0
REQ-003247,19,TECH_CORRIDOR,AIRPORT,COMFORT,12.88,40.8,CLEAR,0.0,10.0,19.9,0.62,0,26,65,2.5,GOLD,44.11,0.0,0.371,0.525,0.25,2.15,94.84,76.2,18.64,0.47,0,0
REQ-003248,22,SUBURB_NORTH,AIRPORT,PREMIUM,23.36,54.0,DRIZZLE,0.0,10.0,12.5,0.15,0,49,56,1.14,REGULAR,119.31,0.1,0.0,0.0,0.0,1.1,131.24,99.62,31.62,0.8721,1,0
REQ-003249,14,FINANCIAL_DISTRICT,TECH_CORRIDOR,COMFORT,10.48,20.1,CLEAR,0.0,10.0,15.6,0.3,0,38,72,1.89,REGULAR,30.84,0.0,0.017,0.311,0.0,1.33,41.02,31.78,9.24,0.7971,1,0
REQ-003250,0,SUBURB_NORTH,FINANCIAL_DISTRICT,PREMIUM,19.13,36.5,CLEAR,0.0,10.0,19.1,0.36,0,39,72,1.85,GOLD,92.58,0.0,0.039,0.297,0.15,1.49,137.94,107.99,29.95,0.8121,0,0
REQ-003251,9,DOWNTOWN,TECH_CORRIDOR,PREMIUM,13.39,37.5,RAIN,5.1,4.0,23.5,0.77,0,26,61,2.35,REGULAR,77.37,0.307,0.569,0.472,0.2,2.55,197.29,159.96,37.33,0.1736,0,0
REQ-003252,17,SUBURB_NORTH,FINANCIAL_DISTRICT,XL,22.06,49.9,RAIN,13.3,7.1,14.3,0.43,0,22,76,3.45,REGULAR,82.27,0.4,0.074,0.858,0.25,2.58,212.26,172.19,40.07,0.1636,0,0
REQ-003253,3,SUBURB_NORTH,DOWNTOWN,PREMIUM,19.18,46.0,THUNDERSTORM,30.1,2.6,26.8,0.09,1,57,54,0.95,REGULAR,100.8,1.146,0.12,0.0,0.15,2.42,243.94,197.27,46.67,0.223,0,0
REQ-003254,10,SUBURB_NORTH,DOWNTOWN,STANDARD,27.89,82.0,CLEAR,0.0,10.0,28.4,0.17,0,32,57,1.78,REGULAR,66.56,0.0,0.0,0.273,0.0,1.27,84.53,65.19,19.34,0.8194,1,0
REQ-003255,6,TECH_CORRIDOR,AIRPORT,PREMIUM,16.59,52.3,THUNDERSTORM,24.6,1.9,8.8,0.12,0,15,20,1.33,REGULAR,98.9,1.2,0.0,0.116,0.0,2.32,229.45,185.14,44.31,0.2674,1,0
REQ-003256,16,DOWNTOWN,FINANCIAL_DISTRICT,COMFORT,4.14,9.1,CLEAR,0.0,10.0,24.4,0.15,0,29,56,1.93,REGULAR,15.42,0.075,0.0,0.325,0.0,1.4,21.59,16.81,4.78,0.7685,1,0
REQ-003257,19,AIRPORT,FINANCIAL_DISTRICT,COMFORT,16.57,35.1,CLEAR,0.0,10.0,8.4,0.85,0,23,63,2.74,REGULAR,47.64,0.0,0.69,0.609,0.25,2.55,121.48,98.49,22.99,0.1736,0,0
REQ-003258,16,AIRPORT,FINANCIAL_DISTRICT,XL,17.28,46.6,CLEAR,0.0,10.0,21.2,0.25,1,58,68,1.17,GOLD,70.25,0.026,0.125,0.0,0.0,1.15,80.79,61.65,19.14,0.9072,1,0
REQ-003259,6,AIRPORT,TECH_CORRIDOR,COMFORT,14.33,43.9,CLEAR,0.0,10.0,21.9,0.17,0,30,79,2.63,PLATINUM,47.89,0.0,0.0,0.57,0.0,1.57,75.19,59.12,16.07,0.8364,1,0
REQ-003260,18,TECH_CORRIDOR,DOWNTOWN,PREMIUM,12.38,36.4,CLEAR,0.0,10.0,19.2,0.77,1,35,47,1.34,REGULAR,73.6,0.074,0.689,0.119,0.25,2.13,156.77,125.89,30.88,0.3654,0,0
REQ-003261,9,TECH_CORRIDOR,SUBURB_NORTH,COMFORT,27.63,60.1,CLEAR,0.0,10.0,30.9,0.46,0,16,15,0.94,REGULAR,77.14,0.0,0.093,0.0,0.2,1.29,99.51,76.87,22.64,0.8121,1,0
REQ-003262,2,AIRPORT,FINANCIAL_DISTRICT,STANDARD,17.31,33.4,CLEAR,0.0,10.0,6.0,0.08,0,49,74,1.51,REGULAR,36.33,0.069,0.0,0.178,0.15,1.4,50.86,39.6,11.26,0.7685,1,0
REQ-003263,22,TECH_CORRIDOR,AIRPORT,STANDARD,10.44,31.1,CLEAR,0.0,10.0,14.0,0.25,1,42,67,1.6,REGULAR,26.93,0.081,0.125,0.21,0.0,1.42,38.24,29.81,8.43,0.7599,1,0
REQ-003264,23,TECH_CORRIDOR,DOWNTOWN,STANDARD,7.35,14.9,CLEAR,0.0,10.0,17.8,0.4,0,18,64,3.56,REGULAR,17.4,0.0,0.058,0.896,0.15,2.1,36.54,29.32,7.22,0.3823,1,0
REQ-003265,2,TECH_CORRIDOR,AIRPORT,PREMIUM,9.08,24.4,RAIN,12.8,8.0,8.8,0.27,0,24,41,1.71,REGULAR,54.16,0.471,0.009,0.248,0.15,1.88,101.82,81.13,20.69,0.512,1,0
REQ-003266,17,SUBURB_NORTH,FINANCIAL_DISTRICT,STANDARD,21.42,55.0,CLEAR,0.0,10.0,21.8,0.52,0,34,79,2.32,REGULAR,49.03,0.047,0.263,0.462,0.25,2.02,99.04,79.28,19.76,0.4285,1,0
REQ-003267,11,DOWNTOWN,AIRPORT,STANDARD,5.88,18.4,SNOW,9.0,6.1,-12.5,0.24,1,15,26,1.73,PLATINUM,16.79,0.751,0.123,0.256,0.0,2.13,35.76,28.72,7.04,0.5715,0,0
REQ-003268,15,SUBURB_NORTH,DOWNTOWN,PREMIUM,13.71,25.8,HEAVY_RAIN,48.1,2.3,24.4,0.12,0,53,53,1.0,REGULAR,68.32,1.138,0.0,0.0,0.0,2.14,146.2,117.44,28.76,0.3599,0,0
REQ-003269,3,SUBURB_NORTH,AIRPORT,PREMIUM,3.8,8.1,CLEAR,0.0,10.0,25.4,0.37,0,51,15,0.29,REGULAR,25.52,0.08,0.043,0.0,0.15,1.27,32.41,25.0,7.41,0.8194,1,0
REQ-003270,8,AIRPORT,SUBURB_NORTH,PREMIUM,25.04,65.1,SNOW,9.3,5.5,-13.5,0.66,0,51,54,1.06,REGULAR,133.44,0.775,0.42,0.0,0.2,2.4,320.26,258.88,61.38,0.2315,0,0
REQ-003271,1,SUBURB_NORTH,FINANCIAL_DISTRICT,COMFORT,20.07,49.4,HEAVY_RAIN,39.6,0.7,9.2,0.09,1,23,80,3.48,GOLD,59.85,1.175,0.12,0.868,0.15,3.31,198.1,162.4,35.7,0.052,0,0
REQ-003272,23,TECH_CORRIDOR,DOWNTOWN,PREMIUM,8.48,26.8,HEAVY_RAIN,48.6,1.3,31.0,0.31,0,47,10,0.21,GOLD,54.52,1.2,0.02,0.0,0.15,2.37,129.21,104.38,24.83,0.3434,0,0
REQ-003273,22,DOWNTOWN,TECH_CORRIDOR,XL,7.74,21.1,CLEAR,0.0,10.0,16.2,0.18,1,12,19,1.58,GOLD,34.91,0.0,0.12,0.203,0.0,1.32,46.08,35.68,10.4,0.8667,0,0
REQ-003274,1,TECH_CORRIDOR,SUBURB_NORTH,STANDARD,19.85,62.4,CLEAR,0.0,10.0,8.8,0.07,0,10,79,7.9,REGULAR,49.65,0.0,0.0,1.2,0.15,2.35,116.68,94.21,22.47,0.2535,0,0
REQ-003275,9,AIRPORT,TECH_CORRIDOR,STANDARD,15.76,40.0,CLEAR,0.0,10.0,6.9,0.78,1,13,46,3.54,REGULAR,36.7,0.0,0.703,0.889,0.2,2.79,102.39,83.36,19.03,0.1056,0,0
REQ-003276,3,AIRPORT,TECH_CORRIDOR,XL,25.32,67.3,RAIN,13.9,4.8,6.2,0.18,0,48,74,1.54,REGULAR,99.55,0.406,0.0,0.189,0.15,1.75,174.21,138.12,36.09,0.589,0,0
REQ-003277,13,DOWNTOWN,AIRPORT,PREMIUM,26.65,55.3,CLEAR,0.0,10.0,27.4,0.11,0,8,60,7.5,GOLD,129.62,0.0,0.0,1.2,0.0,2.2,285.16,229.42,55.74,0.4403,0,0
REQ-003278,11,FINANCIAL_DISTRICT,TECH_CORRIDOR,STANDARD,26.26,72.8,CLEAR,0.0,10.0,29.5,0.31,0,24,50,2.08,REGULAR,61.31,0.056,0.02,0.378,0.0,1.45,88.9,69.43,19.47,0.7465,1,0
REQ-003279,21,TECH_CORRIDOR,SUBURB_NORTH,PREMIUM,14.14,40.8,RAIN,6.1,6.5,30.3,0.34,2,8,24,3.0,REGULAR,82.27,0.319,0.27,0.7,0.0,2.29,188.4,151.91,36.49,0.2817,0,0
REQ-003280,23,SUBURB_NORTH,AIRPORT,COMFORT,13.63,29.7,CLEAR,0.0,10.0,25.5,0.37,0,28,79,2.82,REGULAR,40.36,0.0,0.043,0.637,0.15,1.83,73.86,58.74,15.12,0.5419,1,0
REQ-003281,7,SUBURB_NORTH,FINANCIAL_DISTRICT,COMFORT,24.64,51.6,CLEAR,0.0,10.0,6.2,0.45,0,42,63,1.5,PLATINUM,68.38,0.0,0.086,0.175,0.2,1.46,99.83,78.02,21.81,0.8694,1,0
REQ-003282,2,DOWNTOWN,FINANCIAL_DISTRICT,STANDARD,2.49,5.7,HEAVY_RAIN,24.9,2.7,9.4,0.25,0,48,36,0.75,PLATINUM,8.1,0.811,0.005,0.0,0.15,1.97,15.96,12.76,3.2,0.662,1,0
REQ-003283,18,TECH_CORRIDOR,DOWNTOWN,XL,3.46,8.1,DRIZZLE,0.0,10.0,15.5,0.5,0,30,54,1.8,REGULAR,18.13,0.157,0.12,0.28,0.25,1.81,32.82,26.08,6.74,0.5538,1,0
REQ-003284,10,DOWNTOWN,TECH_CORRIDOR,XL,14.96,34.0,CLEAR,0.0,10.0,23.6,0.42,0,16,34,2.12,REGULAR,57.82,0.0,0.069,0.392,0.0,1.46,84.42,65.97,18.45,0.7419,1,0
REQ-003285,20,TECH_CORRIDOR,AIRPORT,XL,8.66,22.1,CLEAR,0.0,10.0,7.8,0.27,0,51,48,0.94,GOLD,37.45,0.0,0.009,0.0,0.0,1.01,37.82,28.4,9.42,0.9319,1,0
REQ-003286,8,AIRPORT,FINANCIAL_DISTRICT,COMFORT,6.18,14.6,FOG,0.0,10.0,17.2,0.79,0,23,39,1.7,GOLD,21.27,0.2,0.598,0.245,0.2,2.24,47.64,38.37,9.27,0.4168,0,0
REQ-003287,1,DOWNTOWN,FINANCIAL_DISTRICT,STANDARD,12.98,26.9,CLEAR,0.0,10.0,26.3,0.24,0,13,14,1.08,REGULAR,28.64,0.029,0.003,0.0,0.15,1.18,33.8,25.87,7.93,0.8492,0,0
REQ-003288,23,FINANCIAL_DISTRICT,TECH_CORRIDOR,PREMIUM,10.15,30.3,DRIZZLE,0.0,10.0,24.0,0.22,1,15,74,4.93,REGULAR,62.17,0.107,0.121,1.2,0.15,2.58,160.4,130.12,30.28,0.1636,0,0
REQ-003289,2,DOWNTOWN,SUBURB_NORTH,PREMIUM,12.48,37.2,RAIN,13.3,4.7,20.6,0.33,0,35,48,1.37,REGULAR,74.56,0.441,0.027,0.13,0.15,1.75,130.48,103.45,27.03,0.589,1,0
REQ-003290,22,FINANCIAL_DISTRICT,DOWNTOWN,PREMIUM,10.37,33.0,CLEAR,0.0,10.0,8.0,0.4,0,45,62,1.38,PLATINUM,65.09,0.0,0.058,0.133,0.0,1.19,77.46,59.33,18.13,0.9272,1,0
REQ-003291,13,SUBURB_NORTH,DOWNTOWN,PREMIUM,10.31,24.3,CLEAR,0.0,10.0,29.3,0.37,0,50,31,0.62,REGULAR,57.53,0.0,0.043,0.0,0.0,1.04,59.83,45.1,14.73,0.8874,1,0
REQ-003292,7,TECH_CORRIDOR,FINANCIAL_DISTRICT,XL,22.12,56.2,CLEAR,0.0,10.0,10.4,0.64,0,57,68,1.19,REGULAR,86.17,0.032,0.395,0.0,0.2,1.63,140.46,110.77,29.69,0.6566,1,0
REQ-003293,1,FINANCIAL_DISTRICT,SUBURB_NORTH,XL,18.04,50.6,CLEAR,0.0,10.0,14.4,0.44,0,13,33,2.54,REGULAR,74.24,0.0,0.08,0.539,0.15,1.77,131.4,104.27,27.13,0.5774,0,0
REQ-003294,21,SUBURB_NORTH,TECH_CORRIDOR,COMFORT,9.5,23.7,DRIZZLE,0.0,10.0,10.1,0.25,0,50,70,1.4,REGULAR,30.83,0.164,0.005,0.14,0.0,1.31,40.39,31.25,9.14,0.8047,0,0
REQ-003295,5,SUBURB_NORTH,DOWNTOWN,STANDARD,2.18,4.8,CLEAR,0.0,10.0,29.7,0.22,0,56,43,0.77,REGULAR,7.41,0.043,0.001,0.0,0.0,1.04,7.71,5.81,1.9,0.8874,1,0
REQ-003296,0,DOWNTOWN,SUBURB_NORTH,STANDARD,2.47,4.7,HEAVY_RAIN,23.6,1.1,27.5,0.12,1,60,80,1.33,REGULAR,7.74,0.956,0.12,0.116,0.15,2.34,18.11,14.62,3.49,0.2581,1,0
REQ-003297,20,DOWNTOWN,FINANCIAL_DISTRICT,STANDARD,20.89,63.8,DRIZZLE,0.0,10.0,7.9,0.27,0,17,69,4.06,GOLD,51.44,0.1,0.009,1.071,0.0,2.18,112.14,90.17,21.97,0.4521,0,0
REQ-003298,9,AIRPORT,SUBURB_NORTH,COMFORT,18.77,52.5,CLEAR,0.0,10.0,7.0,0.73,0,44,22,0.5,REGULAR,59.09,0.001,0.514,0.0,0.2,1.71,101.04,79.97,21.07,0.6121,0,0
REQ-003299,19,TECH_CORRIDOR,FINANCIAL_DISTRICT,COMFORT,25.71,80.3,RAIN,6.7,7.5,30.1,0.67,0,52,25,0.48,REGULAR,83.05,0.325,0.432,0.0,0.25,2.01,166.93,133.59,33.34,0.4344,0,0
REQ-003300,4,TECH_CORRIDOR,DOWNTOWN,COMFORT,7.79,19.7,HEAVY_RAIN,35.0,1.6,20.3,0.37,0,12,27,2.25,REGULAR,26.22,1.034,0.043,0.438,0.0,2.52,66.07,53.54,12.53,0.1842,0,0
REQ-003301,18,TECH_CORRIDOR,DOWNTOWN,PREMIUM,20.97,54.6,HEAVY_RAIN,49.1,2.9,28.5,0.7,0,52,58,1.12,REGULAR,113.13,1.062,0.473,0.0,0.25,2.79,315.63,256.97,58.66,0.1056,0,0
REQ-003302,21,AIRPORT,TECH_CORRIDOR,XL,23.84,57.9,SNOW,10.2,7.6,-7.8,0.37,2,37,50,1.35,REGULAR,90.8,0.671,0.283,0.123,0.0,2.08,188.86,151.45,37.41,0.3936,0,0
REQ-003303,15,TECH_CORRIDOR,FINANCIAL_DISTRICT,COMFORT,19.05,40.9,CLEAR,0.0,10.0,29.3,0.16,0,50,32,0.64,REGULAR,54.34,0.0,0.0,0.0,0.0,1.0,54.34,40.76,13.58,0.8966,1,0
REQ-003304,17,SUBURB_NORTH,AIRPORT,PREMIUM,3.36,7.2,THUNDERSTORM,34.7,2.6,5.1,0.56,1,37,36,0.97,REGULAR,23.53,1.185,0.424,0.0,0.25,2.86,67.3,54.85,12.45,0.0908,0,0
REQ-003305,20,DOWNTOWN,SUBURB_NORTH,PREMIUM,19.69,51.5,CLEAR,0.0,10.0,29.0,0.44,0,45,54,1.2,REGULAR,106.9,0.077,0.08,0.0,0.0,1.16,124.0,94.71,29.29,0.8552,1,0
REQ-003306,6,SUBURB_NORTH,TECH_CORRIDOR,COMFORT,3.43,8.7,CLEAR,0.0,10.0,23.5,0.34,0,51,11,0.22,REGULAR,14.07,0.0,0.03,0.0,0.0,1.03,14.49,10.91,3.58,0.8897,1,0
REQ-003307,19,DOWNTOWN,SUBURB_NORTH,XL,7.85,17.5,CLEAR,0.0,10.0,27.3,0.78,1,42,46,1.1,REGULAR,32.98,0.0,0.704,0.0,0.25,1.95,64.31,51.37,12.94,0.47,1,0
REQ-003308,19,DOWNTOWN,FINANCIAL_DISTRICT,PREMIUM,21.62,43.7,CLEAR,0.0,10.0,13.5,0.51,0,58,16,0.28,PLATINUM,105.69,0.0,0.252,0.0,0.25,1.5,158.53,124.18,34.35,0.8581,1,0
REQ-003309,0,SUBURB_NORTH,FINANCIAL_DISTRICT,PREMIUM,27.06,55.5,CLEAR,0.0,10.0,15.2,0.25,1,53,41,0.77,REGULAR,130.94,0.0,0.125,0.0,0.15,1.27,166.29,128.25,38.04,0.8194,1,0
REQ-003310,19,SUBURB_NORTH,TECH_CORRIDOR,PREMIUM,3.61,9.9,CLEAR,0.0,10.0,17.6,0.4,0,44,30,0.68,GOLD,26.53,0.0,0.058,0.0,0.25,1.31,34.75,26.88,7.87,0.8694,1,0
REQ-003311,17,DOWNTOWN,FINANCIAL_DISTRICT,COMFORT,6.48,13.9,DRIZZLE,0.0,10.0,15.7,0.49,0,48,21,0.44,REGULAR,21.44,0.1,0.113,0.0,0.25,1.46,31.3,24.46,6.84,0.7419,1,0
REQ-003312,11,SUBURB_NORTH,AIRPORT,STANDARD,9.25,27.5,CLEAR,0.0,10.0,13.8,0.12,0,29,56,1.93,REGULAR,24.18,0.024,0.0,0.325,0.0,1.35,32.64,25.33,7.31,0.7892,1,0
REQ-003313,0,AIRPORT,DOWNTOWN,XL,19.05,45.1,DRIZZLE,0.0,10.0,15.3,0.21,0,9,16,1.78,REGULAR,73.07,0.1,0.0,0.273,0.15,1.52,111.07,87.1,23.97,0.7134,1,0
REQ-003314,20,FINANCIAL_DISTRICT,SUBURB_NORTH,COMFORT,25.38,57.0,CLEAR,0.0,10.0,31.5,0.2,0,59,60,1.02,REGULAR,72.03,0.0,0.0,0.0,0.0,1.0,72.03,54.02,18.01,0.8966,1,0
REQ-003315,2,SUBURB_NORTH,TECH_CORRIDOR,STANDARD,23.38,48.9,CLEAR,0.0,10.0,14.2,0.39,0,57,18,0.32,REGULAR,49.33,0.0,0.053,0.0,0.15,1.2,59.2,45.39,13.81,0.8429,1,0
REQ-003316,11,AIRPORT,DOWNTOWN,STANDARD,19.38,40.2,RAIN,3.9,6.1,6.1,0.43,0,24,61,2.54,REGULAR,41.29,0.342,0.074,0.539,0.0,1.96,80.93,64.66,16.27,0.4641,0,0
REQ-003317,19,FINANCIAL_DISTRICT,AIRPORT,PREMIUM,4.23,7.8,DRIZZLE,0.0,10.0,7.8,0.74,0,56,40,0.71,PLATINUM,26.47,0.1,0.528,0.0,0.25,1.88,49.76,39.65,10.11,0.7085,1,0
REQ-003318,0,SUBURB_NORTH,DOWNTOWN,STANDARD,16.97,34.3,CLEAR,0.0,10.0,30.1,0.2,0,55,29,0.53,REGULAR,36.21,0.0,0.0,0.0,0.15,1.15,41.64,31.77,9.87,0.8581,1,0
REQ-003319,17,SUBURB_NORTH,FINANCIAL_DISTRICT,XL,17.15,36.2,CLEAR,0.0,10.0,18.2,0.45,0,18,47,2.61,PLATINUM,63.74,0.017,0.086,0.563,0.25,1.92,122.38,97.65,24.73,0.6883,0,0
REQ-003320,7,FINANCIAL_DISTRICT,AIRPORT,STANDARD,24.98,59.9,RAIN,4.4,4.8,29.9,0.48,0,44,21,0.48,REGULAR,55.19,0.299,0.106,0.0,0.2,1.6,88.3,69.54,18.76,0.6726,1,0
REQ-003321,3,TECH_CORRIDOR,SUBURB_NORTH,STANDARD,14.78,43.4,CLEAR,0.0,10.0,21.5,0.11,0,28,25,0.89,REGULAR,36.66,0.057,0.0,0.0,0.15,1.21,44.36,34.04,10.32,0.8397,1,0
REQ-003322,22,FINANCIAL_DISTRICT,DOWNTOWN,XL,8.43,20.3,RAIN,13.3,6.9,24.4,0.33,0,53,13,0.25,REGULAR,35.88,0.476,0.027,0.0,0.0,1.5,53.82,42.16,11.66,0.7231,1,0
REQ-003323,5,SUBURB_NORTH,TECH_CORRIDOR,STANDARD,21.66,52.0,CLEAR,0.0,10.0,21.5,0.26,1,26,59,2.27,REGULAR,48.27,0.0,0.127,0.444,0.0,1.57,75.78,59.59,16.19,0.6883,0,0
REQ-003324,0,DOWNTOWN,TECH_CORRIDOR,COMFORT,11.76,31.0,CLEAR,0.0,10.0,16.6,0.31,0,50,66,1.32,GOLD,37.85,0.0,0.02,0.112,0.15,1.28,48.45,37.4,11.05,0.8774,1,0
REQ-003325,13,FINANCIAL_DISTRICT,AIRPORT,COMFORT,26.91,57.9,CLEAR,0.0,10.0,31.6,0.14,0,29,42,1.45,REGULAR,74.95,0.0,0.0,0.157,0.0,1.16,86.94,66.4,20.54,0.8552,1,0
REQ-003326,8,FINANCIAL_DISTRICT,TECH_CORRIDOR,XL,14.4,38.2,CLEAR,0.0,10.0,12.6,0.59,0,8,54,6.75,REGULAR,59.16,0.0,0.337,1.2,0.2,2.74,162.1,131.87,30.23,0.1175,0,0
REQ-003327,5,DOWNTOWN,TECH_CORRIDOR,XL,6.75,15.5,DRIZZLE,0.0,10.0,22.1,0.38,0,25,57,2.28,REGULAR,29.48,0.1,0.048,0.448,0.0,1.6,47.17,37.15,10.02,0.6726,0,0
REQ-003328,19,AIRPORT,SUBURB_NORTH,STANDARD,21.59,58.6,CLEAR,0.0,10.0,13.6,0.62,0,55,51,0.93,REGULAR,50.5,0.025,0.372,0.0,0.25,1.65,83.32,65.77,17.55,0.6457,1,0
REQ-003329,3,SUBURB_NORTH,TECH_CORRIDOR,COMFORT,11.0,30.8,RAIN,14.3,4.7,13.1,0.23,0,26,80,3.08,PLATINUM,36.51,0.411,0.002,0.728,0.15,2.29,83.61,67.42,16.19,0.476,1,0
REQ-003330,16,TECH_CORRIDOR,AIRPORT,COMFORT,13.17,30.1,HEAVY_RAIN,47.4,2.2,5.2,0.27,0,43,16,0.37,REGULAR,39.78,1.12,0.009,0.0,0.0,2.13,84.73,68.04,16.69,0.3654,1,0
REQ-003331,4,SUBURB_NORTH,DOWNTOWN,COMFORT,6.45,11.9,CLEAR,0.0,10.0,21.9,0.33,0,20,54,2.7,REGULAR,20.5,0.0,0.027,0.595,0.0,1.62,33.21,26.18,7.03,0.662,1,0
REQ-003332,18,DOWNTOWN,AIRPORT,STANDARD,20.97,52.1,CLEAR,0.0,10.0,27.8,0.48,1,8,31,3.88,REGULAR,47.44,0.0,0.226,1.008,0.25,2.48,117.65,95.26,22.39,0.1991,0,0
REQ-003333,16,FINANCIAL_DISTRICT,SUBURB_NORTH,PREMIUM,16.88,49.0,THUNDERSTORM,29.9,2.5,23.7,0.15,0,10,39,3.9,REGULAR,96.91,1.14,0.0,1.015,0.0,3.15,305.27,249.79,55.48,0.0474,0,0
REQ-003334,7,DOWNTOWN,FINANCIAL_DISTRICT,PREMIUM,14.31,26.4,CLEAR,0.0,10.0,19.4,0.75,1,32,79,2.47,REGULAR,70.51,0.0,0.661,0.515,0.2,2.38,167.81,135.59,32.22,0.2401,0,0
REQ-003335,10,DOWNTOWN,SUBURB_NORTH,COMFORT,26.84,50.2,CLEAR,0.0,10.0,14.7,0.11,0,32,15,0.47,REGULAR,71.38,0.016,0.0,0.0,0.0,1.02,72.81,54.75,18.06,0.8921,1,0
REQ-003336,3,TECH_CORRIDOR,SUBURB_NORTH,XL,17.02,52.5,RAIN,4.3,8.0,29.2,0.17,0,23,70,3.04,REGULAR,73.24,0.298,0.0,0.714,0.15,2.16,158.2,127.15,31.05,0.3489,1,0
REQ-003337,16,DOWNTOWN,FINANCIAL_DISTRICT,COMFORT,10.22,26.6,CLEAR,0.0,10.0,23.6,0.14,1,44,66,1.5,REGULAR,33.33,0.0,0.12,0.175,0.0,1.3,43.33,33.5,9.83,0.8085,1,0
REQ-003338,21,SUBURB_NORTH,DOWNTOWN,XL,10.12,31.5,HEAVY_RAIN,52.4,2.3,20.3,0.19,0,56,51,0.91,GOLD,46.15,1.17,0.0,0.0,0.0,2.17,100.15,80.51,19.64,0.4581,1,0
REQ-003339,1,TECH_CORRIDOR,AIRPORT,PREMIUM,19.46,52.9,CLEAR,0.0,10.0,31.6,0.08,0,11,39,3.55,REGULAR,107.45,0.0,0.0,0.892,0.15,2.04,219.2,175.57,43.63,0.4168,1,0
REQ-003340,5,FINANCIAL_DISTRICT,SUBURB_NORTH,COMFORT,4.97,15.4,CLEAR,0.0,10.0,5.3,0.3,0,54,79,1.46,REGULAR,19.63,0.0,0.017,0.161,0.0,1.18,23.16,17.72,5.44,0.8492,1,0
REQ-003341,1,FINANCIAL_DISTRICT,DOWNTOWN,XL,19.33,49.5,CLEAR,0.0,10.0,6.7,0.39,0,52,76,1.46,GOLD,76.29,0.0,0.053,0.161,0.15,1.36,103.75,80.56,23.19,0.8552,1,0
REQ-003342,12,AIRPORT,SUBURB_NORTH,STANDARD,18.22,51.3,CLEAR,0.0,10.0,20.7,0.13,0,27,80,2.96,REGULAR,43.72,0.0,0.0,0.686,0.0,1.69,73.89,58.43,15.46,0.6234,1,0
REQ-003343,0,FINANCIAL_DISTRICT,TECH_CORRIDOR,XL,2.6,7.5,DRIZZLE,0.0,10.0,20.3,0.1,1,34,41,1.21,REGULAR,15.96,0.1,0.12,0.073,0.15,1.44,22.98,17.94,5.04,0.751,1,0
REQ-003344,18,AIRPORT,FINANCIAL_DISTRICT,COMFORT,12.0,34.6,HEAVY_RAIN,32.6,2.2,21.4,0.45,0,50,52,1.04,GOLD,39.87,0.947,0.086,0.0,0.25,2.28,90.9,73.28,17.62,0.3936,1,0
REQ-003345,18,SUBURB_NORTH,DOWNTOWN,XL,9.41,20.1,DRIZZLE,0.0,10.0,26.3,0.8,0,24,78,3.25,PLATINUM,37.82,0.15,0.614,0.787,0.25,2.8,105.9,86.23,19.67,0.2108,1,0
REQ-003346,2,AIRPORT,SUBURB_NORTH,STANDARD,15.64,41.5,CLEAR,0.0,10.0,5.2,0.21,0,52,37,0.71,REGULAR,37.07,0.0,0.0,0.0,0.15,1.15,42.63,32.53,10.1,0.8581,0,0
REQ-003347,5,FINANCIAL_DISTRICT,DOWNTOWN,PREMIUM,14.24,44.8,CLEAR,0.0,10.0,15.4,0.42,0,36,54,1.5,REGULAR,85.95,0.0,0.069,0.175,0.0,1.24,106.58,82.0,24.58,0.8298,1,0
REQ-003348,1,TECH_CORRIDOR,DOWNTOWN,PREMIUM,9.23,23.3,CLEAR,0.0,10.0,8.0,0.23,0,59,51,0.86,REGULAR,53.64,0.0,0.002,0.0,0.15,1.15,61.69,47.07,14.62,0.8581,1,0
REQ-003349,18,DOWNTOWN,TECH_CORRIDOR,XL,7.59,19.0,CLEAR,0.0,10.0,23.6,0.49,0,54,65,1.2,REGULAR,33.34,0.0,0.113,0.0,0.25,1.36,45.34,35.2,10.14,0.7852,1,0
REQ-003350,3,AIRPORT,FINANCIAL_DISTRICT,XL,25.89,81.2,RAIN,12.2,5.6,19.8,0.05,0,55,58,1.05,PLATINUM,109.09,0.389,0.0,0.0,0.15,1.54,168.0,131.89,36.11,0.8461,1,0
REQ-003351,20,FINANCIAL_DISTRICT,AIRPORT,STANDARD,4.1,10.0,RAIN,3.3,6.5,19.2,0.22,0,28,52,1.86,PLATINUM,11.62,0.287,0.001,0.301,0.0,1.59,18.48,14.55,3.93,0.8298,1,0
REQ-003352,3,DOWNTOWN,FINANCIAL_DISTRICT,COMFORT,21.18,51.9,HEAVY_RAIN,54.1,1.9,17.1,0.16,1,32,69,2.16,REGULAR,62.81,1.2,0.12,0.406,0.15,2.88,180.89,147.48,33.41,0.0869,0,0
REQ-003353,11,DOWNTOWN,FINANCIAL_DISTRICT,XL,24.62,76.8,DRIZZLE,0.0,10.0,28.8,0.09,0,30,79,2.63,REGULAR,103.78,0.1,0.0,0.57,0.0,1.67,173.31,136.94,36.37,0.6346,0,0
REQ-003354,18,TECH_CORRIDOR,AIRPORT,STANDARD,17.47,33.0,HEAVY_RAIN,44.6,2.9,6.8,0.72,1,45,12,0.27,REGULAR,36.39,1.042,0.618,0.0,0.25,2.91,105.89,86.37,19.52,0.0814,0,0
REQ-003355,11,AIRPORT,SUBURB_NORTH,PREMIUM,6.42,18.2,CLEAR,0.0,10.0,8.0,0.27,0,57,37,0.65,GOLD,41.45,0.0,0.009,0.0,0.0,1.01,41.86,31.44,10.42,0.9319,0,0
REQ-003356,11,DOWNTOWN,TECH_CORRIDOR,PREMIUM,12.15,28.7,RAIN,13.2,6.6,9.9,0.15,0,38,73,1.92,REGULAR,66.41,0.47,0.0,0.322,0.0,1.79,118.87,94.4,24.47,0.5656,0,0
REQ-003357,1,AIRPORT,DOWNTOWN,STANDARD,27.95,61.2,RAIN,8.3,4.9,11.0,0.37,0,14,27,1.93,PLATINUM,59.36,0.343,0.043,0.325,0.15,1.86,110.41,87.91,22.5,0.7183,1,0
REQ-003358,20,SUBURB_NORTH,TECH_CORRIDOR,COMFORT,7.36,22.6,CLEAR,0.0,10.0,9.9,0.08,0,19,63,3.32,REGULAR,26.81,0.0,0.0,0.812,0.0,1.81,48.53,38.57,9.96,0.5538,1,0
REQ-003359,8,FINANCIAL_DISTRICT,AIRPORT,PREMIUM,4.56,10.3,THUNDERSTORM,53.0,2.8,28.8,0.84,0,21,35,1.67,REGULAR,29.53,1.2,0.675,0.234,0.2,3.31,97.74,80.13,17.61,0.0328,0,0
REQ-003360,7,DOWNTOWN,FINANCIAL_DISTRICT,COMFORT,10.43,32.2,CLEAR,0.0,10.0,27.4,0.58,2,37,22,0.59,REGULAR,36.2,0.043,0.565,0.0,0.2,1.81,65.52,52.07,13.45,0.5538,0,0
REQ-003361,12,AIRPORT,FINANCIAL_DISTRICT,COMFORT,4.94,9.4,CLEAR,0.0,10.0,18.7,0.22,0,43,68,1.58,REGULAR,16.88,0.0,0.001,0.203,0.0,1.2,20.26,15.53,4.73,0.8429,1,0
REQ-003362,4,TECH_CORRIDOR,AIRPORT,COMFORT,8.18,18.0,CLEAR,0.0,10.0,9.1,0.42,0,41,69,1.68,GOLD,26.1,0.0,0.069,0.238,0.0,1.31,34.19,26.45,7.74,0.8694,1,0
REQ-003363,3,FINANCIAL_DISTRICT,AIRPORT,STANDARD,7.39,14.7,CLEAR,0.0,10.0,31.5,0.26,0,17,20,1.18,GOLD,17.38,0.0,0.007,0.0,0.15,1.16,20.16,15.4,4.76,0.9052,1,0
REQ-003364,21,AIRPORT,SUBURB_NORTH,PREMIUM,8.83,25.9,CLEAR,0.0,10.0,8.6,0.2,0,20,34,1.7,REGULAR,54.73,0.023,0.0,0.245,0.0,1.27,69.51,53.61,15.9,0.8194,0,0
REQ-003365,22,DOWNTOWN,TECH_CORRIDOR,STANDARD,17.42,38.8,RAIN,10.6,7.5,29.2,0.42,0,30,35,1.17,REGULAR,38.36,0.372,0.069,0.0,0.0,1.44,55.24,43.12,12.12,0.751,0,0
REQ-003366,9,DOWNTOWN,TECH_CORRIDOR,STANDARD,21.49,40.0,BLIZZARD,47.6,1.7,-5.5,0.55,0,47,32,0.68,REGULAR,43.86,1.2,0.294,0.0,0.2,2.69,117.98,95.9,22.08,0.1306,1,0
REQ-003367,14,FINANCIAL_DISTRICT,AIRPORT,XL,27.43,54.3,CLEAR,0.0,10.0,31.8,0.45,0,59,55,0.93,PLATINUM,96.18,0.0,0.086,0.0,0.0,1.09,104.84,79.5,25.34,0.9418,1,0
REQ-003368,10,TECH_CORRIDOR,SUBURB_NORTH,COMFORT,25.86,48.9,CLEAR,0.0,10.0,31.7,0.35,1,58,37,0.64,GOLD,69.17,0.0,0.154,0.0,0.0,1.15,79.55,60.7,18.85,0.9072,1,0
REQ-003369,22,SUBURB_NORTH,TECH_CORRIDOR,XL,5.27,14.2,DRIZZLE,0.0,10.0,8.1,0.25,0,23,19,0.83,REGULAR,25.59,0.114,0.005,0.0,0.0,1.12,28.66,21.8,6.86,0.8667,1,0
REQ-003370,10,DOWNTOWN,FINANCIAL_DISTRICT,XL,12.2,22.8,CLEAR,0.0,10.0,29.9,0.19,0,59,61,1.03,GOLD,45.3,0.0,0.0,0.0,0.0,1.0,45.3,33.97,11.33,0.9334,1,0
REQ-003371,4,FINANCIAL_DISTRICT,SUBURB_NORTH,COMFORT,14.28,38.4,CLEAR,0.0,10.0,24.1,0.38,0,8,31,3.88,REGULAR,45.34,0.0,0.048,1.008,0.0,2.06,93.4,74.86,18.54,0.4052,1,0
REQ-003372,19,AIRPORT,SUBURB_NORTH,STANDARD,14.78,47.2,RAIN,11.5,5.4,17.8,0.54,0,18,80,4.44,REGULAR,37.99,0.379,0.282,1.2,0.25,3.11,118.15,96.63,21.52,0.052,0,0
REQ-003373,10,FINANCIAL_DISTRICT,DOWNTOWN,COMFORT,24.71,71.2,DRIZZLE,0.0,10.0,12.0,0.33,0,12,61,5.08,REGULAR,77.31,0.1,0.027,1.2,0.0,2.33,180.13,145.38,34.75,0.2627,0,0
REQ-003374,22,SUBURB_NORTH,DOWNTOWN,COMFORT,5.77,12.1,CLEAR,0.0,10.0,12.3,0.17,0,58,48,0.83,REGULAR,19.47,0.0,0.0,0.0,0.0,1.0,19.47,14.6,4.87,0.8966,1,0
REQ-003375,8,SUBURB_NORTH,AIRPORT,XL,27.24,52.1,CLEAR,0.0,10.0,22.0,0.68,0,32,17,0.53,REGULAR,94.46,0.0,0.446,0.0,0.2,1.65,155.86,123.04,32.82,0.6457,1,0
REQ-003376,14,TECH_CORRIDOR,DOWNTOWN,XL,8.09,20.6,CLEAR,0.0,10.0,12.6,0.43,1,54,55,1.02,REGULAR,35.35,0.0,0.194,0.0,0.0,1.19,42.07,32.22,9.85,0.8461,1,0
REQ-003377,0,FINANCIAL_DISTRICT,SUBURB_NORTH,STANDARD,23.74,57.4,HEAVY_RAIN,51.8,1.6,28.2,0.43,0,9,40,4.44,GOLD,52.76,1.2,0.074,1.2,0.15,3.5,184.66,151.69,32.97,0.0336,0,1
REQ-003378,22,FINANCIAL_DISTRICT,SUBURB_NORTH,PREMIUM,16.54,33.5,CLEAR,0.0,10.0,31.2,0.28,0,50,34,0.68,REGULAR,82.78,0.066,0.011,0.0,0.0,1.08,89.4,67.71,21.69,0.8774,1,0
REQ-003379,0,TECH_CORRIDOR,DOWNTOWN,COMFORT,24.97,70.2,CLEAR,0.0,10.0,21.8,0.31,2,10,60,6.0,REGULAR,77.29,0.0,0.26,1.2,0.15,2.61,201.73,163.74,37.99,0.1539,0,0
REQ-003380,10,DOWNTOWN,SUBURB_NORTH,PREMIUM,5.46,17.2,CLEAR,0.0,10.0,31.5,0.08,0,33,30,0.91,REGULAR,37.91,0.0,0.0,0.0,0.0,1.0,37.91,28.43,9.48,0.8966,1,0
REQ-003381,9,FINANCIAL_DISTRICT,SUBURB_NORTH,COMFORT,23.27,68.9,CLEAR,0.0,10.0,14.8,0.84,1,25,67,2.68,REGULAR,73.91,0.043,0.795,0.588,0.2,2.63,194.38,157.83,36.55,0.1478,0,0
REQ-003382,17,DOWNTOWN,SUBURB_NORTH,XL,12.01,25.2,CLEAR,0.0,10.0,13.8,0.4,1,17,27,1.59,REGULAR,46.34,0.0,0.178,0.207,0.25,1.64,76.0,59.97,16.03,0.6511,1,0
REQ-003383,1,TECH_CORRIDOR,AIRPORT,STANDARD,7.32,14.5,SNOW,13.5,5.0,-7.2,0.06,0,19,29,1.53,GOLD,17.22,0.696,0.0,0.185,0.15,2.03,34.96,27.99,6.97,0.5419,1,0
REQ-003384,18,AIRPORT,DOWNTOWN,PREMIUM,13.09,40.3,CLEAR,0.0,10.0,27.1,0.71,0,43,30,0.7,REGULAR,78.9,0.057,0.484,0.0,0.25,1.79,141.23,112.16,29.07,0.5656,1,0
REQ-003385,21,SUBURB_NORTH,TECH_CORRIDOR,XL,3.57,11.1,CLEAR,0.0,10.0,30.5,0.25,0,45,62,1.38,REGULAR,20.16,0.0,0.005,0.133,0.0,1.14,22.98,17.52,5.46,0.861,1,0
REQ-003386,6,TECH_CORRIDOR,AIRPORT,STANDARD,21.0,41.9,CLEAR,0.0,10.0,29.7,0.11,0,20,65,3.25,GOLD,43.91,0.0,0.0,0.787,0.0,1.79,78.6,62.42,16.18,0.6779,1,0
REQ-003387,10,TECH_CORRIDOR,FINANCIAL_DISTRICT,PREMIUM,3.6,8.9,THUNDERSTORM,31.9,0.6,22.0,0.12,1,47,43,0.91,PLATINUM,25.65,1.2,0.12,0.0,0.0,2.32,59.51,48.02,11.49,0.4581,1,0
REQ-003388,10,SUBURB_NORTH,FINANCIAL_DISTRICT,STANDARD,25.13,57.4,FOG,0.0,10.0,9.4,0.44,0,57,80,1.4,GOLD,54.5,0.2,0.08,0.14,0.0,1.42,77.39,60.33,17.06,0.8364,0,0
REQ-003389,19,AIRPORT,SUBURB_NORTH,STANDARD,6.01,17.7,CLEAR,0.0,10.0,14.9,0.64,0,37,30,0.81,REGULAR,16.7,0.0,0.394,0.0,0.25,1.64,27.39,21.61,5.78,0.6511,1,0
REQ-003390,20,AIRPORT,FINANCIAL_DISTRICT,COMFORT,22.63,66.9,SNOW,11.8,6.8,-7.4,0.09,0,57,33,0.58,REGULAR,71.95,0.681,0.0,0.0,0.0,1.68,120.88,95.55,25.33,0.629,1,0
REQ-003391,23,AIRPORT,FINANCIAL_DISTRICT,STANDARD,10.16,27.7,FOG,0.0,10.0,7.8,0.43,1,58,39,0.67,REGULAR,25.39,0.2,0.194,0.0,0.15,1.54,39.1,30.7,8.4,0.7035,1,0
REQ-003392,1,FINANCIAL_DISTRICT,TECH_CORRIDOR,XL,20.34,62.1,HEAVY_RAIN,46.4,2.5,28.1,0.31,0,36,39,1.08,REGULAR,85.97,1.072,0.02,0.0,0.15,2.24,192.57,155.09,37.48,0.3066,0,0
REQ-003393,18,TECH_CORRIDOR,DOWNTOWN,STANDARD,26.21,65.8,CLEAR,0.0,10.0,14.4,0.73,0,60,47,0.78,REGULAR,58.79,0.0,0.514,0.0,0.25,1.76,103.47,82.07,21.4,0.5832,1,0
REQ-003394,3,AIRPORT,DOWNTOWN,XL,4.72,10.5,CLEAR,0.0,10.0,23.4,0.41,0,44,54,1.23,GOLD,22.21,0.04,0.063,0.08,0.15,1.33,29.54,22.89,6.65,0.8639,1,0
REQ-003395,6,SUBURB_NORTH,FINANCIAL_DISTRICT,COMFORT,17.38,54.0,CLEAR,0.0,10.0,25.7,0.08,0,8,49,6.12,REGULAR,57.48,0.0,0.0,1.2,0.0,2.2,126.46,101.74,24.72,0.3274,0,0
REQ-003396,18,FINANCIAL_DISTRICT,AIRPORT,STANDARD,22.3,61.7,CLEAR,0.0,10.0,25.9,0.54,0,59,33,0.56,GOLD,52.47,0.0,0.282,0.0,0.25,1.53,80.28,62.99,17.29,0.7971,0,0
REQ-003397,15,AIRPORT,FINANCIAL_DISTRICT,PREMIUM,24.86,79.5,HEAVY_RAIN,38.3,0.8,14.1,0.16,0,36,53,1.47,GOLD,145.19,1.166,0.0,0.164,0.0,2.33,338.29,273.03,65.26,0.3654,1,0
REQ-003398,20,SUBURB_NORTH,DOWNTOWN,PREMIUM,9.71,22.9,FOG,0.0,10.0,8.1,0.37,0,16,49,3.06,REGULAR,54.65,0.269,0.043,0.721,0.0,2.03,110.94,88.83,22.11,0.4226,0,0
REQ-003399,13,SUBURB_NORTH,TECH_CORRIDOR,XL,14.76,30.0,DRIZZLE,0.0,10.0,12.4,0.12,1,15,20,1.33,REGULAR,55.0,0.104,0.12,0.116,0.0,1.34,73.7,57.15,16.55,0.7931,1,0
REQ-003400,2,TECH_CORRIDOR,FINANCIAL_DISTRICT,STANDARD,22.41,58.3,CLEAR,0.0,10.0,6.4,0.1,0,59,49,0.83,REGULAR,51.41,0.0,0.0,0.0,0.15,1.15,59.12,45.11,14.01,0.8581,1,0
REQ-003401,18,DOWNTOWN,SUBURB_NORTH,PREMIUM,16.79,32.5,HEAVY_RAIN,31.0,0.8,26.0,0.73,0,52,78,1.5,REGULAR,82.63,1.069,0.513,0.175,0.25,3.01,248.72,203.15,45.57,0.0651,0,0
REQ-003402,5,SUBURB_NORTH,DOWNTOWN,STANDARD,21.49,40.0,CLEAR,0.0,10.0,22.4,0.16,0,18,52,2.89,REGULAR,43.86,0.0,0.0,0.661,0.0,1.66,72.81,57.5,15.31,0.6401,0,0
REQ-003403,20,SUBURB_NORTH,DOWNTOWN,COMFORT,12.04,36.5,CLEAR,0.0,10.0,26.4,0.21,0,8,71,8.88,GOLD,40.8,0.0,0.0,1.2,0.0,2.2,89.76,72.22,17.54,0.4403,1,0
REQ-003404,22,SUBURB_NORTH,FINANCIAL_DISTRICT,COMFORT,22.38,64.5,CLEAR,0.0,10.0,30.2,0.44,0,52,40,0.77,REGULAR,70.46,0.0,0.08,0.0,0.0,1.08,76.1,57.64,18.46,0.8774,0,0
REQ-003405,1,AIRPORT,SUBURB_NORTH,COMFORT,17.14,53.6,CLEAR,0.0,10.0,20.4,0.33,0,28,59,2.11,GOLD,56.9,0.0,0.027,0.388,0.15,1.56,88.76,69.76,19.0,0.7852,1,0
REQ-003406,4,DOWNTOWN,AIRPORT,XL,9.24,28.7,CLEAR,0.0,10.0,10.4,0.31,0,25,47,1.88,REGULAR,42.62,0.0,0.02,0.308,0.0,1.33,56.68,43.92,12.76,0.7971,0,0
REQ-003407,2,AIRPORT,TECH_CORRIDOR,STANDARD,8.86,21.6,CLEAR,0.0,10.0,29.2,0.12,2,56,65,1.16,REGULAR,21.63,0.0,0.24,0.0,0.15,1.39,30.07,23.4,6.67,0.7728,1,0
REQ-003408,0,FINANCIAL_DISTRICT,AIRPORT,COMFORT,2.3,6.3,DRIZZLE,0.0,10.0,9.7,0.05,0,43,27,0.63,REGULAR,11.12,0.1,0.0,0.0,0.15,1.25,13.9,10.7,3.2,0.8264,1,0
REQ-003409,5,AIRPORT,FINANCIAL_DISTRICT,STANDARD,17.85,35.9,CLEAR,0.0,10.0,18.9,0.3,0,60,78,1.3,GOLD,37.87,0.0,0.017,0.105,0.0,1.12,42.41,32.26,10.15,0.9131,1,0
REQ-003410,9,FINANCIAL_DISTRICT,AIRPORT,COMFORT,6.33,12.7,CLEAR,0.0,10.0,12.2,0.8,0,43,77,1.79,PLATINUM,20.65,0.051,0.612,0.276,0.2,2.14,44.19,35.5,8.69,0.5656,0,0
REQ-003411,21,AIRPORT,SUBURB_NORTH,COMFORT,27.76,56.3,SNOW,4.5,6.0,-8.6,0.21,0,13,15,1.15,REGULAR,75.64,0.662,0.0,0.0,0.0,1.66,125.56,99.16,26.4,0.6401,1,0
REQ-003412,3,TECH_CORRIDOR,SUBURB_NORTH,COMFORT,5.81,17.9,CLEAR,0.0,10.0,11.1,0.33,0,19,20,1.05,GOLD,22.14,0.063,0.027,0.0,0.15,1.24,27.45,21.12,6.33,0.8874,1,0
REQ-003413,0,AIRPORT,SUBURB_NORTH,XL,13.61,27.4,RAIN,13.5,8.0,29.5,0.3,0,57,42,0.74,REGULAR,51.02,0.459,0.017,0.0,0.15,1.63,83.16,65.58,17.58,0.6566,1,0
REQ-003414,16,AIRPORT,TECH_CORRIDOR,COMFORT,2.83,7.0,HEAVY_RAIN,34.6,0.6,10.7,0.39,0,11,16,1.45,REGULAR,12.32,1.2,0.053,0.157,0.0,2.41,29.69,24.0,5.69,0.2272,1,0
REQ-003415,7,TECH_CORRIDOR,FINANCIAL_DISTRICT,STANDARD,18.62,45.4,SNOW,12.0,5.5,-0.7,0.63,0,54,50,0.93,REGULAR,42.17,0.549,0.384,0.0,0.2,2.13,89.82,72.13,17.69,0.3654,1,0
REQ-003416,18,FINANCIAL_DISTRICT,SUBURB_NORTH,COMFORT,15.04,37.6,SNOW,5.2,6.1,-3.8,0.53,0,46,47,1.02,REGULAR,46.24,0.591,0.272,0.0,0.25,2.11,97.57,78.31,19.26,0.3766,0,0
REQ-003417,3,DOWNTOWN,AIRPORT,PREMIUM,26.42,80.3,CLEAR,0.0,10.0,23.3,0.29,0,10,55,5.5,REGULAR,150.23,0.0,0.014,1.2,0.15,2.36,354.54,286.34,68.2,0.249,0,0
REQ-003418,22,FINANCIAL_DISTRICT,TECH_CORRIDOR,XL,13.09,39.5,CLEAR,0.0,10.0,31.3,0.08,0,9,18,2.0,REGULAR,57.19,0.0,0.0,0.35,0.0,1.35,77.21,59.91,17.3,0.7892,1,0
REQ-003419,15,AIRPORT,SUBURB_NORTH,PREMIUM,13.82,41.8,CLEAR,0.0,10.0,8.0,0.23,0,52,75,1.44,REGULAR,82.23,0.049,0.002,0.154,0.0,1.2,98.68,75.66,23.02,0.8429,1,0
REQ-003420,23,SUBURB_NORTH,DOWNTOWN,PREMIUM,14.69,36.6,RAIN,3.6,4.1,9.5,0.35,0,51,10,0.2,PLATINUM,80.24,0.29,0.034,0.0,0.15,1.47,117.95,92.23,25.72,0.8667,1,0
REQ-003421,3,FINANCIAL_DISTRICT,AIRPORT,XL,5.14,13.1,RAIN,11.5,7.2,5.5,0.3,0,22,75,3.41,PLATINUM,24.65,0.404,0.017,0.844,0.15,2.41,59.41,48.03,11.38,0.4052,0,0
REQ-003422,7,FINANCIAL_DISTRICT,SUBURB_NORTH,XL,7.35,21.7,CLEAR,0.0,10.0,10.9,0.72,0,58,44,0.76,REGULAR,34.46,0.0,0.499,0.0,0.2,1.7,58.58,46.35,12.23,0.6177,1,0
REQ-003423,18,TECH_CORRIDOR,DOWNTOWN,PREMIUM,20.25,52.5,CLEAR,0.0,10.0,8.7,0.66,0,10,28,2.8,PLATINUM,109.32,0.0,0.421,0.63,0.25,2.3,251.44,202.79,48.65,0.47,1,0
REQ-003424,1,TECH_CORRIDOR,SUBURB_NORTH,COMFORT,24.73,47.8,CLEAR,0.0,10.0,5.8,0.38,0,10,38,3.8,REGULAR,66.81,0.067,0.048,0.98,0.15,2.24,149.65,120.52,29.13,0.3066,0,0
REQ-003425,14,TECH_CORRIDOR,DOWNTOWN,XL,16.18,40.0,DRIZZLE,0.0,10.0,23.9,0.35,0,25,45,1.8,REGULAR,63.98,0.167,0.034,0.28,0.0,1.48,94.69,74.09,20.6,0.7326,1,0
REQ-003426,5,AIRPORT,DOWNTOWN,STANDARD,4.75,10.3,CLEAR,0.0,10.0,31.2,0.41,0,40,15,0.38,REGULAR,12.54,0.0,0.063,0.0,0.0,1.06,13.29,10.04,3.25,0.8825,1,0
REQ-003427,5,TECH_CORRIDOR,AIRPORT,COMFORT,24.21,44.1,DRIZZLE,0.0,10.0,17.8,0.37,0,31,30,0.97,REGULAR,64.3,0.175,0.043,0.0,0.0,1.22,78.45,60.25,18.2,0.8364,1,0
REQ-003428,22,FINANCIAL_DISTRICT,TECH_CORRIDOR,COMFORT,8.28,24.9,CLEAR,0.0,10.0,12.8,0.2,0,34,69,2.03,REGULAR,29.37,0.001,0.0,0.36,0.0,1.36,39.94,31.01,8.93,0.7852,1,0
REQ-003429,20,TECH_CORRIDOR,SUBURB_NORTH,COMFORT,14.09,34.6,DRIZZLE,0.0,10.0,23.9,0.19,0,33,52,1.58,REGULAR,43.32,0.1,0.0,0.203,0.0,1.3,56.32,43.54,12.78,0.8085,1,0
REQ-003430,13,DOWNTOWN,TECH_CORRIDOR,COMFORT,8.75,23.7,RAIN,10.1,6.0,16.5,0.44,0,44,21,0.48,GOLD,29.6,0.364,0.08,0.0,0.0,1.44,42.62,33.27,9.35,0.8298,1,0
REQ-003431,19,FINANCIAL_DISTRICT,TECH_CORRIDOR,STANDARD,10.47,29.9,CLEAR,0.0,10.0,29.8,0.43,2,38,70,1.84,REGULAR,26.55,0.0,0.314,0.294,0.25,1.86,49.38,39.32,10.06,0.524,0,0
REQ-003432,2,DOWNTOWN,AIRPORT,PREMIUM,7.29,19.6,DRIZZLE,0.0,10.0,18.1,0.13,0,54,75,1.39,REGULAR,45.07,0.105,0.0,0.136,0.15,1.39,62.65,48.75,13.9,0.7728,1,0
REQ-003433,20,TECH_CORRIDOR,FINANCIAL_DISTRICT,COMFORT,14.34,43.4,CLEAR,0.0,10.0,15.0,0.19,0,38,30,0.79,REGULAR,47.69,0.0,0.0,0.0,0.0,1.0,47.69,35.77,11.92,0.8966,0,0
REQ-003434,21,TECH_CORRIDOR,FINANCIAL_DISTRICT,XL,9.35,22.6,RAIN,8.5,7.3,17.3,0.42,0,57,43,0.75,REGULAR,39.2,0.346,0.069,0.0,0.0,1.42,55.66,43.39,12.27,0.7599,1,0
REQ-003435,17,SUBURB_NORTH,DOWNTOWN,COMFORT,14.28,37.9,HEAVY_RAIN,27.6,1.4,27.2,0.84,0,21,13,0.62,REGULAR,45.11,0.971,0.674,0.0,0.25,2.9,130.82,106.69,24.13,0.0832,0,0
REQ-003436,5,SUBURB_NORTH,DOWNTOWN,STANDARD,6.6,21.0,SNOW,14.3,7.6,-3.0,0.37,1,35,71,2.03,REGULAR,18.6,0.692,0.163,0.36,0.0,2.21,41.11,33.08,8.03,0.3221,1,0
REQ-003437,23,SUBURB_NORTH,FINANCIAL_DISTRICT,COMFORT,20.44,58.4,CLEAR,0.0,10.0,10.4,0.1,0,26,47,1.81,REGULAR,64.51,0.0,0.0,0.283,0.15,1.43,92.25,71.96,20.29,0.7555,1,0
REQ-003438,5,TECH_CORRIDOR,FINANCIAL_DISTRICT,XL,2.73,8.3,CLEAR,0.0,10.0,23.8,0.16,0,12,79,6.58,REGULAR,16.71,0.0,0.0,1.2,0.0,2.2,36.76,29.57,7.19,0.3274,0,0
REQ-003439,21,DOWNTOWN,AIRPORT,XL,14.52,38.7,CLEAR,0.0,10.0,29.6,0.26,1,14,72,5.14,REGULAR,59.71,0.0,0.127,1.2,0.0,2.33,139.12,112.28,26.84,0.2627,0,0
REQ-003440,13,DOWNTOWN,AIRPORT,PREMIUM,11.11,23.3,HEAVY_RAIN,47.3,2.9,12.0,0.34,1,46,58,1.26,REGULAR,58.91,1.042,0.15,0.091,0.0,2.28,134.31,108.27,26.04,0.2866,0,0
REQ-003441,16,DOWNTOWN,SUBURB_NORTH,XL,3.78,7.6,RAIN,6.3,6.5,16.5,0.26,1,44,43,0.98,REGULAR,18.5,0.321,0.127,0.0,0.0,1.45,26.82,20.95,5.87,0.7465,0,0
REQ-003442,6,TECH_CORRIDOR,AIRPORT,XL,18.48,56.9,DRIZZLE,0.0,10.0,6.5,0.07,0,43,67,1.56,GOLD,78.95,0.145,0.0,0.196,0.0,1.34,105.79,82.03,23.76,0.861,0,0
REQ-003443,10,TECH_CORRIDOR,SUBURB_NORTH,COMFORT,5.62,17.7,CLEAR,0.0,10.0,24.7,0.07,0,23,25,1.09,REGULAR,21.73,0.0,0.0,0.0,0.0,1.0,21.73,16.3,5.43,0.8966,1,0
REQ-003444,21,FINANCIAL_DISTRICT,TECH_CORRIDOR,COMFORT,11.69,35.4,RAIN,12.7,7.7,21.9,0.06,0,29,42,1.45,GOLD,39.72,0.393,0.0,0.157,0.0,1.55,61.57,48.36,13.21,0.7892,1,0
REQ-003445,15,SUBURB_NORTH,FINANCIAL_DISTRICT,COMFORT,18.09,43.7,CLEAR,0.0,10.0,20.2,0.18,1,20,79,3.95,REGULAR,54.02,0.07,0.12,1.032,0.0,2.22,119.92,96.53,23.39,0.3169,0,0
REQ-003446,1,SUBURB_NORTH,TECH_CORRIDOR,XL,2.34,6.5,CLEAR,0.0,10.0,17.6,0.3,0,25,78,3.12,REGULAR,14.81,0.0,0.017,0.742,0.15,1.91,28.29,22.57,5.72,0.494,1,0
REQ-003447,5,AIRPORT,SUBURB_NORTH,XL,8.52,23.4,DRIZZLE,0.0,10.0,29.6,0.2,1,28,76,2.71,REGULAR,37.93,0.1,0.12,0.598,0.0,1.82,69.03,54.88,14.15,0.5479,1,0
REQ-003448,22,AIRPORT,FINANCIAL_DISTRICT,COMFORT,15.98,47.5,CLEAR,0.0,10.0,24.1,0.29,0,13,72,5.54,GOLD,52.25,0.0,0.014,1.2,0.0,2.21,115.47,92.92,22.55,0.4344,0,0
REQ-003449,17,TECH_CORRIDOR,SUBURB_NORTH,COMFORT,12.8,27.4,RAIN,7.2,5.0,31.0,0.7,0,29,23,0.79,REGULAR,37.95,0.331,0.471,0.0,0.25,2.05,77.8,62.33,15.47,0.411,0,0
REQ-003450,1,DOWNTOWN,TECH_CORRIDOR,COMFORT,12.97,39.1,CLEAR,0.0,10.0,27.2,0.13,0,24,67,2.79,REGULAR,43.5,0.0,0.0,0.626,0.15,1.78,77.43,61.47,15.96,0.5715,0,0
REQ-003451,22,DOWNTOWN,AIRPORT,PREMIUM,10.73,27.2,DRIZZLE,0.0,10.0,18.1,0.25,0,45,71,1.58,PLATINUM,61.16,0.181,0.005,0.203,0.0,1.39,85.01,66.14,18.87,0.8874,0,0
REQ-003452,12,DOWNTOWN,TECH_CORRIDOR,PREMIUM,15.39,28.6,CLEAR,0.0,10.0,7.8,0.35,0,49,48,0.98,GOLD,75.4,0.0,0.034,0.0,0.0,1.03,77.66,58.47,19.19,0.9288,1,0
REQ-003453,10,FINANCIAL_DISTRICT,DOWNTOWN,PREMIUM,18.65,59.5,CLEAR,0.0,10.0,17.5,0.42,0,41,53,1.29,GOLD,110.79,0.05,0.069,0.102,0.0,1.22,135.16,103.81,31.35,0.8921,1,0
REQ-003454,13,TECH_CORRIDOR,FINANCIAL_DISTRICT,XL,16.05,37.3,CLEAR,0.0,10.0,30.5,0.12,0,13,19,1.46,GOLD,62.09,0.0,0.0,0.161,0.0,1.16,72.02,55.01,17.01,0.9052,1,0
REQ-003455,20,AIRPORT,FINANCIAL_DISTRICT,PREMIUM,13.8,42.5,CLEAR,0.0,10.0,30.5,0.21,0,42,20,0.48,REGULAR,82.76,0.0,0.0,0.0,0.0,1.0,82.76,62.07,20.69,0.8966,1,0
REQ-003456,8,FINANCIAL_DISTRICT,TECH_CORRIDOR,COMFORT,2.69,6.9,CLEAR,0.0,10.0,27.0,0.74,0,34,15,0.44,REGULAR,12.05,0.0,0.527,0.0,0.2,1.73,20.85,16.52,4.33,0.6006,0,0
REQ-003457,22,AIRPORT,FINANCIAL_DISTRICT,COMFORT,8.21,18.6,HEAVY_RAIN,28.4,1.8,24.6,0.31,0,17,55,3.24,GOLD,26.42,0.94,0.02,0.784,0.0,2.74,72.39,58.89,13.5,0.1771,0,0
REQ-003458,12,TECH_CORRIDOR,FINANCIAL_DISTRICT,COMFORT,21.38,66.6,CLEAR,0.0,10.0,13.7,0.29,0,10,12,1.2,REGULAR,69.75,0.0,0.014,0.0,0.0,1.01,70.45,52.91,17.54,0.8944,1,0
REQ-003459,23,DOWNTOWN,FINANCIAL_DISTRICT,STANDARD,2.51,7.7,CLEAR,0.0,10.0,16.1,0.27,0,33,42,1.27,REGULAR,8.83,0.0,0.009,0.095,0.15,1.25,11.04,8.5,2.54,0.8264,1,0
REQ-003460,15,TECH_CORRIDOR,DOWNTOWN,PREMIUM,27.29,54.6,DRIZZLE,0.0,10.0,26.0,0.11,0,56,30,0.54,REGULAR,130.82,0.1,0.0,0.0,0.0,1.1,143.9,109.23,34.67,0.8721,1,0
REQ-003461,6,FINANCIAL_DISTRICT,AIRPORT,STANDARD,11.4,23.7,CLEAR,0.0,10.0,31.6,0.11,0,37,60,1.62,GOLD,25.54,0.076,0.0,0.217,0.0,1.29,32.95,25.45,7.5,0.8748,0,0
REQ-003462,6,SUBURB_NORTH,FINANCIAL_DISTRICT,XL,5.54,15.8,CLEAR,0.0,10.0,5.7,0.07,0,10,24,2.4,REGULAR,27.11,0.028,0.0,0.49,0.0,1.52,41.21,32.32,8.89,0.7134,0,0
REQ-003463,17,AIRPORT,SUBURB_NORTH,PREMIUM,2.51,5.3,THUNDERSTORM,30.6,0.8,25.1,0.65,0,16,36,2.25,REGULAR,19.53,1.2,0.407,0.438,0.25,3.3,64.45,52.83,11.62,0.0336,0,0
REQ-003464,15,FINANCIAL_DISTRICT,SUBURB_NORTH,PREMIUM,11.81,23.0,CLEAR,0.0,10.0,22.2,0.44,0,27,23,0.85,REGULAR,60.62,0.034,0.08,0.0,0.0,1.11,67.29,51.13,16.16,0.8694,1,0
REQ-003465,22,SUBURB_NORTH,TECH_CORRIDOR,COMFORT,25.89,53.5,CLEAR,0.0,10.0,28.6,0.31,0,18,77,4.28,REGULAR,71.29,0.0,0.02,1.148,0.0,2.17,154.7,124.37,30.33,0.3434,0,0
REQ-003466,21,SUBURB_NORTH,FINANCIAL_DISTRICT,XL,11.53,26.5,FOG,0.0,10.0,6.8,0.29,0,24,54,2.25,REGULAR,46.11,0.2,0.014,0.438,0.0,1.65,76.08,60.06,16.02,0.6457,1,0
REQ-003467,18,AIRPORT,SUBURB_NORTH,COMFORT,26.54,50.9,CLEAR,0.0,10.0,12.3,0.43,0,26,42,1.62,REGULAR,71.2,0.001,0.074,0.217,0.25,1.54,109.65,86.08,23.57,0.7035,1,0
REQ-003468,2,TECH_CORRIDOR,DOWNTOWN,XL,10.14,29.2,CLEAR,0.0,10.0,6.0,0.25,2,36,19,0.53,REGULAR,44.81,0.01,0.245,0.0,0.15,1.4,62.73,48.84,13.89,0.7685,1,0
REQ-003469,3,SUBURB_NORTH,DOWNTOWN,XL,26.5,50.2,RAIN,3.1,5.1,19.6,0.19,1,11,77,7.0,REGULAR,91.77,0.285,0.12,1.2,0.15,2.75,252.37,205.34,47.03,0.1151,0,0
REQ-003470,13,AIRPORT,FINANCIAL_DISTRICT,XL,19.62,44.4,SNOW,9.2,7.3,-5.7,0.31,0,14,68,4.86,REGULAR,73.84,0.685,0.02,1.2,0.0,2.91,214.87,175.26,39.61,0.0814,0,0
REQ-003471,6,SUBURB_NORTH,TECH_CORRIDOR,COMFORT,17.61,35.2,DRIZZLE,0.0,10.0,26.8,0.28,1,8,58,7.25,REGULAR,49.4,0.1,0.131,1.2,0.0,2.43,120.04,97.09,22.95,0.2189,0,0
REQ-003472,23,SUBURB_NORTH,FINANCIAL_DISTRICT,COMFORT,10.69,27.1,CLEAR,0.0,10.0,20.2,0.32,0,37,56,1.51,REGULAR,34.34,0.053,0.023,0.178,0.15,1.4,48.08,37.43,10.65,0.7685,1,0
REQ-003473,22,SUBURB_NORTH,TECH_CORRIDOR,STANDARD,3.04,7.7,CLEAR,0.0,10.0,30.6,0.23,0,29,37,1.28,REGULAR,9.49,0.0,0.002,0.098,0.0,1.1,10.44,7.92,2.52,0.8721,1,0
REQ-003474,5,AIRPORT,FINANCIAL_DISTRICT,COMFORT,6.06,17.9,HEAVY_RAIN,33.5,1.6,26.2,0.13,0,55,27,0.49,GOLD,22.55,1.017,0.0,0.0,0.0,2.02,45.55,36.46,9.09,0.5479,1,0
REQ-003475,13,DOWNTOWN,FINANCIAL_DISTRICT,XL,25.29,60.1,CLEAR,0.0,10.0,30.0,0.15,1,46,51,1.11,GOLD,95.17,0.067,0.12,0.0,0.0,1.19,113.25,86.75,26.5,0.8988,0,0
REQ-003476,3,DOWNTOWN,SUBURB_NORTH,COMFORT,3.6,9.4,HEAVY_RAIN,52.6,0.8,30.1,0.16,0,10,79,7.9,REGULAR,14.67,1.2,0.0,1.2,0.15,3.5,51.34,42.17,9.17,0.021,0,1
REQ-003477,22,FINANCIAL_DISTRICT,SUBURB_NORTH,STANDARD,19.25,57.3,CLEAR,0.0,10.0,24.7,0.4,0,41,60,1.46,REGULAR,47.11,0.059,0.058,0.161,0.0,1.28,60.3,46.54,13.76,0.8158,1,0
REQ-003478,14,AIRPORT,FINANCIAL_DISTRICT,COMFORT,11.14,33.3,CLEAR,0.0,10.0,14.5,0.33,0,27,28,1.04,REGULAR,37.86,0.0,0.027,0.0,0.0,1.03,39.0,29.36,9.64,0.8897,1,0
REQ-003479,11,AIRPORT,DOWNTOWN,STANDARD,17.68,35.4,CLEAR,0.0,10.0,16.0,0.29,1,19,32,1.68,REGULAR,37.49,0.0,0.134,0.238,0.0,1.37,51.36,39.91,11.45,0.7811,1,0
REQ-003480,8,TECH_CORRIDOR,AIRPORT,COMFORT,6.96,20.2,DRIZZLE,0.0,10.0,17.2,0.48,1,52,38,0.73,REGULAR,25.07,0.1,0.226,0.0,0.2,1.53,38.36,30.1,8.26,0.7085,1,0
REQ-003481,9,SUBURB_NORTH,TECH_CORRIDOR,COMFORT,5.13,11.1,DRIZZLE,0.0,10.0,19.0,0.5,1,22,18,0.82,PLATINUM,17.96,0.1,0.24,0.0,0.2,1.54,27.66,21.71,5.95,0.8461,1,0
REQ-003482,9,AIRPORT,FINANCIAL_DISTRICT,COMFORT,21.01,43.7,THUNDERSTORM,59.3,2.1,10.9,0.72,0,30,75,2.5,REGULAR,58.84,1.2,0.499,0.525,0.2,3.42,201.23,165.16,36.07,0.0254,0,0
REQ-003483,12,SUBURB_NORTH,AIRPORT,XL,26.02,69.8,HEAVY_RAIN,56.3,2.0,6.8,0.4,0,9,41,4.56,GOLD,102.52,1.2,0.058,1.2,0.0,3.46,354.72,291.26,63.46,0.0368,0,0
REQ-003484,20,AIRPORT,DOWNTOWN,XL,19.4,53.3,CLEAR,0.0,10.0,28.3,0.26,0,37,62,1.68,REGULAR,78.72,0.065,0.007,0.238,0.0,1.31,103.12,79.78,23.34,0.8047,1,0
REQ-003485,22,AIRPORT,DOWNTOWN,XL,12.29,23.8,CLEAR,0.0,10.0,25.9,0.09,0,46,79,1.72,REGULAR,46.09,0.0,0.0,0.252,0.0,1.25,57.61,44.36,13.25,0.8264,1,0
REQ-003486,19,TECH_CORRIDOR,SUBURB_NORTH,STANDARD,4.25,11.0,CLEAR,0.0,10.0,18.2,0.6,1,37,11,0.3,GOLD,12.16,0.002,0.467,0.0,0.25,1.72,20.92,16.57,4.35,0.7134,0,0
REQ-003487,20,SUBURB_NORTH,FINANCIAL_DISTRICT,STANDARD,11.26,26.7,HEAVY_RAIN,27.4,1.5,15.1,0.08,1,47,71,1.51,REGULAR,26.41,1.003,0.12,0.178,0.0,2.3,60.74,48.99,11.75,0.2769,1,0
REQ-003488,17,AIRPORT,FINANCIAL_DISTRICT,XL,21.86,65.5,RAIN,11.8,7.1,21.3,0.72,1,54,10,0.19,REGULAR,91.21,0.43,0.619,0.0,0.25,2.3,209.78,169.19,40.59,0.2769,0,0
REQ-003489,15,FINANCIAL_DISTRICT,TECH_CORRIDOR,STANDARD,2.84,8.4,RAIN,4.5,7.8,14.9,0.1,0,59,35,0.59,GOLD,9.49,0.332,0.0,0.0,0.0,1.33,12.62,9.78,2.84,0.8639,1,0
REQ-003490,6,TECH_CORRIDOR,DOWNTOWN,XL,12.65,27.2,FOG,0.0,10.0,28.6,0.36,1,11,45,4.09,GOLD,48.89,0.2,0.159,1.081,0.0,2.44,119.29,96.51,22.78,0.3066,0,0
REQ-003491,0,DOWNTOWN,FINANCIAL_DISTRICT,PREMIUM,21.81,61.6,DRIZZLE,0.0,10.0,20.3,0.43,2,28,48,1.71,PLATINUM,121.43,0.1,0.314,0.248,0.15,1.81,219.79,174.68,45.11,0.7419,1,0
REQ-003492,11,FINANCIAL_DISTRICT,DOWNTOWN,STANDARD,7.78,15.0,CLEAR,0.0,10.0,17.0,0.28,0,14,40,2.86,REGULAR,17.97,0.069,0.011,0.651,0.0,1.73,31.09,24.63,6.46,0.6006,0,0
REQ-003493,13,DOWNTOWN,SUBURB_NORTH,XL,20.0,48.6,CLEAR,0.0,10.0,28.9,0.27,0,48,44,0.92,REGULAR,77.16,0.0,0.009,0.0,0.0,1.01,77.93,58.52,19.41,0.8944,1,0
REQ-003494,7,DOWNTOWN,AIRPORT,STANDARD,9.69,22.0,RAIN,6.4,6.6,26.0,0.75,0,42,42,1.0,GOLD,22.81,0.353,0.541,0.0,0.2,2.09,47.67,38.24,9.43,0.506,1,0
REQ-003495,4,TECH_CORRIDOR,AIRPORT,XL,15.93,29.9,CLEAR,0.0,10.0,24.4,0.32,1,43,16,0.37,REGULAR,57.39,0.076,0.143,0.0,0.0,1.22,70.02,53.78,16.24,0.8364,1,0
REQ-003496,23,SUBURB_NORTH,FINANCIAL_DISTRICT,XL,6.6,17.3,RAIN,6.4,7.6,14.5,0.33,0,39,48,1.23,REGULAR,30.24,0.385,0.027,0.08,0.15,1.64,49.59,39.13,10.46,0.6511,1,0
REQ-003497,9,DOWNTOWN,AIRPORT,STANDARD,12.81,36.0,CLEAR,0.0,10.0,24.6,0.71,0,36,54,1.5,PLATINUM,31.61,0.0,0.485,0.175,0.2,1.86,58.79,46.81,11.98,0.7183,1,0
REQ-003498,18,FINANCIAL_DISTRICT,TECH_CORRIDOR,COMFORT,10.78,29.8,HEAVY_RAIN,25.0,1.3,19.1,0.83,0,55,34,0.62,REGULAR,35.7,0.951,0.66,0.0,0.25,2.86,102.1,83.21,18.89,0.0908,0,0
REQ-003499,14,FINANCIAL_DISTRICT,SUBURB_NORTH,STANDARD,6.79,21.5,THUNDERSTORM,30.5,1.5,20.6,0.26,0,38,11,0.29,REGULAR,19.01,1.2,0.007,0.0,0.0,2.21,42.01,33.81,8.2,0.3221,0,0
REQ-003500,21,SUBURB_NORTH,AIRPORT,COMFORT,6.23,18.1,HEAVY_RAIN,46.7,2.9,29.5,0.17,0,25,27,1.08,PLATINUM,22.93,1.035,0.0,0.0,0.0,2.04,46.78,37.47,9.31,0.6234,0,0
REQ-003501,11,FINANCIAL_DISTRICT,AIRPORT,PREMIUM,18.66,48.0,THUNDERSTORM,53.7,1.4,5.9,0.09,0,42,35,0.83,REGULAR,101.05,1.2,0.0,0.0,0.0,2.2,222.31,178.86,43.45,0.3274,0,0
REQ-003502,23,AIRPORT,FINANCIAL_DISTRICT,PREMIUM,24.66,61.9,DRIZZLE,0.0,10.0,13.2,0.28,0,52,24,0.46,GOLD,129.66,0.1,0.011,0.0,0.15,1.26,163.37,125.9,37.47,0.8825,1,0
REQ-003503,5,AIRPORT,SUBURB_NORTH,XL,20.87,44.8,DRIZZLE,0.0,10.0,18.4,0.39,0,17,79,4.65,REGULAR,76.71,0.1,0.053,1.2,0.0,2.35,180.27,145.56,34.71,0.2535,0,0
REQ-003504,7,TECH_CORRIDOR,SUBURB_NORTH,STANDARD,12.34,29.4,CLEAR,0.0,10.0,13.1,0.76,0,24,24,1.0,REGULAR,28.72,0.02,0.556,0.0,0.2,1.78,51.12,40.58,10.54,0.5715,1,0
REQ-003505,8,TECH_CORRIDOR,SUBURB_NORTH,PREMIUM,2.15,4.9,DRIZZLE,0.0,10.0,8.1,0.82,0,35,57,1.63,REGULAR,18.19,0.159,0.643,0.22,0.2,2.22,40.38,32.5,7.88,0.3169,0,0
REQ-003506,13,SUBURB_NORTH,AIRPORT,STANDARD,27.41,85.0,CLEAR,0.0,10.0,22.3,0.16,2,30,38,1.27,REGULAR,67.01,0.0,0.24,0.095,0.0,1.33,89.12,69.05,20.07,0.7971,1,0
REQ-003507,6,FINANCIAL_DISTRICT,SUBURB_NORTH,XL,12.74,37.6,CLEAR,0.0,10.0,23.0,0.39,1,52,78,1.5,REGULAR,55.31,0.0,0.173,0.175,0.0,1.35,74.67,57.94,16.73,0.7892,1,0
REQ-003508,18,FINANCIAL_DISTRICT,DOWNTOWN,XL,14.66,27.1,CLEAR,0.0,10.0,16.0,0.56,0,25,80,3.2,REGULAR,53.05,0.004,0.304,0.77,0.25,2.33,123.61,99.76,23.85,0.2627,1,0
REQ-003509,18,AIRPORT,SUBURB_NORTH,STANDARD,10.12,25.1,HEAVY_RAIN,43.3,2.3,10.5,0.57,0,59,46,0.78,REGULAR,24.44,1.057,0.314,0.0,0.25,2.62,64.03,51.98,12.05,0.1508,0,0
REQ-003510,19,SUBURB_NORTH,FINANCIAL_DISTRICT,XL,18.62,50.7,CLEAR,0.0,10.0,30.2,0.73,0,40,63,1.57,REGULAR,75.52,0.0,0.513,0.2,0.25,1.96,148.02,118.27,29.75,0.4641,1,0
REQ-003511,6,AIRPORT,TECH_CORRIDOR,PREMIUM,23.68,73.0,CLEAR,0.0,10.0,17.4,0.44,0,15,80,5.33,PLATINUM,136.35,0.0,0.08,1.2,0.0,2.28,310.88,250.61,60.27,0.482,1,0
REQ-003512,21,TECH_CORRIDOR,SUBURB_NORTH,STANDARD,15.11,43.3,CLEAR,0.0,10.0,8.1,0.28,0,60,12,0.2,REGULAR,37.04,0.0,0.011,0.0,0.0,1.01,37.41,28.09,9.32,0.8944,1,0
REQ-003513,17,TECH_CORRIDOR,DOWNTOWN,XL,20.66,57.4,DRIZZLE,0.0,10.0,22.7,0.45,0,13,49,3.77,REGULAR,83.83,0.1,0.086,0.969,0.25,2.41,202.03,163.34,38.69,0.2272,0,0
REQ-003514,5,AIRPORT,DOWNTOWN,XL,11.3,35.9,CLEAR,0.0,10.0,13.9,0.37,0,21,68,3.24,REGULAR,51.27,0.034,0.043,0.784,0.0,1.86,95.36,75.93,19.43,0.524,1,0
REQ-003515,2,FINANCIAL_DISTRICT,SUBURB_NORTH,PREMIUM,19.77,41.8,DRIZZLE,0.0,10.0,31.5,0.17,0,24,61,2.54,REGULAR,98.89,0.1,0.0,0.539,0.15,1.79,177.01,140.57,36.44,0.5656,0,0
REQ-003516,23,FINANCIAL_DISTRICT,SUBURB_NORTH,XL,19.36,50.3,RAIN,10.7,7.6,15.8,0.09,0,8,80,10.0,REGULAR,76.84,0.414,0.0,1.2,0.15,2.76,212.08,172.58,39.5,0.1126,0,0
REQ-003517,21,DOWNTOWN,SUBURB_NORTH,COMFORT,21.17,48.7,CLEAR,0.0,10.0,5.5,0.16,1,32,44,1.38,REGULAR,61.35,0.0,0.12,0.133,0.0,1.25,76.69,59.05,17.64,0.8264,1,0
REQ-003518,17,FINANCIAL_DISTRICT,AIRPORT,XL,16.78,42.0,CLEAR,0.0,10.0,18.1,0.7,0,26,76,2.92,REGULAR,66.44,0.066,0.471,0.672,0.25,2.46,163.44,132.28,31.16,0.2069,0,0
REQ-003519,1,FINANCIAL_DISTRICT,DOWNTOWN,COMFORT,8.18,21.2,CLEAR,0.0,10.0,29.2,0.25,0,17,38,2.24,REGULAR,27.54,0.0,0.005,0.434,0.15,1.59,43.79,34.47,9.32,0.6779,1,0
REQ-003520,16,FINANCIAL_DISTRICT,TECH_CORRIDOR,STANDARD,4.88,14.6,RAIN,9.4,4.2,13.6,0.39,0,25,73,2.92,GOLD,14.21,0.356,0.053,0.672,0.0,2.08,29.56,23.7,5.86,0.512,0,0
REQ-003521,13,TECH_CORRIDOR,SUBURB_NORTH,STANDARD,21.2,39.7,CLEAR,0.0,10.0,8.2,0.29,0,58,75,1.29,GOLD,43.39,0.0,0.014,0.102,0.0,1.12,48.6,36.97,11.63,0.9131,1,0
REQ-003522,10,SUBURB_NORTH,DOWNTOWN,STANDARD,13.3,31.8,DRIZZLE,0.0,10.0,25.5,0.36,0,54,27,0.5,REGULAR,30.75,0.1,0.039,0.0,0.0,1.14,35.05,26.72,8.33,0.861,1,0
REQ-003523,2,AIRPORT,FINANCIAL_DISTRICT,COMFORT,3.07,8.3,HEAVY_RAIN,42.8,1.0,15.2,0.36,0,33,24,0.73,REGULAR,13.31,1.181,0.039,0.0,0.15,2.37,31.54,25.48,6.06,0.2445,0,0
REQ-003524,14,AIRPORT,FINANCIAL_DISTRICT,COMFORT,24.49,62.4,RAIN,3.1,4.9,7.1,0.22,0,37,46,1.24,PLATINUM,72.99,0.285,0.001,0.084,0.0,1.37,100.0,77.7,22.3,0.8921,1,0
REQ-003525,10,FINANCIAL_DISTRICT,DOWNTOWN,XL,23.76,54.0,CLEAR,0.0,10.0,16.7,0.2,0,53,80,1.51,REGULAR,88.3,0.0,0.0,0.178,0.0,1.18,104.19,79.73,24.46,0.8492,1,0
REQ-003526,1,TECH_CORRIDOR,FINANCIAL_DISTRICT,COMFORT,25.0,52.4,THUNDERSTORM,58.7,1.0,6.5,0.35,0,19,13,0.68,REGULAR,69.33,1.2,0.034,0.0,0.15,2.38,165.01,133.33,31.68,0.2401,0,0
REQ-003527,2,TECH_CORRIDOR,FINANCIAL_DISTRICT,PREMIUM,20.8,64.1,CLEAR,0.0,10.0,10.4,0.38,0,21,73,3.48,REGULAR,120.72,0.014,0.048,0.868,0.15,2.08,251.1,201.36,49.74,0.3936,0,0
REQ-003528,21,AIRPORT,DOWNTOWN,STANDARD,6.65,13.2,DRIZZLE,0.0,10.0,21.7,0.08,2,26,51,1.96,GOLD,15.93,0.148,0.24,0.336,0.0,1.72,27.4,21.7,5.7,0.7134,0,0
REQ-003529,22,DOWNTOWN,SUBURB_NORTH,STANDARD,26.02,81.0,CLEAR,0.0,10.0,22.2,0.08,0,16,35,2.19,GOLD,63.87,0.059,0.0,0.416,0.0,1.47,93.89,73.42,20.47,0.8194,1,0
REQ-003530,13,SUBURB_NORTH,AIRPORT,COMFORT,16.2,32.5,DRIZZLE,0.0,10.0,7.4,0.33,0,23,35,1.52,GOLD,45.85,0.1,0.027,0.182,0.0,1.31,60.06,46.47,13.59,0.8694,0,0
REQ-003531,1,SUBURB_NORTH,FINANCIAL_DISTRICT,PREMIUM,3.82,10.7,CLEAR,0.0,10.0,23.2,0.17,0,13,50,3.85,REGULAR,27.79,0.0,0.0,0.997,0.15,2.15,59.75,48.01,11.74,0.3543,0,0
REQ-003532,9,DOWNTOWN,FINANCIAL_DISTRICT,PREMIUM,20.19,53.6,DRIZZLE,0.0,10.0,9.1,0.76,0,12,72,6.0,GOLD,110.09,0.167,0.554,1.2,0.2,3.12,343.48,280.95,62.53,0.0796,0,0
REQ-003533,1,AIRPORT,FINANCIAL_DISTRICT,COMFORT,3.09,9.5,FOG,0.0,10.0,20.1,0.33,0,22,28,1.27,GOLD,13.88,0.22,0.027,0.095,0.15,1.49,20.68,16.19,4.49,0.8121,1,0
REQ-003534,2,SUBURB_NORTH,AIRPORT,PREMIUM,15.49,45.3,DRIZZLE,0.0,10.0,25.6,0.05,0,56,44,0.79,REGULAR,89.87,0.1,0.0,0.0,0.15,1.25,112.34,86.5,25.84,0.8264,1,0
REQ-003535,2,SUBURB_NORTH,AIRPORT,COMFORT,8.93,25.6,RAIN,9.0,6.2,17.8,0.11,0,48,34,0.71,REGULAR,30.75,0.351,0.0,0.0,0.15,1.5,46.12,36.13,9.99,0.7231,1,0
REQ-003536,9,AIRPORT,TECH_CORRIDOR,STANDARD,17.53,33.9,DRIZZLE,0.0,10.0,25.0,0.66,0,23,49,2.13,PLATINUM,36.77,0.1,0.42,0.395,0.2,2.12,77.95,62.58,15.37,0.5774,1,0
REQ-003537,21,FINANCIAL_DISTRICT,SUBURB_NORTH,COMFORT,11.05,24.9,CLEAR,0.0,10.0,7.9,0.36,0,26,18,0.69,PLATINUM,33.94,0.057,0.039,0.0,0.0,1.1,37.33,28.34,8.99,0.9405,1,0
REQ-003538,13,SUBURB_NORTH,TECH_CORRIDOR,PREMIUM,4.27,10.5,DRIZZLE,0.0,10.0,16.8,0.43,1,9,48,5.33,REGULAR,28.88,0.1,0.194,1.2,0.0,2.49,71.91,58.24,13.67,0.1953,0,0
REQ-003539,9,AIRPORT,DOWNTOWN,STANDARD,26.68,73.7,CLEAR,0.0,10.0,24.5,0.83,0,19,37,1.95,REGULAR,62.14,0.0,0.658,0.332,0.2,2.19,136.09,109.46,26.63,0.3327,0,0
REQ-003540,10,DOWNTOWN,TECH_CORRIDOR,PREMIUM,16.5,49.2,HEAVY_RAIN,32.8,0.9,26.4,0.06,1,46,63,1.37,PLATINUM,96.02,1.079,0.12,0.13,0.0,2.33,223.73,180.57,43.16,0.4521,0,0
REQ-003541,9,AIRPORT,TECH_CORRIDOR,STANDARD,11.71,21.8,DRIZZLE,0.0,10.0,20.8,0.85,0,24,26,1.08,GOLD,25.27,0.1,0.69,0.0,0.2,1.99,50.29,40.22,10.07,0.5656,0,0
REQ-003542,17,SUBURB_NORTH,FINANCIAL_DISTRICT,STANDARD,25.13,74.4,CLEAR,0.0,10.0,16.9,0.57,0,41,42,1.02,REGULAR,60.45,0.061,0.315,0.0,0.25,1.63,98.53,77.71,20.82,0.6566,1,0
REQ-003543,2,FINANCIAL_DISTRICT,SUBURB_NORTH,STANDARD,24.4,67.3,CLEAR,0.0,10.0,18.0,0.06,0,42,27,0.64,REGULAR,57.05,0.0,0.0,0.0,0.15,1.15,65.61,50.06,15.55,0.8581,1,0
REQ-003544,23,DOWNTOWN,TECH_CORRIDOR,COMFORT,14.18,38.8,RAIN,12.4,5.9,6.4,0.39,0,40,60,1.5,GOLD,45.36,0.39,0.053,0.175,0.15,1.77,80.29,63.71,16.58,0.6883,1,0
REQ-003545,7,SUBURB_NORTH,DOWNTOWN,XL,7.84,23.3,RAIN,6.7,7.6,24.3,0.63,0,30,50,1.67,REGULAR,36.44,0.325,0.382,0.234,0.2,2.14,77.98,62.64,15.34,0.3599,1,0
REQ-003546,8,SUBURB_NORTH,AIRPORT,COMFORT,7.09,15.1,RAIN,5.6,7.5,23.0,0.72,0,15,56,3.73,REGULAR,22.99,0.347,0.498,0.955,0.2,3.0,68.97,56.33,12.64,0.0666,0,0
REQ-003547,19,FINANCIAL_DISTRICT,SUBURB_NORTH,STANDARD,24.22,58.2,CLEAR,0.0,10.0,30.7,0.42,0,25,18,0.72,PLATINUM,53.64,0.0,0.069,0.0,0.25,1.32,70.8,54.82,15.98,0.9031,1,0
REQ-003548,2,AIRPORT,FINANCIAL_DISTRICT,PREMIUM,26.3,56.1,CLEAR,0.0,10.0,31.7,0.13,0,30,53,1.77,REGULAR,129.33,0.0,0.0,0.269,0.15,1.42,183.65,143.17,40.48,0.7599,1,0
REQ-003549,11,DOWNTOWN,AIRPORT,COMFORT,2.25,5.7,CLEAR,0.0,10.0,24.1,0.43,0,52,29,0.56,REGULAR,10.77,0.009,0.074,0.0,0.0,1.08,11.63,8.81,2.82,0.8774,1,0
REQ-003550,6,FINANCIAL_DISTRICT,AIRPORT,XL,12.3,23.4,DRIZZLE,0.0,10.0,28.7,0.15,1,18,15,0.83,REGULAR,45.87,0.1,0.12,0.0,0.0,1.22,55.96,42.98,12.98,0.8364,1,0
REQ-003551,14,SUBURB_NORTH,FINANCIAL_DISTRICT,XL,2.47,6.0,RAIN,12.6,6.6,22.0,0.06,0,57,24,0.42,GOLD,14.79,0.392,0.0,0.0,0.0,1.39,20.56,16.0,4.56,0.8461,1,0
REQ-003552,11,FINANCIAL_DISTRICT,SUBURB_NORTH,PREMIUM,7.28,14.1,CLEAR,0.0,10.0,25.6,0.36,0,14,73,5.21,PLATINUM,40.36,0.037,0.039,1.2,0.0,2.28,92.02,74.18,17.84,0.482,1,0
REQ-003553,5,TECH_CORRIDOR,SUBURB_NORTH,STANDARD,22.69,70.6,CLEAR,0.0,10.0,5.6,0.32,1,28,35,1.25,REGULAR,56.07,0.051,0.143,0.087,0.0,1.28,71.77,55.4,16.37,0.8158,1,0
REQ-003554,5,TECH_CORRIDOR,DOWNTOWN,COMFORT,10.94,29.5,CLEAR,0.0,10.0,17.8,0.06,0,31,72,2.32,PLATINUM,35.83,0.005,0.0,0.462,0.0,1.47,52.67,41.19,11.48,0.8667,1,0
REQ-003555,21,AIRPORT,FINANCIAL_DISTRICT,COMFORT,11.01,29.5,CLEAR,0.0,10.0,27.5,0.17,1,27,27,1.0,GOLD,35.95,0.023,0.12,0.0,0.0,1.14,40.98,31.24,9.74,0.9092,1,0
REQ-003556,22,AIRPORT,DOWNTOWN,PREMIUM,20.77,64.7,CLEAR,0.0,10.0,12.7,0.29,0,34,35,1.03,REGULAR,121.15,0.0,0.014,0.0,0.0,1.01,122.36,91.89,30.47,0.8944,1,0
REQ-003557,11,FINANCIAL_DISTRICT,DOWNTOWN,XL,11.59,22.2,RAIN,8.6,7.2,26.9,0.13,2,22,42,1.91,REGULAR,43.66,0.389,0.24,0.318,0.0,1.95,85.14,68.0,17.14,0.47,0,0
REQ-003558,7,AIRPORT,FINANCIAL_DISTRICT,PREMIUM,15.43,34.1,CLEAR,0.0,10.0,18.3,0.45,0,17,12,0.71,REGULAR,80.18,0.067,0.086,0.0,0.2,1.35,108.24,83.99,24.25,0.7892,1,0
REQ-003559,3,TECH_CORRIDOR,DOWNTOWN,STANDARD,7.77,15.0,DRIZZLE,0.0,10.0,5.3,0.44,0,18,19,1.06,GOLD,17.96,0.1,0.08,0.0,0.15,1.33,23.89,18.51,5.38,0.8639,0,0
REQ-003560,6,AIRPORT,SUBURB_NORTH,XL,8.09,15.2,CLEAR,0.0,10.0,12.0,0.41,0,9,75,8.33,REGULAR,32.11,0.008,0.063,1.2,0.0,2.27,72.89,58.75,14.14,0.2915,1,0
REQ-003561,20,FINANCIAL_DISTRICT,DOWNTOWN,PREMIUM,4.08,12.8,CLEAR,0.0,10.0,28.9,0.26,0,58,28,0.48,PLATINUM,30.3,0.0,0.007,0.0,0.0,1.01,30.6,22.98,7.62,0.9515,1,0
REQ-003562,9,SUBURB_NORTH,FINANCIAL_DISTRICT,XL,10.92,21.8,CLEAR,0.0,10.0,19.0,0.74,0,60,79,1.32,REGULAR,42.01,0.0,0.527,0.112,0.2,1.84,77.3,61.5,15.8,0.5359,1,0
REQ-003563,15,FINANCIAL_DISTRICT,AIRPORT,COMFORT,21.87,62.4,CLEAR,0.0,10.0,21.5,0.4,0,9,30,3.33,REGULAR,68.67,0.0,0.058,0.816,0.0,1.87,128.41,102.28,26.13,0.518,1,0
REQ-003564,5,AIRPORT,FINANCIAL_DISTRICT,XL,11.53,35.7,CLEAR,0.0,10.0,24.6,0.25,0,54,78,1.44,GOLD,51.63,0.0,0.005,0.154,0.0,1.16,59.89,45.74,14.15,0.9052,1,0
REQ-003565,5,DOWNTOWN,SUBURB_NORTH,COMFORT,19.14,48.4,CLEAR,0.0,10.0,18.2,0.16,0,24,45,1.88,REGULAR,57.86,0.014,0.0,0.308,0.0,1.32,76.38,59.14,17.24,0.8009,1,0
REQ-003566,4,DOWNTOWN,AIRPORT,COMFORT,9.7,18.0,HEAVY_RAIN,48.9,2.9,7.6,0.15,0,38,17,0.45,REGULAR,28.6,1.06,0.0,0.0,0.0,2.06,58.92,47.22,11.7,0.4052,0,0
REQ-003567,3,AIRPORT,SUBURB_NORTH,PREMIUM,6.97,18.7,THUNDERSTORM,24.6,2.7,14.5,0.32,0,36,42,1.17,REGULAR,43.41,1.132,0.023,0.0,0.15,2.3,99.84,80.52,19.32,0.2769,1,0
REQ-003568,11,FINANCIAL_DISTRICT,TECH_CORRIDOR,PREMIUM,11.38,29.0,RAIN,10.7,4.4,5.0,0.42,0,28,67,2.39,REGULAR,64.51,0.38,0.069,0.486,0.0,1.93,124.5,99.37,25.13,0.482,1,0
REQ-003569,6,TECH_CORRIDOR,FINANCIAL_DISTRICT,XL,2.46,5.9,FOG,0.0,10.0,17.8,0.14,0,31,39,1.26,REGULAR,14.71,0.2,0.0,0.091,0.0,1.29,18.98,14.66,4.32,0.8121,1,0
REQ-003570,1,AIRPORT,TECH_CORRIDOR,COMFORT,3.38,6.4,DRIZZLE,0.0,10.0,13.9,0.06,0,42,60,1.43,REGULAR,12.96,0.1,0.0,0.15,0.15,1.4,18.14,14.12,4.02,0.7685,1,0
REQ-003571,15,DOWNTOWN,AIRPORT,PREMIUM,11.33,25.5,CLEAR,0.0,10.0,12.1,0.13,0,17,22,1.29,REGULAR,61.4,0.0,0.0,0.102,0.0,1.1,67.54,51.27,16.27,0.8721,1,0
REQ-003572,14,AIRPORT,DOWNTOWN,COMFORT,25.7,64.5,RAIN,12.4,6.5,25.6,0.13,0,52,60,1.15,REGULAR,75.93,0.39,0.0,0.0,0.0,1.39,105.54,82.12,23.42,0.7728,0,0
REQ-003573,10,TECH_CORRIDOR,FINANCIAL_DISTRICT,XL,7.69,21.5,HEAVY_RAIN,26.6,0.8,13.8,0.37,1,34,68,2.0,GOLD,35.05,1.019,0.163,0.35,0.0,2.53,88.68,71.87,16.81,0.2627,0,0
REQ-003574,6,TECH_CORRIDOR,FINANCIAL_DISTRICT,PREMIUM,21.1,39.8,CLEAR,0.0,10.0,20.7,0.23,0,52,68,1.31,REGULAR,100.91,0.0,0.002,0.109,0.0,1.11,112.01,85.12,26.89,0.8694,0,0
REQ-003575,23,AIRPORT,SUBURB_NORTH,STANDARD,9.76,24.2,CLEAR,0.0,10.0,25.7,0.41,0,58,59,1.02,REGULAR,23.67,0.0,0.063,0.0,0.15,1.21,28.64,21.98,6.66,0.8397,0,0
REQ-003576,8,TECH_CORRIDOR,DOWNTOWN,PREMIUM,5.58,13.2,CLEAR,0.0,10.0,16.1,0.74,0,37,77,2.08,PLATINUM,34.84,0.053,0.526,0.378,0.2,2.16,75.25,60.48,14.77,0.5538,1,0
REQ-003577,21,FINANCIAL_DISTRICT,DOWNTOWN,PREMIUM,15.0,42.9,DRIZZLE,0.0,10.0,28.3,0.12,1,37,80,2.16,GOLD,86.46,0.1,0.12,0.406,0.0,1.63,140.93,111.14,29.79,0.7555,1,0
REQ-003578,16,SUBURB_NORTH,FINANCIAL_DISTRICT,PREMIUM,18.71,56.2,CLEAR,0.0,10.0,10.9,0.1,1,51,69,1.35,REGULAR,108.16,0.004,0.12,0.123,0.0,1.25,135.2,104.1,31.1,0.8264,1,0
REQ-003579,19,SUBURB_NORTH,AIRPORT,STANDARD,2.96,6.5,DRIZZLE,0.0,10.0,17.3,0.79,0,49,61,1.24,GOLD,8.97,0.1,0.599,0.084,0.25,2.03,18.21,14.58,3.63,0.5419,0,0
REQ-003580,22,DOWNTOWN,TECH_CORRIDOR,PREMIUM,24.47,75.1,BLIZZARD,57.8,1.9,-1.8,0.27,0,59,64,1.08,GOLD,140.35,1.2,0.009,0.0,0.0,2.21,310.17,249.61,60.56,0.4344,0,0
REQ-003581,4,SUBURB_NORTH,FINANCIAL_DISTRICT,PREMIUM,12.03,36.2,CLEAR,0.0,10.0,15.9,0.37,2,8,45,5.62,REGULAR,72.45,0.0,0.283,1.2,0.0,2.48,179.68,145.48,34.2,0.1991,1,0
REQ-003582,4,TECH_CORRIDOR,FINANCIAL_DISTRICT,STANDARD,4.54,11.1,RAIN,10.7,4.0,31.6,0.29,0,49,74,1.51,GOLD,12.55,0.37,0.014,0.178,0.0,1.56,19.58,15.39,4.19,0.7852,1,0
REQ-003583,13,SUBURB_NORTH,DOWNTOWN,COMFORT,11.72,32.7,CLEAR,0.0,10.0,6.1,0.31,1,43,13,0.3,REGULAR,38.56,0.0,0.14,0.0,0.0,1.14,43.96,33.51,10.45,0.861,0,0
REQ-003584,22,FINANCIAL_DISTRICT,SUBURB_NORTH,XL,23.86,57.4,CLEAR,0.0,10.0,7.5,0.19,0,19,61,3.21,REGULAR,90.55,0.0,0.0,0.773,0.0,1.77,160.27,127.17,33.1,0.5774,1,0
REQ-003585,6,DOWNTOWN,SUBURB_NORTH,COMFORT,16.16,41.1,RAIN,5.1,7.9,23.2,0.06,0,57,60,1.05,GOLD,49.66,0.307,0.0,0.0,0.0,1.31,65.05,50.33,14.72,0.8694,1,0
REQ-003586,9,SUBURB_NORTH,AIRPORT,XL,13.64,43.2,CLEAR,0.0,10.0,10.7,0.65,0,51,68,1.33,REGULAR,60.56,0.0,0.407,0.116,0.2,1.72,104.16,82.48,21.68,0.6064,0,0
REQ-003587,4,AIRPORT,SUBURB_NORTH,PREMIUM,6.01,17.2,CLEAR,0.0,10.0,27.9,0.18,1,34,68,2.0,GOLD,39.45,0.0,0.12,0.35,0.0,1.47,57.99,45.35,12.64,0.8194,0,0
REQ-003588,1,SUBURB_NORTH,DOWNTOWN,STANDARD,20.24,48.0,CLEAR,0.0,10.0,28.8,0.43,1,13,67,5.15,REGULAR,45.1,0.0,0.194,1.2,0.15,2.54,114.55,92.86,21.69,0.1771,0,0
REQ-003589,20,SUBURB_NORTH,DOWNTOWN,STANDARD,6.65,12.1,THUNDERSTORM,47.6,1.6,25.9,0.12,0,17,13,0.76,REGULAR,15.54,1.2,0.0,0.0,0.0,2.2,34.19,27.51,6.68,0.3274,1,0
REQ-003590,4,AIRPORT,SUBURB_NORTH,PREMIUM,6.83,18.3,RAIN,13.7,4.7,12.0,0.38,0,20,61,3.05,REGULAR,42.67,0.43,0.048,0.717,0.0,2.19,93.45,75.17,18.28,0.3327,0,0
REQ-003591,13,AIRPORT,SUBURB_NORTH,STANDARD,13.56,31.8,RAIN,9.7,5.7,27.9,0.06,0,34,28,0.82,REGULAR,31.08,0.423,0.0,0.0,0.0,1.42,44.13,34.4,9.73,0.7599,1,0
REQ-003592,21,SUBURB_NORTH,AIRPORT,PREMIUM,5.97,18.8,RAIN,11.5,4.4,23.7,0.21,0,40,74,1.85,PLATINUM,40.7,0.418,0.0,0.297,0.0,1.71,69.6,55.09,14.51,0.7852,0,0
REQ-003593,0,TECH_CORRIDOR,AIRPORT,PREMIUM,3.02,8.2,CLEAR,0.0,10.0,20.5,0.1,0,38,19,0.5,REGULAR,23.43,0.004,0.0,0.0,0.15,1.15,26.94,20.56,6.38,0.8581,1,0
REQ-003594,13,DOWNTOWN,TECH_CORRIDOR,STANDARD,19.08,40.3,CLEAR,0.0,10.0,19.6,0.4,0,41,69,1.68,REGULAR,40.95,0.0,0.058,0.238,0.0,1.3,53.24,41.16,12.08,0.8085,1,0
REQ-003595,15,DOWNTOWN,AIRPORT,STANDARD,5.7,16.7,DRIZZLE,0.0,10.0,6.0,0.32,0,54,74,1.37,REGULAR,15.96,0.1,0.023,0.13,0.0,1.25,19.95,15.36,4.59,0.8264,1,0
REQ-003596,20,FINANCIAL_DISTRICT,SUBURB_NORTH,COMFORT,27.74,72.4,SNOW,5.8,7.0,-3.6,0.14,0,24,21,0.88,REGULAR,82.85,0.537,0.0,0.0,0.0,1.54,127.59,100.17,27.42,0.7035,0,0
REQ-003597,19,FINANCIAL_DISTRICT,AIRPORT,PREMIUM,20.95,56.6,HEAVY_RAIN,45.4,0.8,5.2,0.46,0,8,14,1.75,GOLD,114.77,1.2,0.093,0.262,0.25,2.81,322.5,262.65,59.85,0.1539,0,0
REQ-003598,22,TECH_CORRIDOR,SUBURB_NORTH,XL,16.21,33.1,CLEAR,0.0,10.0,11.0,0.26,0,18,21,1.17,REGULAR,59.9,0.0,0.007,0.0,0.0,1.01,60.5,45.43,15.07,0.8944,1,0
REQ-003599,7,AIRPORT,TECH_CORRIDOR,PREMIUM,10.19,31.1,CLEAR,0.0,10.0,13.6,0.51,0,37,34,0.92,GOLD,62.97,0.0,0.252,0.0,0.2,1.45,91.31,71.32,19.99,0.8264,1,0
REQ-003600,4,FINANCIAL_DISTRICT,AIRPORT,STANDARD,20.96,51.2,CLEAR,0.0,10.0,17.8,0.21,1,25,16,0.64,REGULAR,47.12,0.0,0.12,0.0,0.0,1.12,52.77,40.14,12.63,0.8667,1,0
REQ-003601,16,FINANCIAL_DISTRICT,DOWNTOWN,STANDARD,21.99,67.6,FOG,0.0,10.0,8.3,0.25,0,39,52,1.33,REGULAR,54.15,0.2,0.005,0.116,0.0,1.32,71.48,55.34,16.14,0.8009,1,0
REQ-003602,21,FINANCIAL_DISTRICT,TECH_CORRIDOR,COMFORT,20.68,37.4,THUNDERSTORM,52.2,2.6,30.1,0.27,0,16,74,4.62,REGULAR,55.45,1.2,0.009,1.2,0.0,3.41,189.08,155.17,33.91,0.026,0,0
REQ-003603,8,FINANCIAL_DISTRICT,DOWNTOWN,COMFORT,7.38,18.1,DRIZZLE,0.0,10.0,26.3,0.69,0,39,31,0.79,REGULAR,24.83,0.1,0.459,0.0,0.2,1.76,43.7,34.66,9.04,0.5832,1,0
REQ-003604,3,SUBURB_NORTH,FINANCIAL_DISTRICT,PREMIUM,6.88,15.0,CLEAR,0.0,10.0,15.0,0.23,0,54,52,0.96,REGULAR,40.01,0.0,0.002,0.0,0.15,1.15,46.01,35.11,10.9,0.8581,1,0
REQ-003605,20,TECH_CORRIDOR,FINANCIAL_DISTRICT,STANDARD,11.86,35.9,SNOW,8.7,5.7,-4.2,0.23,0,54,60,1.11,PLATINUM,30.38,0.582,0.002,0.0,0.0,1.58,48.0,37.76,10.24,0.8331,1,0
REQ-003606,10,FINANCIAL_DISTRICT,DOWNTOWN,PREMIUM,17.76,54.2,RAIN,4.9,4.5,6.0,0.35,0,15,52,3.47,REGULAR,103.8,0.334,0.034,0.865,0.0,2.23,231.47,186.37,45.1,0.3117,0,0
REQ-003607,2,TECH_CORRIDOR,AIRPORT,PREMIUM,21.61,45.3,CLEAR,0.0,10.0,30.5,0.11,0,12,11,0.92,REGULAR,107.01,0.0,0.0,0.0,0.15,1.15,123.06,93.9,29.16,0.8581,1,0
REQ-003608,10,TECH_CORRIDOR,AIRPORT,COMFORT,8.59,22.9,DRIZZLE,0.0,10.0,14.7,0.07,0,42,76,1.81,GOLD,28.97,0.171,0.0,0.283,0.0,1.45,42.01,32.81,9.2,0.8264,1,0
REQ-003609,17,DOWNTOWN,TECH_CORRIDOR,STANDARD,9.95,26.0,CLEAR,0.0,10.0,19.3,0.66,0,42,48,1.14,GOLD,24.54,0.07,0.42,0.0,0.25,1.74,42.7,33.84,8.86,0.7035,0,0
REQ-003610,1,SUBURB_NORTH,DOWNTOWN,COMFORT,22.5,58.8,DRIZZLE,0.0,10.0,14.9,0.19,0,44,77,1.75,REGULAR,68.08,0.1,0.0,0.262,0.15,1.51,102.8,80.57,22.23,0.7183,1,0
REQ-003611,16,DOWNTOWN,TECH_CORRIDOR,PREMIUM,14.97,28.0,HEAVY_RAIN,33.2,0.5,31.2,0.13,0,36,17,0.47,REGULAR,73.72,1.123,0.0,0.0,0.0,2.12,156.29,125.47,30.82,0.371,0,0
REQ-003612,22,TECH_CORRIDOR,FINANCIAL_DISTRICT,XL,8.09,18.0,RAIN,14.2,6.8,20.9,0.14,0,16,55,3.44,REGULAR,33.79,0.41,0.0,0.854,0.0,2.26,76.37,61.54,14.83,0.2965,0,0
REQ-003613,15,AIRPORT,DOWNTOWN,XL,21.71,51.9,CLEAR,0.0,10.0,8.7,0.38,1,56,51,0.91,REGULAR,82.73,0.0,0.168,0.0,0.0,1.17,96.79,74.0,22.79,0.8522,1,0
REQ-003614,13,TECH_CORRIDOR,AIRPORT,STANDARD,5.79,12.8,DRIZZLE,0.0,10.0,5.5,0.21,0,39,23,0.59,REGULAR,14.72,0.1,0.0,0.0,0.0,1.1,16.19,12.29,3.9,0.8721,1,0
REQ-003615,20,TECH_CORRIDOR,SUBURB_NORTH,COMFORT,2.38,6.3,CLEAR,0.0,10.0,7.6,0.43,0,39,32,0.82,REGULAR,11.26,0.0,0.074,0.0,0.0,1.07,12.05,9.12,2.93,0.88,1,0
REQ-003616,3,FINANCIAL_DISTRICT,SUBURB_NORTH,STANDARD,9.38,29.0,CLEAR,0.0,10.0,17.0,0.22,0,21,49,2.33,REGULAR,24.88,0.0,0.001,0.465,0.15,1.62,40.31,31.78,8.53,0.662,1,0
REQ-003617,8,AIRPORT,SUBURB_NORTH,STANDARD,4.2,11.1,CLEAR,0.0,10.0,29.6,0.6,0,36,54,1.5,REGULAR,12.13,0.0,0.347,0.175,0.2,1.72,20.86,16.52,4.34,0.6064,1,0
REQ-003618,4,TECH_CORRIDOR,FINANCIAL_DISTRICT,PREMIUM,8.29,23.8,CLEAR,0.0,10.0,12.6,0.21,0,45,10,0.22,REGULAR,51.44,0.005,0.0,0.0,0.0,1.0,51.44,38.58,12.86,0.8966,1,0
REQ-003619,15,DOWNTOWN,FINANCIAL_DISTRICT,XL,11.89,36.9,HEAVY_RAIN,22.3,2.1,9.4,0.14,0,32,69,2.16,REGULAR,53.11,0.841,0.0,0.406,0.0,2.25,119.5,96.26,23.24,0.3015,1,0
REQ-003620,16,AIRPORT,TECH_CORRIDOR,XL,6.1,17.6,RAIN,11.8,5.0,25.9,0.3,0,48,49,1.02,PLATINUM,29.37,0.383,0.017,0.0,0.0,1.4,41.12,32.02,9.1,0.8849,1,0
REQ-003621,18,SUBURB_NORTH,FINANCIAL_DISTRICT,COMFORT,8.48,17.1,RAIN,5.0,4.7,7.3,0.54,1,33,19,0.58,REGULAR,26.19,0.306,0.402,0.0,0.25,1.96,51.33,41.01,10.32,0.4641,0,0
REQ-003622,4,AIRPORT,TECH_CORRIDOR,STANDARD,11.3,29.6,THUNDERSTORM,30.1,1.4,29.9,0.21,0,32,20,0.62,PLATINUM,27.48,1.2,0.0,0.0,0.0,2.2,60.46,48.64,11.82,0.53,0,0
REQ-003623,16,TECH_CORRIDOR,DOWNTOWN,COMFORT,9.19,19.4,DRIZZLE,0.0,10.0,6.9,0.27,1,28,60,2.14,REGULAR,28.39,0.111,0.129,0.399,0.0,1.64,46.56,36.74,9.82,0.6511,1,0
REQ-003624,1,AIRPORT,TECH_CORRIDOR,PREMIUM,3.24,9.2,CLEAR,0.0,10.0,12.2,0.33,0,35,19,0.54,GOLD,24.89,0.0,0.027,0.0,0.15,1.18,29.37,22.48,6.89,0.901,1,0
REQ-003625,14,SUBURB_NORTH,AIRPORT,COMFORT,2.69,7.6,CLEAR,0.0,10.0,17.5,0.2,0,30,37,1.23,REGULAR,12.36,0.0,0.0,0.08,0.0,1.08,13.35,10.11,3.24,0.8774,1,0
REQ-003626,23,SUBURB_NORTH,FINANCIAL_DISTRICT,PREMIUM,9.38,21.8,DRIZZLE,0.0,10.0,11.1,0.24,0,55,32,0.58,GOLD,52.79,0.1,0.003,0.0,0.15,1.25,65.99,50.81,15.18,0.8849,1,0
REQ-003627,15,TECH_CORRIDOR,AIRPORT,STANDARD,6.58,16.8,DRIZZLE,0.0,10.0,25.8,0.09,0,35,23,0.66,REGULAR,17.1,0.172,0.0,0.0,0.0,1.17,20.01,15.3,4.71,0.8522,1,0
REQ-003628,9,TECH_CORRIDOR,SUBURB_NORTH,PREMIUM,17.84,47.1,DRIZZLE,0.0,10.0,27.4,0.66,0,53,80,1.51,REGULAR,97.99,0.1,0.421,0.178,0.2,1.9,186.18,148.45,37.73,0.5,0,0
REQ-003629,1,AIRPORT,TECH_CORRIDOR,STANDARD,20.81,46.0,DRIZZLE,0.0,10.0,17.7,0.11,0,40,44,1.1,REGULAR,45.11,0.177,0.0,0.0,0.15,1.33,60.0,46.49,13.51,0.7971,1,0
REQ-003630,11,FINANCIAL_DISTRICT,SUBURB_NORTH,PREMIUM,3.93,12.2,THUNDERSTORM,44.6,2.1,25.4,0.26,0,19,13,0.68,REGULAR,29.37,1.2,0.007,0.0,0.0,2.21,64.91,52.24,12.67,0.3221,1,0
REQ-003631,9,FINANCIAL_DISTRICT,DOWNTOWN,PREMIUM,15.03,45.6,CLEAR,0.0,10.0,18.1,0.83,0,9,29,3.22,REGULAR,88.84,0.0,0.658,0.777,0.2,2.64,234.54,190.47,44.07,0.1448,0,0
REQ-003632,21,FINANCIAL_DISTRICT,TECH_CORRIDOR,STANDARD,12.4,35.7,DRIZZLE,0.0,10.0,10.6,0.29,0,20,51,2.55,REGULAR,31.0,0.1,0.014,0.542,0.0,1.66,51.46,40.64,10.82,0.6401,1,0
REQ-003633,18,DOWNTOWN,AIRPORT,STANDARD,10.1,25.9,RAIN,5.6,6.2,27.7,0.46,0,10,17,1.7,REGULAR,24.68,0.374,0.093,0.245,0.25,1.96,48.37,38.65,9.72,0.4641,1,0
REQ-003634,0,DOWNTOWN,FINANCIAL_DISTRICT,PREMIUM,18.71,53.7,CLEAR,0.0,10.0,18.9,0.28,0,48,74,1.54,REGULAR,106.04,0.0,0.011,0.189,0.15,1.35,143.15,111.07,32.08,0.7892,0,0
REQ-003635,15,TECH_CORRIDOR,FINANCIAL_DISTRICT,COMFORT,6.04,14.0,CLEAR,0.0,10.0,8.0,0.35,0,10,30,3.0,GOLD,20.77,0.0,0.034,0.7,0.0,1.73,35.93,28.46,7.47,0.7085,1,0
REQ-003636,11,FINANCIAL_DISTRICT,DOWNTOWN,XL,17.98,47.6,HEAVY_RAIN,54.4,2.0,28.0,0.24,1,56,56,1.0,PLATINUM,72.32,1.2,0.123,0.0,0.0,2.32,167.78,135.38,32.4,0.4581,0,0
REQ-003637,2,TECH_CORRIDOR,FINANCIAL_DISTRICT,PREMIUM,22.88,64.9,CLEAR,0.0,10.0,20.1,0.2,0,27,46,1.7,REGULAR,127.23,0.0,0.0,0.245,0.15,1.4,178.12,138.68,39.44,0.7685,1,0
REQ-003638,13,AIRPORT,FINANCIAL_DISTRICT,STANDARD,8.05,21.7,SNOW,8.6,7.0,-9.9,0.34,0,29,54,1.86,REGULAR,20.65,0.695,0.03,0.301,0.0,2.03,41.92,33.57,8.35,0.4226,0,0
REQ-003639,14,SUBURB_NORTH,DOWNTOWN,PREMIUM,9.99,18.8,CLEAR,0.0,10.0,27.9,0.35,0,42,30,0.71,REGULAR,51.95,0.0,0.034,0.0,0.0,1.03,53.51,40.29,13.22,0.8897,1,0
REQ-003640,17,DOWNTOWN,SUBURB_NORTH,PREMIUM,7.92,19.3,RAIN,4.8,6.4,24.7,0.83,0,15,64,4.27,REGULAR,46.59,0.304,0.658,1.144,0.25,3.36,156.54,128.4,28.14,0.0292,0,0
REQ-003641,3,AIRPORT,TECH_CORRIDOR,XL,22.67,66.4,CLEAR,0.0,10.0,28.6,0.18,0,42,44,1.05,REGULAR,93.45,0.0,0.0,0.0,0.15,1.15,107.47,82.0,25.47,0.8581,1,0
REQ-003642,0,TECH_CORRIDOR,AIRPORT,XL,23.91,66.1,DRIZZLE,0.0,10.0,28.8,0.38,0,30,54,1.8,PLATINUM,95.87,0.1,0.048,0.28,0.15,1.58,151.47,119.16,32.31,0.8331,1,0
REQ-003643,14,SUBURB_NORTH,FINANCIAL_DISTRICT,STANDARD,10.9,26.1,DRIZZLE,0.0,10.0,21.1,0.1,1,35,20,0.57,REGULAR,25.75,0.1,0.12,0.0,0.0,1.22,31.41,24.12,7.29,0.8364,1,0
REQ-003644,19,FINANCIAL_DISTRICT,AIRPORT,PREMIUM,24.69,58.4,HEAVY_RAIN,35.8,2.1,21.7,0.62,0,36,60,1.67,REGULAR,126.77,1.008,0.373,0.234,0.25,2.87,363.83,296.58,67.25,0.0888,0,0
REQ-003645,3,SUBURB_NORTH,AIRPORT,PREMIUM,9.68,29.1,CLEAR,0.0,10.0,27.7,0.24,0,45,65,1.44,REGULAR,59.83,0.0,0.003,0.154,0.15,1.31,78.38,60.64,17.74,0.8047,1,0
REQ-003646,10,TECH_CORRIDOR,SUBURB_NORTH,XL,4.95,14.5,CLEAR,0.0,10.0,10.9,0.38,1,11,29,2.64,REGULAR,25.1,0.022,0.168,0.574,0.0,1.76,44.18,35.04,9.14,0.5832,0,0
REQ-003647,13,SUBURB_NORTH,FINANCIAL_DISTRICT,PREMIUM,17.99,48.0,THUNDERSTORM,26.5,2.4,26.3,0.38,0,59,32,0.54,REGULAR,99.17,1.108,0.048,0.0,0.0,2.16,214.21,172.16,42.05,0.3489,1,0
REQ-003648,5,SUBURB_NORTH,FINANCIAL_DISTRICT,STANDARD,16.68,48.6,CLEAR,0.0,10.0,16.4,0.08,1,10,15,1.5,REGULAR,40.86,0.0,0.12,0.175,0.0,1.3,53.12,41.07,12.05,0.8085,1,0
REQ-003649,11,TECH_CORRIDOR,SUBURB_NORTH,COMFORT,12.97,25.5,SNOW,10.0,6.6,-8.0,0.08,0,21,42,2.0,REGULAR,37.37,0.745,0.0,0.35,0.0,2.1,78.48,62.97,15.51,0.3823,1,0
REQ-003650,11,SUBURB_NORTH,AIRPORT,PREMIUM,2.71,7.5,CLEAR,0.0,10.0,16.7,0.21,0,20,16,0.8,REGULAR,21.97,0.0,0.0,0.0,0.0,1.0,21.97,16.48,5.49,0.8966,1,0
REQ-003651,4,SUBURB_NORTH,TECH_CORRIDOR,XL,18.08,36.3,HEAVY_RAIN,59.1,0.5,15.4,0.34,0,36,49,1.36,REGULAR,65.75,1.2,0.03,0.126,0.0,2.36,155.17,125.32,29.85,0.249,0,0
REQ-003652,6,FINANCIAL_DISTRICT,DOWNTOWN,STANDARD,15.2,47.4,THUNDERSTORM,57.8,0.5,15.2,0.27,0,39,13,0.33,REGULAR,38.59,1.2,0.009,0.0,0.0,2.21,85.28,68.63,16.65,0.3221,0,0
REQ-003653,21,SUBURB_NORTH,TECH_CORRIDOR,STANDARD,26.94,78.8,DRIZZLE,0.0,10.0,26.6,0.11,1,35,71,2.03,REGULAR,64.26,0.1,0.12,0.36,0.0,1.58,101.53,79.87,21.66,0.6831,1,0
REQ-003654,12,AIRPORT,TECH_CORRIDOR,XL,15.19,48.2,RAIN,10.2,6.2,25.2,0.34,0,42,23,0.55,GOLD,66.82,0.365,0.03,0.0,0.0,1.4,93.55,72.84,20.71,0.8429,1,0
REQ-003655,1,SUBURB_NORTH,FINANCIAL_DISTRICT,COMFORT,21.8,43.9,CLEAR,0.0,10.0,28.3,0.11,2,52,56,1.08,REGULAR,60.22,0.0,0.24,0.0,0.15,1.39,83.71,65.13,18.58,0.7728,1,0
REQ-003656,9,SUBURB_NORTH,FINANCIAL_DISTRICT,XL,14.61,30.3,CLEAR,0.0,10.0,6.9,0.4,0,17,43,2.53,REGULAR,54.86,0.0,0.058,0.535,0.2,1.79,98.2,77.98,20.22,0.5656,1,0
REQ-003657,3,SUBURB_NORTH,AIRPORT,COMFORT,10.08,22.2,DRIZZLE,0.0,10.0,17.6,0.22,0,46,60,1.3,REGULAR,31.12,0.1,0.001,0.105,0.15,1.36,42.32,32.86,9.46,0.7852,1,0
REQ-003658,18,FINANCIAL_DISTRICT,AIRPORT,XL,2.26,7.0,CLEAR,0.0,10.0,15.4,0.49,0,59,74,1.25,GOLD,14.95,0.0,0.113,0.087,0.25,1.45,21.68,16.93,4.75,0.8264,0,0
REQ-003659,22,SUBURB_NORTH,FINANCIAL_DISTRICT,PREMIUM,19.39,53.3,CLEAR,0.0,10.0,7.0,0.14,0,51,17,0.33,REGULAR,107.59,0.0,0.0,0.0,0.0,1.0,107.59,80.69,26.9,0.8966,1,0
REQ-003660,5,TECH_CORRIDOR,DOWNTOWN,PREMIUM,19.3,47.4,DRIZZLE,0.0,10.0,7.2,0.05,1,10,21,2.1,PLATINUM,102.33,0.164,0.12,0.385,0.0,1.67,170.89,135.02,35.87,0.8009,1,0
REQ-003661,17,DOWNTOWN,SUBURB_NORTH,COMFORT,14.43,28.2,CLEAR,0.0,10.0,15.6,0.62,0,18,75,4.17,REGULAR,41.0,0.043,0.371,1.109,0.25,2.77,113.57,92.43,21.14,0.1103,0,0
REQ-003662,21,DOWNTOWN,AIRPORT,XL,5.25,10.2,DRIZZLE,0.0,10.0,26.7,0.29,0,24,32,1.33,REGULAR,23.15,0.1,0.014,0.116,0.0,1.23,28.47,21.88,6.59,0.8331,1,0
REQ-003663,2,AIRPORT,DOWNTOWN,PREMIUM,13.24,40.6,HEAVY_RAIN,42.9,0.9,8.5,0.29,0,25,79,3.16,REGULAR,79.58,1.193,0.014,0.756,0.15,3.11,247.49,202.41,45.08,0.052,0,0
REQ-003664,18,TECH_CORRIDOR,FINANCIAL_DISTRICT,XL,22.89,52.0,CLEAR,0.0,10.0,10.9,0.76,0,30,58,1.93,GOLD,85.27,0.023,0.554,0.325,0.25,2.15,183.33,147.3,36.03,0.47,0,0
REQ-003665,13,DOWNTOWN,AIRPORT,STANDARD,15.71,29.1,CLEAR,0.0,10.0,30.8,0.05,0,29,38,1.31,PLATINUM,32.83,0.064,0.0,0.109,0.0,1.17,38.41,29.37,9.04,0.9303,1,0
REQ-003666,1,SUBURB_NORTH,FINANCIAL_DISTRICT,COMFORT,27.55,55.6,HEAVY_RAIN,47.6,1.4,6.6,0.2,0,28,71,2.54,REGULAR,74.98,1.196,0.0,0.539,0.15,2.88,215.94,176.05,39.89,0.0869,0,0
REQ-003667,23,SUBURB_NORTH,FINANCIAL_DISTRICT,STANDARD,20.19,56.4,DRIZZLE,0.0,10.0,25.1,0.4,0,12,66,5.5,REGULAR,47.98,0.1,0.058,1.2,0.15,2.51,120.43,97.57,22.86,0.1879,1,0
REQ-003668,2,FINANCIAL_DISTRICT,TECH_CORRIDOR,STANDARD,6.71,16.1,CLEAR,0.0,10.0,7.5,0.24,0,17,47,2.76,REGULAR,17.02,0.055,0.003,0.616,0.15,1.82,30.98,24.63,6.35,0.5479,0,0
REQ-003669,17,SUBURB_NORTH,FINANCIAL_DISTRICT,STANDARD,2.43,5.1,CLEAR,0.0,10.0,10.0,0.83,0,22,25,1.14,GOLD,7.82,0.011,0.66,0.0,0.25,1.92,15.01,11.98,3.03,0.6064,1,0
REQ-003670,2,AIRPORT,DOWNTOWN,XL,22.83,49.0,DRIZZLE,0.0,10.0,24.1,0.12,1,60,39,0.65,REGULAR,83.34,0.1,0.12,0.0,0.15,1.37,114.18,88.72,25.46,0.7811,1,0
REQ-003671,2,FINANCIAL_DISTRICT,TECH_CORRIDOR,COMFORT,15.76,48.9,CLEAR,0.0,10.0,30.4,0.17,0,50,61,1.22,REGULAR,52.5,0.007,0.0,0.077,0.15,1.23,64.58,49.64,14.94,0.8331,1,0
REQ-003672,21,TECH_CORRIDOR,DOWNTOWN,STANDARD,21.27,52.7,RAIN,10.4,5.1,24.4,0.34,0,58,57,0.98,REGULAR,48.04,0.412,0.03,0.0,0.0,1.44,69.18,54.0,15.18,0.751,1,0
REQ-003673,9,TECH_CORRIDOR,DOWNTOWN,COMFORT,25.8,58.1,SNOW,5.7,7.4,-5.3,0.7,0,58,55,0.95,REGULAR,73.21,0.57,0.473,0.0,0.2,2.24,163.99,132.07,31.92,0.3066,0,0
REQ-003674,22,FINANCIAL_DISTRICT,AIRPORT,XL,8.64,17.7,DRIZZLE,0.0,10.0,18.7,0.18,1,41,77,1.88,REGULAR,34.76,0.1,0.12,0.308,0.0,1.53,53.18,41.73,11.45,0.7085,1,0
REQ-003675,21,DOWNTOWN,TECH_CORRIDOR,STANDARD,27.91,85.1,CLEAR,0.0,10.0,19.5,0.19,0,55,65,1.18,REGULAR,67.67,0.0,0.0,0.0,0.0,1.0,67.67,50.75,16.92,0.8966,1,0
REQ-003676,15,DOWNTOWN,TECH_CORRIDOR,COMFORT,23.43,53.3,HEAVY_RAIN,58.9,1.3,30.5,0.27,0,42,38,0.9,REGULAR,67.14,1.2,0.009,0.0,0.0,2.21,148.38,119.41,28.97,0.3221,1,0
REQ-003677,3,SUBURB_NORTH,DOWNTOWN,STANDARD,2.3,7.1,RAIN,4.8,7.9,19.0,0.24,0,45,35,0.78,REGULAR,8.36,0.347,0.003,0.0,0.15,1.5,12.54,9.82,2.72,0.7231,1,0
REQ-003678,22,DOWNTOWN,SUBURB_NORTH,STANDARD,12.1,32.2,DRIZZLE,0.0,10.0,18.3,0.41,0,32,46,1.44,GOLD,29.39,0.1,0.063,0.154,0.0,1.32,38.79,30.03,8.76,0.8667,0,0
REQ-003679,19,FINANCIAL_DISTRICT,DOWNTOWN,PREMIUM,20.06,48.1,CLEAR,0.0,10.0,17.9,0.63,0,18,50,2.78,REGULAR,105.05,0.0,0.384,0.623,0.25,2.26,237.41,191.29,46.12,0.2965,0,0
REQ-003680,20,SUBURB_NORTH,DOWNTOWN,COMFORT,3.62,10.1,RAIN,12.9,6.0,10.4,0.36,0,42,36,0.86,REGULAR,15.01,0.395,0.039,0.0,0.0,1.43,21.46,16.74,4.72,0.7555,1,0
REQ-003681,3,FINANCIAL_DISTRICT,SUBURB_NORTH,XL,25.81,81.7,CLEAR,0.0,10.0,11.1,0.42,0,25,35,1.4,REGULAR,109.22,0.053,0.069,0.14,0.15,1.41,154.0,119.98,34.02,0.7642,1,0
REQ-003682,15,SUBURB_NORTH,FINANCIAL_DISTRICT,XL,11.26,26.9,DRIZZLE,0.0,10.0,26.4,0.25,0,18,16,0.89,REGULAR,45.79,0.1,0.005,0.0,0.0,1.1,50.37,38.24,12.13,0.8721,0,0
REQ-003683,23,SUBURB_NORTH,DOWNTOWN,XL,5.68,16.9,CLEAR,0.0,10.0,21.9,0.16,0,58,30,0.52,REGULAR,28.07,0.0,0.0,0.0,0.15,1.15,32.28,24.63,7.65,0.8581,1,0
REQ-003684,9,FINANCIAL_DISTRICT,SUBURB_NORTH,PREMIUM,13.25,34.9,RAIN,11.3,7.7,13.3,0.63,0,17,53,3.12,REGULAR,74.76,0.377,0.384,0.742,0.2,2.7,201.85,164.1,37.75,0.1279,0,0
REQ-003685,0,SUBURB_NORTH,FINANCIAL_DISTRICT,STANDARD,24.58,76.9,CLEAR,0.0,10.0,22.5,0.25,1,20,79,3.95,GOLD,60.63,0.033,0.125,1.032,0.15,2.34,141.87,114.53,27.34,0.3599,0,0
REQ-003686,20,FINANCIAL_DISTRICT,DOWNTOWN,STANDARD,23.07,72.7,DRIZZLE,0.0,10.0,17.1,0.32,0,34,16,0.47,REGULAR,57.29,0.129,0.023,0.0,0.0,1.15,65.88,50.27,15.61,0.8581,1,0
REQ-003687,13,DOWNTOWN,FINANCIAL_DISTRICT,COMFORT,26.5,76.2,DRIZZLE,0.0,10.0,31.4,0.29,0,31,19,0.61,REGULAR,82.51,0.1,0.014,0.0,0.0,1.11,91.59,69.6,21.99,0.8694,1,0
REQ-003688,3,AIRPORT,TECH_CORRIDOR,PREMIUM,8.27,15.3,CLEAR,0.0,10.0,19.3,0.38,1,22,33,1.5,REGULAR,44.17,0.0,0.168,0.175,0.15,1.49,65.81,51.52,14.29,0.7279,1,0
REQ-003689,13,AIRPORT,TECH_CORRIDOR,COMFORT,23.36,49.6,HEAVY_RAIN,55.5,0.5,27.0,0.18,0,13,73,5.62,REGULAR,65.36,1.2,0.0,1.2,0.0,3.4,222.22,182.35,39.87,0.0266,0,0
REQ-003690,7,DOWNTOWN,FINANCIAL_DISTRICT,COMFORT,26.9,70.0,CLEAR,0.0,10.0,23.9,0.47,1,9,55,6.11,PLATINUM,80.38,0.0,0.219,1.2,0.2,2.62,210.6,170.97,39.63,0.2915,0,0
REQ-003691,12,AIRPORT,TECH_CORRIDOR,PREMIUM,19.36,54.0,CLEAR,0.0,10.0,31.4,0.29,0,53,67,1.26,REGULAR,108.11,0.0,0.014,0.091,0.0,1.1,118.92,90.27,28.65,0.8721,1,0
REQ-003692,8,AIRPORT,SUBURB_NORTH,COMFORT,8.79,23.7,CLEAR,0.0,10.0,9.2,0.58,0,38,36,0.95,REGULAR,29.66,0.0,0.325,0.0,0.2,1.52,45.08,35.35,9.73,0.7134,0,0
REQ-003693,21,DOWNTOWN,AIRPORT,STANDARD,9.08,17.6,CLEAR,0.0,10.0,28.8,0.45,0,49,15,0.31,PLATINUM,20.51,0.0,0.086,0.0,0.0,1.09,22.36,16.95,5.41,0.9418,1,0
REQ-003694,2,TECH_CORRIDOR,DOWNTOWN,XL,2.31,4.2,CLEAR,0.0,10.0,14.3,0.32,0,54,47,0.87,REGULAR,13.37,0.0,0.023,0.0,0.15,1.17,15.64,11.96,3.68,0.8522,1,0
REQ-003695,20,SUBURB_NORTH,TECH_CORRIDOR,COMFORT,13.72,34.2,CLEAR,0.0,10.0,23.6,0.24,0,31,20,0.65,REGULAR,42.53,0.0,0.003,0.0,0.0,1.0,42.53,31.9,10.63,0.8966,1,0
REQ-003696,5,FINANCIAL_DISTRICT,SUBURB_NORTH,XL,21.29,51.1,CLEAR,0.0,10.0,23.4,0.17,0,10,17,1.7,REGULAR,81.37,0.047,0.0,0.245,0.0,1.29,104.97,81.09,23.88,0.8121,1,0
REQ-003697,19,TECH_CORRIDOR,DOWNTOWN,STANDARD,18.81,43.9,CLEAR,0.0,10.0,20.0,0.53,0,47,48,1.02,REGULAR,41.87,0.0,0.273,0.0,0.25,1.52,63.64,49.91,13.73,0.7134,1,0
REQ-003698,12,TECH_CORRIDOR,SUBURB_NORTH,XL,13.3,34.2,DRIZZLE,0.0,10.0,12.3,0.39,0,44,69,1.57,PLATINUM,54.45,0.1,0.053,0.2,0.0,1.35,73.51,57.04,16.47,0.8966,1,0
REQ-003699,2,SUBURB_NORTH,DOWNTOWN,COMFORT,8.39,15.3,RAIN,6.9,4.7,5.7,0.3,0,18,44,2.44,REGULAR,25.23,0.328,0.017,0.504,0.15,2.0,50.46,40.37,10.09,0.4403,1,0
REQ-003700,9,DOWNTOWN,TECH_CORRIDOR,COMFORT,22.2,41.3,CLEAR,0.0,10.0,9.7,0.82,0,13,80,6.15,REGULAR,59.72,0.0,0.643,1.2,0.2,3.04,181.55,148.35,33.2,0.0609,0,0
REQ-003701,7,TECH_CORRIDOR,SUBURB_NORTH,COMFORT,9.51,26.0,SNOW,4.8,4.2,-11.6,0.69,0,36,69,1.92,REGULAR,31.89,0.686,0.458,0.322,0.2,2.67,85.15,69.19,15.96,0.1361,0,0
REQ-003702,11,TECH_CORRIDOR,AIRPORT,COMFORT,21.35,64.4,THUNDERSTORM,26.5,1.8,28.4,0.18,0,15,50,3.33,REGULAR,68.71,1.193,0.0,0.816,0.0,3.01,206.82,168.93,37.89,0.0651,0,0
REQ-003703,4,FINANCIAL_DISTRICT,TECH_CORRIDOR,STANDARD,9.51,24.4,HEAVY_RAIN,29.4,3.0,18.8,0.21,1,24,25,1.04,PLATINUM,23.43,0.831,0.12,0.0,0.0,1.95,45.69,36.49,9.2,0.6726,1,0
REQ-003704,18,FINANCIAL_DISTRICT,SUBURB_NORTH,STANDARD,16.76,46.1,CLEAR,0.0,10.0,26.1,0.62,0,30,12,0.4,REGULAR,40.08,0.0,0.371,0.0,0.25,1.62,64.93,51.18,13.75,0.662,1,0
REQ-003705,11,SUBURB_NORTH,FINANCIAL_DISTRICT,XL,15.54,35.2,CLEAR,0.0,10.0,13.7,0.31,0,30,40,1.33,REGULAR,59.75,0.0,0.02,0.116,0.0,1.14,68.11,51.92,16.19,0.861,1,0
REQ-003706,19,AIRPORT,TECH_CORRIDOR,PREMIUM,20.86,63.4,DRIZZLE,0.0,10.0,30.6,0.51,0,60,77,1.28,REGULAR,120.3,0.1,0.251,0.098,0.25,1.7,204.51,161.8,42.71,0.6177,1,0
REQ-003707,15,DOWNTOWN,AIRPORT,PREMIUM,11.42,24.7,DRIZZLE,0.0,10.0,8.4,0.4,2,48,35,0.73,REGULAR,60.97,0.1,0.298,0.0,0.0,1.4,85.36,66.46,18.9,0.7685,1,0
REQ-003708,3,TECH_CORRIDOR,FINANCIAL_DISTRICT,XL,2.92,8.8,CLEAR,0.0,10.0,14.3,0.26,0,57,46,0.81,REGULAR,17.41,0.008,0.007,0.0,0.15,1.16,20.2,15.43,4.77,0.8552,1,0
REQ-003709,13,FINANCIAL_DISTRICT,SUBURB_NORTH,COMFORT,2.54,6.1,THUNDERSTORM,27.9,2.0,16.2,0.2,0,20,15,0.75,REGULAR,11.44,1.2,0.0,0.0,0.0,2.2,25.17,20.25,4.92,0.3274,0,0
REQ-003710,6,AIRPORT,FINANCIAL_DISTRICT,PREMIUM,27.99,81.9,CLEAR,0.0,10.0,31.7,0.13,0,53,15,0.28,REGULAR,155.99,0.079,0.0,0.0,0.0,1.08,168.47,127.6,40.87,0.8774,1,0
REQ-003711,17,DOWNTOWN,AIRPORT,PREMIUM,14.25,44.2,CLEAR,0.0,10.0,5.9,0.62,0,60,76,1.27,REGULAR,85.47,0.0,0.373,0.095,0.25,1.72,147.01,116.41,30.6,0.6064,1,0
REQ-003712,12,SUBURB_NORTH,TECH_CORRIDOR,STANDARD,20.03,47.7,SNOW,9.1,6.0,-2.7,0.22,1,42,37,0.88,REGULAR,44.74,0.62,0.121,0.0,0.0,1.74,77.85,61.7,16.15,0.5948,1,0
REQ-003713,1,FINANCIAL_DISTRICT,TECH_CORRIDOR,COMFORT,22.5,59.6,CLEAR,0.0,10.0,29.6,0.17,0,32,76,2.38,REGULAR,68.44,0.0,0.0,0.483,0.15,1.63,111.56,87.98,23.58,0.6566,1,0
REQ-003714,15,FINANCIAL_DISTRICT,SUBURB_NORTH,COMFORT,17.41,51.2,CLEAR,0.0,10.0,14.9,0.09,0,50,57,1.14,REGULAR,56.27,0.0,0.0,0.0,0.0,1.0,56.27,42.2,14.07,0.8966,1,0
REQ-003715,1,FINANCIAL_DISTRICT,DOWNTOWN,STANDARD,7.32,21.8,CLEAR,0.0,10.0,8.0,0.1,0,33,17,0.52,GOLD,19.78,0.0,0.0,0.0,0.15,1.15,22.75,17.36,5.39,0.9072,1,0
REQ-003716,1,TECH_CORRIDOR,AIRPORT,XL,19.93,46.0,CLEAR,0.0,10.0,21.9,0.33,0,32,21,0.66,REGULAR,75.45,0.0,0.027,0.0,0.15,1.18,89.03,68.13,20.9,0.8492,1,0
REQ-003717,15,SUBURB_NORTH,FINANCIAL_DISTRICT,XL,9.95,23.6,RAIN,3.0,5.0,25.7,0.06,1,48,32,0.67,REGULAR,41.05,0.284,0.12,0.0,0.0,1.4,57.47,44.74,12.73,0.7685,1,0
REQ-003718,15,AIRPORT,DOWNTOWN,COMFORT,26.1,71.0,CLEAR,0.0,10.0,30.7,0.19,0,17,72,4.24,REGULAR,79.51,0.0,0.0,1.134,0.0,2.13,169.36,136.0,33.36,0.3654,1,0
REQ-003719,14,SUBURB_NORTH,TECH_CORRIDOR,STANDARD,2.17,6.3,CLEAR,0.0,10.0,14.7,0.14,0,24,34,1.42,GOLD,7.91,0.0,0.0,0.147,0.0,1.15,9.1,6.94,2.16,0.9072,1,0
REQ-003720,0,TECH_CORRIDOR,DOWNTOWN,STANDARD,2.66,7.9,THUNDERSTORM,26.7,0.9,29.7,0.1,0,32,60,1.88,PLATINUM,9.1,1.2,0.0,0.308,0.15,2.66,24.21,19.67,4.54,0.2721,1,0
REQ-003721,3,TECH_CORRIDOR,AIRPORT,PREMIUM,16.15,35.8,CLEAR,0.0,10.0,24.8,0.16,1,55,32,0.58,PLATINUM,83.65,0.0,0.12,0.0,0.15,1.27,106.24,81.94,24.3,0.9131,1,0
REQ-003722,9,FINANCIAL_DISTRICT,DOWNTOWN,XL,3.43,9.7,FOG,0.0,10.0,17.8,0.78,0,38,24,0.63,REGULAR,19.02,0.2,0.584,0.0,0.2,1.98,37.66,30.11,7.55,0.4521,0,0
REQ-003723,7,TECH_CORRIDOR,AIRPORT,STANDARD,18.45,43.1,DRIZZLE,0.0,10.0,23.6,0.8,0,49,54,1.1,REGULAR,41.14,0.1,0.612,0.0,0.2,1.91,78.58,62.68,15.9,0.494,1,0
REQ-003724,1,FINANCIAL_DISTRICT,AIRPORT,STANDARD,17.69,44.8,CLEAR,0.0,10.0,29.9,0.16,0,31,29,0.94,REGULAR,40.79,0.0,0.0,0.0,0.15,1.15,46.91,35.79,11.12,0.8581,1,0
REQ-003725,12,SUBURB_NORTH,FINANCIAL_DISTRICT,XL,9.96,22.2,HEAVY_RAIN,52.2,1.2,12.0,0.22,0,14,20,1.43,REGULAR,40.24,1.2,0.001,0.15,0.0,2.35,94.56,76.35,18.21,0.2535,0,0
REQ-003726,20,AIRPORT,FINANCIAL_DISTRICT,COMFORT,20.7,65.6,CLEAR,0.0,10.0,14.5,0.19,0,20,64,3.2,GOLD,68.17,0.009,0.0,0.77,0.0,1.78,121.34,96.32,25.02,0.6831,0,0
REQ-003727,5,TECH_CORRIDOR,SUBURB_NORTH,PREMIUM,2.86,7.8,CLEAR,0.0,10.0,11.4,0.08,0,18,32,1.78,REGULAR,22.64,0.0,0.0,0.273,0.0,1.27,28.75,22.17,6.58,0.8194,1,0
REQ-003728,12,AIRPORT,SUBURB_NORTH,PREMIUM,2.5,4.8,CLEAR,0.0,10.0,7.8,0.38,0,18,45,2.5,REGULAR,19.08,0.027,0.048,0.525,0.0,1.6,30.53,24.04,6.49,0.6726,0,0
REQ-003729,7,FINANCIAL_DISTRICT,DOWNTOWN,STANDARD,9.61,21.0,CLEAR,0.0,10.0,16.8,0.55,0,31,25,0.81,PLATINUM,22.36,0.0,0.294,0.0,0.2,1.49,33.32,26.09,7.23,0.861,1,0
REQ-003730,8,FINANCIAL_DISTRICT,AIRPORT,STANDARD,3.75,8.5,HEAVY_RAIN,38.2,1.4,19.3,0.57,0,58,55,0.95,REGULAR,10.66,1.159,0.314,0.0,0.2,2.67,28.46,23.12,5.34,0.1361,0,0
REQ-003731,4,DOWNTOWN,TECH_CORRIDOR,COMFORT,22.36,52.4,CLEAR,0.0,10.0,10.9,0.1,0,38,30,0.79,GOLD,64.97,0.0,0.0,0.0,0.0,1.0,64.97,48.73,16.24,0.9334,1,0
REQ-003732,12,FINANCIAL_DISTRICT,SUBURB_NORTH,XL,7.21,14.0,RAIN,6.8,5.5,26.4,0.09,0,25,11,0.44,REGULAR,29.54,0.372,0.0,0.0,0.0,1.37,40.47,31.45,9.02,0.7811,1,0
REQ-003733,14,FINANCIAL_DISTRICT,DOWNTOWN,XL,22.0,40.2,RAIN,7.8,4.4,21.6,0.3,0,45,64,1.42,REGULAR,76.32,0.338,0.017,0.147,0.0,1.5,114.48,89.68,24.8,0.7231,1,0
REQ-003734,0,DOWNTOWN,AIRPORT,STANDARD,4.74,14.4,BLIZZARD,46.5,1.8,-13.9,0.15,0,35,72,2.06,REGULAR,13.97,1.2,0.0,0.371,0.15,2.72,38.0,30.9,7.1,0.1226,0,0
REQ-003735,13,SUBURB_NORTH,TECH_CORRIDOR,STANDARD,19.56,49.6,CLEAR,0.0,10.0,26.9,0.18,0,9,35,3.89,PLATINUM,44.81,0.0,0.0,1.012,0.0,2.01,90.07,72.08,17.99,0.6401,0,0
REQ-003736,1,AIRPORT,FINANCIAL_DISTRICT,XL,14.17,31.4,CLEAR,0.0,10.0,28.3,0.17,0,9,61,6.78,REGULAR,54.6,0.066,0.0,1.2,0.15,2.42,132.13,106.85,25.28,0.223,0,0
REQ-003737,2,AIRPORT,DOWNTOWN,STANDARD,16.12,43.5,CLEAR,0.0,10.0,26.2,0.44,0,40,17,0.42,REGULAR,38.37,0.036,0.08,0.0,0.15,1.27,48.73,37.58,11.15,0.8194,1,0
REQ-003738,3,AIRPORT,TECH_CORRIDOR,PREMIUM,13.77,33.6,DRIZZLE,0.0,10.0,15.3,0.06,0,20,46,2.3,PLATINUM,75.12,0.1,0.0,0.455,0.15,1.71,128.46,101.68,26.78,0.7852,1,0
REQ-003739,3,TECH_CORRIDOR,FINANCIAL_DISTRICT,PREMIUM,17.28,39.4,SNOW,12.8,6.5,-9.7,0.09,0,12,28,2.33,REGULAR,89.87,0.738,0.0,0.465,0.15,2.35,211.19,170.52,40.67,0.2535,0,0
REQ-003740,17,DOWNTOWN,AIRPORT,COMFORT,15.5,37.6,DRIZZLE,0.0,10.0,30.8,0.64,0,33,16,0.48,REGULAR,46.99,0.1,0.396,0.0,0.25,1.75,82.23,65.2,17.03,0.589,1,0
REQ-003741,4,FINANCIAL_DISTRICT,TECH_CORRIDOR,COMFORT,25.51,80.2,CLEAR,0.0,10.0,30.6,0.33,0,15,10,0.67,GOLD,82.68,0.017,0.027,0.0,0.0,1.04,85.99,64.82,21.17,0.9272,1,0
REQ-003742,4,AIRPORT,FINANCIAL_DISTRICT,COMFORT,20.61,40.8,RAIN,3.5,5.6,15.0,0.28,1,44,73,1.66,REGULAR,56.87,0.289,0.131,0.231,0.0,1.65,93.84,74.08,19.76,0.6457,1,0
REQ-003743,22,SUBURB_NORTH,AIRPORT,COMFORT,14.29,30.8,HEAVY_RAIN,57.9,2.4,18.9,0.21,0,41,25,0.61,GOLD,41.94,1.16,0.0,0.0,0.0,2.16,90.59,72.81,17.78,0.4641,0,0
REQ-003744,4,DOWNTOWN,SUBURB_NORTH,PREMIUM,14.69,38.4,CLEAR,0.0,10.0,21.7,0.28,1,21,67,3.19,REGULAR,81.77,0.0,0.131,0.766,0.0,1.9,155.36,123.88,31.48,0.5,0,0
REQ-003745,0,DOWNTOWN,FINANCIAL_DISTRICT,XL,21.63,52.5,CLEAR,0.0,10.0,24.7,0.27,0,36,72,2.0,REGULAR,82.92,0.063,0.009,0.35,0.15,1.57,130.18,102.36,27.82,0.6883,1,0
REQ-003746,5,SUBURB_NORTH,TECH_CORRIDOR,STANDARD,24.4,54.7,HEAVY_RAIN,32.0,0.9,12.2,0.07,0,21,28,1.33,REGULAR,52.64,1.07,0.0,0.116,0.0,2.19,115.28,92.72,22.56,0.3327,0,0
REQ-003747,5,SUBURB_NORTH,TECH_CORRIDOR,XL,23.24,43.0,FOG,0.0,10.0,14.2,0.34,1,9,75,8.33,REGULAR,80.6,0.215,0.15,1.2,0.0,2.56,206.34,167.33,39.01,0.1702,0,0
REQ-003748,0,TECH_CORRIDOR,DOWNTOWN,STANDARD,8.17,17.9,THUNDERSTORM,24.2,2.6,26.1,0.4,0,27,54,2.0,REGULAR,19.47,1.062,0.058,0.35,0.15,2.62,51.01,41.41,9.6,0.1508,0,0
REQ-003749,19,TECH_CORRIDOR,FINANCIAL_DISTRICT,PREMIUM,18.56,51.2,CLEAR,0.0,10.0,24.2,0.85,1,39,45,1.15,REGULAR,103.49,0.0,0.81,0.0,0.25,2.06,213.19,170.86,42.33,0.4052,0,0
REQ-003750,5,AIRPORT,TECH_CORRIDOR,PREMIUM,8.72,26.4,CLEAR,0.0,10.0,26.4,0.45,0,27,62,2.3,REGULAR,54.86,0.0,0.086,0.455,0.0,1.54,84.48,66.32,18.16,0.7035,1,0
REQ-003751,17,SUBURB_NORTH,AIRPORT,COMFORT,12.06,35.5,CLEAR,0.0,10.0,26.6,0.84,0,17,44,2.59,REGULAR,40.37,0.056,0.673,0.556,0.25,2.54,102.54,83.12,19.42,0.1771,1,0
REQ-003752,22,SUBURB_NORTH,DOWNTOWN,STANDARD,6.08,16.4,HEAVY_RAIN,24.6,1.9,7.7,0.23,0,45,61,1.36,REGULAR,16.34,0.887,0.002,0.126,0.0,2.02,33.01,26.42,6.59,0.4285,0,0
REQ-003753,15,FINANCIAL_DISTRICT,TECH_CORRIDOR,COMFORT,4.4,11.4,CLEAR,0.0,10.0,5.5,0.13,0,10,26,2.6,REGULAR,16.89,0.0,0.0,0.56,0.0,1.56,26.35,20.71,5.64,0.6934,1,0
REQ-003754,13,TECH_CORRIDOR,AIRPORT,XL,2.11,4.8,HEAVY_RAIN,48.1,1.2,30.6,0.35,0,57,45,0.79,GOLD,13.31,1.2,0.034,0.0,0.0,2.23,29.68,23.9,5.78,0.4226,0,0
REQ-003755,18,FINANCIAL_DISTRICT,TECH_CORRIDOR,COMFORT,3.78,11.4,CLEAR,0.0,10.0,16.7,0.52,1,21,66,3.14,REGULAR,15.87,0.0,0.382,0.749,0.25,2.38,37.77,30.52,7.25,0.2401,0,0
REQ-003756,13,AIRPORT,TECH_CORRIDOR,STANDARD,17.0,32.4,DRIZZLE,0.0,10.0,10.4,0.39,1,17,21,1.24,REGULAR,35.59,0.1,0.173,0.084,0.0,1.36,48.4,37.58,10.82,0.7852,1,0
REQ-003757,9,TECH_CORRIDOR,DOWNTOWN,COMFORT,27.11,74.0,DRIZZLE,0.0,10.0,27.3,0.43,0,44,47,1.07,REGULAR,82.53,0.1,0.074,0.0,0.2,1.37,113.07,87.86,25.21,0.7811,1,0
REQ-003758,21,FINANCIAL_DISTRICT,SUBURB_NORTH,COMFORT,9.74,18.3,HEAVY_RAIN,46.6,1.9,8.5,0.33,0,34,47,1.38,REGULAR,28.81,1.134,0.027,0.133,0.0,2.29,65.97,53.19,12.78,0.2817,1,0
REQ-003759,20,TECH_CORRIDOR,AIRPORT,COMFORT,8.85,19.2,CLEAR,0.0,10.0,27.5,0.33,0,33,37,1.12,REGULAR,27.74,0.0,0.027,0.0,0.0,1.03,28.57,21.51,7.06,0.8897,1,0
REQ-003760,12,TECH_CORRIDOR,DOWNTOWN,STANDARD,5.63,17.4,CLEAR,0.0,10.0,14.6,0.19,0,47,44,0.94,REGULAR,16.13,0.067,0.0,0.0,0.0,1.07,17.26,13.06,4.2,0.88,1,0
REQ-003761,13,SUBURB_NORTH,TECH_CORRIDOR,XL,12.88,30.0,CLEAR,0.0,10.0,15.7,0.15,0,27,75,2.78,REGULAR,51.05,0.0,0.0,0.623,0.0,1.62,82.7,65.19,17.51,0.662,0,0
REQ-003762,5,AIRPORT,DOWNTOWN,COMFORT,6.32,18.3,CLEAR,0.0,10.0,31.8,0.19,0,26,46,1.77,REGULAR,23.17,0.0,0.0,0.269,0.0,1.27,29.43,22.7,6.73,0.8194,1,0
REQ-003763,16,AIRPORT,TECH_CORRIDOR,STANDARD,2.34,5.1,CLEAR,0.0,10.0,30.5,0.07,0,47,34,0.72,REGULAR,7.7,0.0,0.0,0.0,0.0,1.0,7.7,5.78,1.92,0.8966,1,0
REQ-003764,17,AIRPORT,TECH_CORRIDOR,STANDARD,10.39,28.4,THUNDERSTORM,39.3,1.4,21.7,0.41,0,21,42,2.0,REGULAR,25.93,1.2,0.063,0.35,0.25,2.86,74.16,60.44,13.72,0.0908,0,0
REQ-003765,1,SUBURB_NORTH,AIRPORT,STANDARD,27.18,71.4,DRIZZLE,0.0,10.0,30.9,0.16,0,35,45,1.29,REGULAR,61.97,0.181,0.0,0.102,0.15,1.43,88.62,69.13,19.49,0.7555,1,0
REQ-003766,1,TECH_CORRIDOR,AIRPORT,COMFORT,27.19,54.6,DRIZZLE,0.0,10.0,20.1,0.05,0,17,22,1.29,REGULAR,73.93,0.1,0.0,0.102,0.15,1.35,99.81,77.45,22.36,0.7892,0,0
REQ-003767,22,AIRPORT,SUBURB_NORTH,COMFORT,25.74,48.9,CLEAR,0.0,10.0,16.7,0.41,0,15,79,5.27,REGULAR,68.97,0.0,0.063,1.2,0.0,2.26,155.87,125.59,30.28,0.2965,0,0
REQ-003768,4,DOWNTOWN,AIRPORT,COMFORT,16.25,44.5,DRIZZLE,0.0,10.0,10.4,0.08,0,52,25,0.48,REGULAR,51.34,0.1,0.0,0.0,0.0,1.1,56.47,42.87,13.6,0.8721,1,0
REQ-003769,17,DOWNTOWN,TECH_CORRIDOR,XL,3.9,11.6,CLEAR,0.0,10.0,6.7,0.79,0,39,32,0.82,REGULAR,21.15,0.041,0.597,0.0,0.25,1.89,39.97,31.86,8.11,0.506,1,0
REQ-003770,17,FINANCIAL_DISTRICT,TECH_CORRIDOR,STANDARD,6.5,15.1,HEAVY_RAIN,55.4,1.4,28.4,0.68,0,22,21,0.95,REGULAR,16.4,1.2,0.446,0.0,0.25,2.9,47.56,38.79,8.77,0.0832,0,0
REQ-003771,5,DOWNTOWN,AIRPORT,STANDARD,27.23,83.2,CLEAR,0.0,10.0,11.9,0.2,0,15,35,2.33,PLATINUM,66.16,0.0,0.0,0.465,0.0,1.47,97.26,76.06,21.2,0.8667,1,0
REQ-003772,8,FINANCIAL_DISTRICT,DOWNTOWN,XL,7.9,17.3,CLEAR,0.0,10.0,15.4,0.83,0,16,11,0.69,REGULAR,32.97,0.0,0.658,0.0,0.2,1.86,61.32,48.83,12.49,0.524,0,0
REQ-003773,19,AIRPORT,SUBURB_NORTH,XL,26.28,61.0,CLEAR,0.0,10.0,29.5,0.53,1,20,34,1.7,REGULAR,97.79,0.0,0.393,0.245,0.25,1.89,184.82,147.32,37.5,0.506,1,0
REQ-003774,3,FINANCIAL_DISTRICT,TECH_CORRIDOR,XL,3.64,8.8,CLEAR,0.0,10.0,23.2,0.19,0,28,43,1.54,REGULAR,18.92,0.0,0.0,0.189,0.15,1.34,25.35,19.66,5.69,0.7931,1,0
REQ-003775,21,SUBURB_NORTH,TECH_CORRIDOR,STANDARD,5.66,17.3,CLEAR,0.0,10.0,19.1,0.42,1,59,36,0.61,REGULAR,16.13,0.0,0.189,0.0,0.0,1.19,19.19,14.7,4.49,0.8461,1,0
REQ-003776,21,DOWNTOWN,TECH_CORRIDOR,COMFORT,16.71,52.4,CLEAR,0.0,10.0,15.4,0.2,0,21,61,2.9,GOLD,55.65,0.02,0.0,0.665,0.0,1.69,94.05,74.38,19.67,0.7279,1,0
REQ-003777,9,SUBURB_NORTH,FINANCIAL_DISTRICT,COMFORT,16.17,39.5,CLEAR,0.0,10.0,8.2,0.44,0,46,34,0.74,GOLD,48.96,0.0,0.08,0.0,0.2,1.28,62.67,48.37,14.3,0.8774,1,0
REQ-003778,23,AIRPORT,FINANCIAL_DISTRICT,PREMIUM,27.63,69.5,RAIN,13.9,6.1,18.8,0.4,0,59,58,0.98,REGULAR,144.43,0.419,0.058,0.0,0.15,1.63,235.42,185.66,49.76,0.6566,1,0
REQ-003779,0,TECH_CORRIDOR,SUBURB_NORTH,XL,9.93,24.3,CLEAR,0.0,10.0,19.7,0.18,0,47,29,0.62,REGULAR,41.43,0.0,0.0,0.0,0.15,1.15,47.64,36.35,11.29,0.8581,1,0
REQ-003780,16,FINANCIAL_DISTRICT,AIRPORT,XL,22.14,52.4,CLEAR,0.0,10.0,25.5,0.37,0,59,59,1.0,REGULAR,83.93,0.0,0.043,0.0,0.0,1.04,87.29,65.8,21.49,0.8874,1,0
REQ-003781,4,SUBURB_NORTH,FINANCIAL_DISTRICT,COMFORT,7.98,15.6,DRIZZLE,0.0,10.0,17.7,0.25,0,58,42,0.72,GOLD,24.69,0.1,0.005,0.0,0.0,1.1,27.16,20.62,6.54,0.9168,1,0
REQ-003782,17,DOWNTOWN,AIRPORT,STANDARD,18.87,56.1,CLEAR,0.0,10.0,29.2,0.66,0,27,76,2.81,REGULAR,46.22,0.0,0.421,0.633,0.25,2.3,106.31,85.74,20.57,0.2769,0,0
REQ-003783,16,TECH_CORRIDOR,SUBURB_NORTH,XL,10.38,31.9,HEAVY_RAIN,55.7,1.7,8.4,0.19,1,48,25,0.52,REGULAR,46.94,1.2,0.12,0.0,0.0,2.32,108.9,87.87,21.03,0.2674,0,0
REQ-003784,15,DOWNTOWN,AIRPORT,PREMIUM,9.73,26.8,CLEAR,0.0,10.0,7.6,0.45,0,57,24,0.42,GOLD,58.02,0.0,0.086,0.0,0.0,1.09,63.24,47.95,15.29,0.9186,1,0
REQ-003785,12,DOWNTOWN,AIRPORT,COMFORT,4.29,11.3,CLEAR,0.0,10.0,22.5,0.39,1,50,76,1.52,REGULAR,16.67,0.0,0.173,0.182,0.0,1.35,22.5,17.46,5.04,0.7892,1,0
REQ-003786,0,FINANCIAL_DISTRICT,TECH_CORRIDOR,STANDARD,18.62,46.7,CLEAR,0.0,10.0,13.8,0.44,0,46,57,1.24,REGULAR,42.62,0.062,0.08,0.084,0.15,1.38,58.82,45.73,13.09,0.777,1,0
REQ-003787,13,SUBURB_NORTH,AIRPORT,XL,23.08,71.6,RAIN,11.9,5.6,8.4,0.36,0,10,30,3.0,REGULAR,97.43,0.384,0.039,0.7,0.0,2.12,206.55,165.82,40.73,0.371,0,0
REQ-003788,5,DOWNTOWN,AIRPORT,XL,2.59,7.5,CLEAR,0.0,10.0,30.8,0.42,0,40,25,0.62,GOLD,15.94,0.0,0.069,0.0,0.0,1.07,17.06,12.91,4.15,0.9222,0,0
REQ-003789,21,TECH_CORRIDOR,SUBURB_NORTH,XL,4.16,12.1,SNOW,10.6,6.8,-11.0,0.25,0,56,56,1.0,REGULAR,22.0,0.739,0.005,0.0,0.0,1.74,38.28,30.34,7.94,0.5948,0,0
REQ-003790,4,TECH_CORRIDOR,AIRPORT,XL,6.07,12.4,DRIZZLE,0.0,10.0,18.0,0.2,0,30,50,1.67,PLATINUM,26.19,0.1,0.0,0.234,0.0,1.33,34.83,26.99,7.84,0.901,1,0
REQ-003791,16,FINANCIAL_DISTRICT,AIRPORT,STANDARD,10.36,29.2,RAIN,8.4,4.7,26.2,0.09,0,51,61,1.2,REGULAR,26.17,0.365,0.0,0.0,0.0,1.36,35.59,27.63,7.96,0.7852,1,0
REQ-003792,23,AIRPORT,FINANCIAL_DISTRICT,PREMIUM,2.74,7.4,CLEAR,0.0,10.0,10.6,0.08,1,55,55,1.0,PLATINUM,21.96,0.0,0.12,0.0,0.15,1.27,27.89,21.51,6.38,0.9131,1,0
REQ-003793,20,SUBURB_NORTH,TECH_CORRIDOR,COMFORT,5.45,16.6,HEAVY_RAIN,35.7,1.5,6.9,0.22,0,58,58,1.0,REGULAR,20.96,1.052,0.001,0.0,0.0,2.05,42.97,34.43,8.54,0.411,1,0
REQ-003794,12,SUBURB_NORTH,DOWNTOWN,COMFORT,18.72,39.3,CLEAR,0.0,10.0,28.2,0.33,1,48,75,1.56,REGULAR,53.07,0.0,0.147,0.196,0.0,1.34,71.11,55.14,15.97,0.7931,1,0
REQ-003795,7,SUBURB_NORTH,AIRPORT,XL,25.6,46.8,SNOW,3.8,6.5,-6.8,0.63,0,15,67,4.47,REGULAR,87.84,0.579,0.383,1.2,0.2,3.36,295.14,242.08,53.06,0.0292,0,0
REQ-003796,0,SUBURB_NORTH,DOWNTOWN,STANDARD,8.39,18.6,RAIN,13.4,7.8,20.0,0.23,0,38,21,0.55,REGULAR,20.0,0.424,0.002,0.0,0.15,1.58,31.6,24.86,6.74,0.6831,1,0
REQ-003797,0,TECH_CORRIDOR,SUBURB_NORTH,XL,10.81,32.2,DRIZZLE,0.0,10.0,6.3,0.31,0,52,70,1.35,REGULAR,48.02,0.1,0.02,0.123,0.15,1.39,66.75,51.94,14.81,0.7728,1,0
REQ-003798,3,FINANCIAL_DISTRICT,SUBURB_NORTH,COMFORT,22.8,71.9,CLEAR,0.0,10.0,27.8,0.18,0,9,27,3.0,PLATINUM,74.48,0.0,0.0,0.7,0.15,1.85,137.79,109.67,28.12,0.7231,1,0
REQ-003799,7,FINANCIAL_DISTRICT,DOWNTOWN,STANDARD,11.41,21.6,THUNDERSTORM,55.8,2.9,29.1,0.49,1,35,51,1.46,REGULAR,24.82,1.2,0.233,0.161,0.2,2.79,69.25,56.38,12.87,0.1056,0,0
REQ-003800,6,DOWNTOWN,SUBURB_NORTH,COMFORT,5.82,16.6,CLEAR,0.0,10.0,26.4,0.38,2,59,71,1.2,GOLD,21.57,0.0,0.288,0.0,0.0,1.29,27.83,21.5,6.33,0.8748,0,0
REQ-003801,21,FINANCIAL_DISTRICT,TECH_CORRIDOR,PREMIUM,11.96,29.4,HEAVY_RAIN,55.0,1.5,5.3,0.19,0,26,13,0.5,REGULAR,66.48,1.2,0.0,0.0,0.0,2.2,146.26,117.67,28.59,0.3274,1,0
REQ-003802,3,FINANCIAL_DISTRICT,AIRPORT,XL,2.57,7.1,DRIZZLE,0.0,10.0,24.6,0.3,0,44,34,0.77,REGULAR,15.66,0.1,0.017,0.0,0.15,1.27,19.89,15.34,4.55,0.8194,1,0
REQ-003803,21,FINANCIAL_DISTRICT,AIRPORT,XL,13.26,30.4,CLEAR,0.0,10.0,9.2,0.08,0,26,80,3.08,GOLD,52.09,0.0,0.0,0.728,0.0,1.73,90.12,71.39,18.73,0.7085,1,0
REQ-003804,10,SUBURB_NORTH,FINANCIAL_DISTRICT,PREMIUM,11.62,32.2,SNOW,5.1,5.0,-0.6,0.3,0,34,13,0.38,GOLD,67.91,0.469,0.017,0.0,0.0,1.49,101.19,79.22,21.97,0.8121,1,0
REQ-003805,8,TECH_CORRIDOR,AIRPORT,XL,21.64,54.4,CLEAR,0.0,10.0,30.9,0.8,0,50,64,1.28,REGULAR,84.08,0.038,0.612,0.098,0.2,1.95,163.96,130.96,33.0,0.47,1,0
REQ-003806,19,FINANCIAL_DISTRICT,SUBURB_NORTH,XL,23.29,73.9,CLEAR,0.0,10.0,10.9,0.71,0,40,43,1.07,REGULAR,99.25,0.0,0.486,0.0,0.25,1.74,172.69,136.86,35.83,0.5948,0,0
REQ-003807,15,DOWNTOWN,AIRPORT,COMFORT,3.52,10.4,CLEAR,0.0,10.0,31.9,0.2,0,49,29,0.59,REGULAR,14.99,0.0,0.0,0.0,0.0,1.0,14.99,11.24,3.75,0.8966,1,0
REQ-003808,2,DOWNTOWN,FINANCIAL_DISTRICT,COMFORT,13.56,40.3,CLEAR,0.0,10.0,7.0,0.27,0,49,38,0.78,REGULAR,45.0,0.052,0.009,0.0,0.15,1.21,54.45,41.78,12.67,0.8397,1,0
REQ-003809,20,DOWNTOWN,FINANCIAL_DISTRICT,XL,13.94,35.0,CLEAR,0.0,10.0,23.8,0.18,0,51,27,0.53,REGULAR,56.27,0.0,0.0,0.0,0.0,1.0,56.27,42.2,14.07,0.8966,1,0
REQ-003810,0,DOWNTOWN,FINANCIAL_DISTRICT,XL,3.97,12.0,DRIZZLE,0.0,10.0,14.8,0.36,0,41,26,0.63,REGULAR,21.54,0.1,0.039,0.0,0.15,1.29,27.79,21.47,6.32,0.8121,1,0
REQ-003811,0,DOWNTOWN,SUBURB_NORTH,PREMIUM,6.49,19.7,HEAVY_RAIN,20.3,3.0,19.6,0.44,0,55,23,0.42,REGULAR,42.91,0.728,0.08,0.0,0.15,1.96,84.1,67.19,16.91,0.4641,1,0
REQ-003812,13,SUBURB_NORTH,FINANCIAL_DISTRICT,COMFORT,6.65,15.4,RAIN,14.6,6.7,7.1,0.28,0,12,15,1.25,GOLD,22.4,0.422,0.011,0.087,0.0,1.52,34.05,26.7,7.35,0.8009,1,0
REQ-003813,2,FINANCIAL_DISTRICT,TECH_CORRIDOR,PREMIUM,24.4,76.1,DRIZZLE,0.0,10.0,31.5,0.14,0,13,22,1.69,REGULAR,141.0,0.1,0.0,0.241,0.15,1.49,210.09,164.48,45.61,0.7279,1,0
REQ-003814,18,AIRPORT,FINANCIAL_DISTRICT,PREMIUM,27.58,61.9,CLEAR,0.0,10.0,13.9,0.45,0,48,47,0.98,REGULAR,137.83,0.0,0.086,0.0,0.25,1.34,184.69,143.2,41.49,0.7931,1,0
REQ-003815,15,DOWNTOWN,TECH_CORRIDOR,XL,25.99,62.5,CLEAR,0.0,10.0,20.9,0.38,0,13,23,1.77,REGULAR,98.08,0.014,0.048,0.269,0.0,1.33,130.45,101.07,29.38,0.7971,1,0
REQ-003816,21,DOWNTOWN,FINANCIAL_DISTRICT,PREMIUM,11.82,34.1,CLEAR,0.0,10.0,23.0,0.42,0,48,69,1.44,PLATINUM,70.08,0.012,0.069,0.154,0.0,1.23,86.2,66.26,19.94,0.9204,1,0
REQ-003817,13,FINANCIAL_DISTRICT,SUBURB_NORTH,COMFORT,20.0,61.5,DRIZZLE,0.0,10.0,31.9,0.15,0,45,60,1.33,REGULAR,65.18,0.1,0.0,0.116,0.0,1.22,79.52,61.07,18.45,0.8364,0,0
REQ-003818,15,SUBURB_NORTH,DOWNTOWN,COMFORT,16.24,39.9,HEAVY_RAIN,28.4,0.6,17.3,0.1,0,60,65,1.08,REGULAR,49.25,1.134,0.0,0.0,0.0,2.13,104.9,84.24,20.66,0.3654,0,0
REQ-003819,18,SUBURB_NORTH,FINANCIAL_DISTRICT,PREMIUM,7.95,16.2,HEAVY_RAIN,46.1,1.2,15.7,0.71,0,48,61,1.27,PLATINUM,44.03,1.199,0.485,0.095,0.25,3.03,133.41,109.0,24.41,0.1333,0,0
REQ-003820,23,AIRPORT,FINANCIAL_DISTRICT,COMFORT,3.83,7.3,CLEAR,0.0,10.0,24.8,0.17,1,46,51,1.11,PLATINUM,14.11,0.058,0.12,0.0,0.15,1.33,18.77,14.54,4.23,0.901,1,0
REQ-003821,0,TECH_CORRIDOR,AIRPORT,PREMIUM,8.55,19.6,CLEAR,0.0,10.0,16.2,0.39,0,49,47,0.96,PLATINUM,48.6,0.0,0.053,0.0,0.15,1.2,58.32,44.71,13.61,0.9255,1,0
REQ-003822,12,FINANCIAL_DISTRICT,DOWNTOWN,PREMIUM,20.84,58.4,RAIN,6.5,4.4,6.5,0.14,0,36,44,1.22,GOLD,115.99,0.323,0.0,0.077,0.0,1.4,162.39,126.43,35.96,0.8429,1,0
REQ-003823,16,DOWNTOWN,TECH_CORRIDOR,PREMIUM,2.56,7.7,CLEAR,0.0,10.0,27.5,0.22,0,54,22,0.41,REGULAR,21.71,0.012,0.001,0.0,0.0,1.01,21.93,16.47,5.46,0.8944,1,0
REQ-003824,1,TECH_CORRIDOR,DOWNTOWN,PREMIUM,23.06,50.4,CLEAR,0.0,10.0,11.3,0.27,0,17,29,1.71,REGULAR,115.41,0.07,0.009,0.248,0.15,1.48,170.81,133.65,37.16,0.7326,1,0
REQ-003825,16,SUBURB_NORTH,TECH_CORRIDOR,COMFORT,9.25,20.7,DRIZZLE,0.0,10.0,26.2,0.09,0,41,57,1.39,GOLD,29.07,0.174,0.0,0.136,0.0,1.31,38.08,29.46,8.62,0.8694,1,0
REQ-003826,13,AIRPORT,DOWNTOWN,XL,19.93,45.6,HEAVY_RAIN,51.5,2.0,30.9,0.08,0,17,61,3.59,REGULAR,75.21,1.179,0.0,0.906,0.0,3.09,232.4,190.02,42.38,0.0544,0,0
REQ-003827,7,SUBURB_NORTH,TECH_CORRIDOR,STANDARD,19.31,46.4,HEAVY_RAIN,48.5,2.5,8.8,0.43,0,28,43,1.54,REGULAR,43.38,1.096,0.074,0.189,0.2,2.56,111.05,90.05,21.0,0.1702,0,0
REQ-003828,6,FINANCIAL_DISTRICT,SUBURB_NORTH,STANDARD,20.22,56.3,CLEAR,0.0,10.0,28.8,0.39,0,23,59,2.57,GOLD,47.97,0.0,0.053,0.549,0.0,1.6,76.75,60.44,16.31,0.7685,0,0
REQ-003829,23,SUBURB_NORTH,DOWNTOWN,XL,8.39,23.9,DRIZZLE,0.0,10.0,23.2,0.27,0,39,58,1.49,REGULAR,37.96,0.1,0.009,0.171,0.15,1.43,54.28,42.34,11.94,0.7555,1,0
REQ-003830,1,AIRPORT,TECH_CORRIDOR,PREMIUM,4.4,13.1,CLEAR,0.0,10.0,23.5,0.08,0,12,58,4.83,REGULAR,31.45,0.063,0.0,1.2,0.15,2.41,75.79,61.28,14.51,0.2272,0,0
REQ-003831,12,FINANCIAL_DISTRICT,TECH_CORRIDOR,XL,7.02,16.8,RAIN,6.6,4.1,7.1,0.24,0,22,69,3.14,REGULAR,30.82,0.324,0.003,0.749,0.0,2.08,64.11,51.41,12.7,0.3936,0,0
REQ-003832,21,SUBURB_NORTH,DOWNTOWN,COMFORT,10.82,23.8,DRIZZLE,0.0,10.0,24.4,0.44,0,51,20,0.39,REGULAR,33.06,0.144,0.08,0.0,0.0,1.22,40.33,30.97,9.36,0.8364,1,0
REQ-003833,20,FINANCIAL_DISTRICT,DOWNTOWN,COMFORT,4.1,11.1,DRIZZLE,0.0,10.0,26.3,0.23,1,51,59,1.16,REGULAR,16.26,0.1,0.122,0.0,0.0,1.22,19.84,15.24,4.6,0.8364,1,0
REQ-003834,23,FINANCIAL_DISTRICT,TECH_CORRIDOR,XL,26.63,56.4,SNOW,7.4,7.8,-1.0,0.31,1,45,49,1.09,REGULAR,95.76,0.56,0.14,0.0,0.15,1.85,177.16,141.01,36.15,0.53,1,0
REQ-003835,12,FINANCIAL_DISTRICT,SUBURB_NORTH,XL,21.35,44.2,CLEAR,0.0,10.0,13.1,0.44,0,40,42,1.05,GOLD,77.36,0.0,0.08,0.0,0.0,1.08,83.55,63.28,20.27,0.9204,1,0
REQ-003836,22,FINANCIAL_DISTRICT,SUBURB_NORTH,XL,9.55,28.8,CLEAR,0.0,10.0,8.4,0.45,0,23,60,2.61,GOLD,43.34,0.0,0.086,0.563,0.0,1.65,71.51,56.45,15.06,0.7465,1,0
REQ-003837,20,AIRPORT,TECH_CORRIDOR,STANDARD,8.12,23.0,CLEAR,0.0,10.0,14.4,0.41,0,15,41,2.73,REGULAR,21.2,0.0,0.063,0.605,0.0,1.67,35.4,27.97,7.43,0.6346,0,0
REQ-003838,3,SUBURB_NORTH,TECH_CORRIDOR,STANDARD,15.3,43.4,SNOW,11.9,5.5,-3.9,0.38,1,41,13,0.32,PLATINUM,37.31,0.612,0.168,0.0,0.15,1.93,72.01,57.48,14.53,0.6831,1,0
REQ-003839,19,DOWNTOWN,TECH_CORRIDOR,COMFORT,25.01,52.3,DRIZZLE,0.0,10.0,6.7,0.69,1,49,64,1.31,GOLD,69.31,0.1,0.579,0.109,0.25,2.04,141.39,113.25,28.14,0.5359,1,0
REQ-003840,16,DOWNTOWN,AIRPORT,PREMIUM,19.09,52.1,DRIZZLE,0.0,10.0,19.7,0.13,0,59,76,1.29,REGULAR,105.73,0.1,0.0,0.102,0.0,1.2,126.88,97.27,29.61,0.8429,0,0
REQ-003841,14,FINANCIAL_DISTRICT,SUBURB_NORTH,STANDARD,11.42,29.2,CLEAR,0.0,10.0,30.7,0.25,0,44,16,0.36,REGULAR,27.5,0.0,0.005,0.0,0.0,1.0,27.5,20.62,6.88,0.8966,1,0
REQ-003842,18,AIRPORT,SUBURB_NORTH,COMFORT,26.13,71.0,CLEAR,0.0,10.0,31.6,0.52,0,57,33,0.58,REGULAR,79.56,0.0,0.263,0.0,0.25,1.51,120.14,94.16,25.98,0.7183,1,0
REQ-003843,4,FINANCIAL_DISTRICT,DOWNTOWN,PREMIUM,25.59,55.2,RAIN,14.1,7.7,22.3,0.27,1,37,59,1.59,REGULAR,126.57,0.409,0.129,0.207,0.0,1.75,221.5,175.62,45.88,0.589,1,0
REQ-003844,3,FINANCIAL_DISTRICT,TECH_CORRIDOR,COMFORT,18.83,49.9,CLEAR,0.0,10.0,21.8,0.25,0,14,44,3.14,REGULAR,58.02,0.0,0.005,0.749,0.15,1.9,110.24,87.9,22.34,0.5,1,0
REQ-003845,13,AIRPORT,SUBURB_NORTH,XL,27.04,61.0,CLEAR,0.0,10.0,27.1,0.31,0,21,43,2.05,REGULAR,99.38,0.035,0.02,0.367,0.0,1.42,141.12,110.01,31.11,0.7599,1,0
REQ-003846,18,TECH_CORRIDOR,DOWNTOWN,STANDARD,25.96,59.8,CLEAR,0.0,10.0,26.7,0.53,0,41,44,1.07,PLATINUM,56.38,0.068,0.272,0.0,0.25,1.59,89.64,70.56,19.08,0.8298,1,0
REQ-003847,12,TECH_CORRIDOR,AIRPORT,PREMIUM,5.2,12.9,CLEAR,0.0,10.0,11.9,0.12,0,29,63,2.17,REGULAR,33.52,0.0,0.0,0.409,0.0,1.41,47.26,36.82,10.44,0.7642,0,0
REQ-003848,18,TECH_CORRIDOR,AIRPORT,XL,6.51,19.8,RAIN,14.7,4.1,23.1,0.6,0,40,46,1.15,REGULAR,31.55,0.415,0.347,0.0,0.25,2.01,63.42,50.75,12.67,0.4344,0,0
REQ-003849,23,SUBURB_NORTH,DOWNTOWN,STANDARD,14.89,33.5,CLEAR,0.0,10.0,15.9,0.22,0,52,11,0.21,REGULAR,33.33,0.068,0.001,0.0,0.15,1.22,40.66,31.23,9.43,0.8364,0,0
REQ-003850,13,TECH_CORRIDOR,SUBURB_NORTH,COMFORT,18.86,35.2,CLEAR,0.0,10.0,21.6,0.06,0,59,42,0.71,REGULAR,51.46,0.04,0.0,0.0,0.0,1.04,53.52,40.35,13.17,0.8874,1,0
REQ-003851,0,DOWNTOWN,TECH_CORRIDOR,STANDARD,10.33,23.5,CLEAR,0.0,10.0,31.3,0.13,0,26,39,1.5,GOLD,24.13,0.028,0.0,0.175,0.15,1.35,32.58,25.28,7.3,0.8581,0,0
REQ-003852,13,SUBURB_NORTH,FINANCIAL_DISTRICT,PREMIUM,20.19,53.9,DRIZZLE,0.0,10.0,7.6,0.19,2,17,60,3.53,GOLD,110.34,0.176,0.24,0.885,0.0,2.3,253.78,204.68,49.1,0.3823,0,0
REQ-003853,4,DOWNTOWN,FINANCIAL_DISTRICT,XL,21.38,63.8,CLEAR,0.0,10.0,29.4,0.08,0,41,53,1.29,REGULAR,89.18,0.0,0.0,0.102,0.0,1.1,98.1,74.47,23.63,0.8721,1,0
REQ-003854,9,TECH_CORRIDOR,AIRPORT,PREMIUM,5.67,10.5,CLEAR,0.0,10.0,25.2,0.63,0,38,31,0.82,REGULAR,32.8,0.0,0.384,0.0,0.2,1.58,51.82,40.77,11.05,0.6831,0,0
REQ-003855,22,DOWNTOWN,FINANCIAL_DISTRICT,STANDARD,9.35,22.6,CLEAR,0.0,10.0,11.9,0.08,0,37,20,0.54,REGULAR,22.6,0.0,0.0,0.0,0.0,1.0,22.6,16.95,5.65,0.8966,0,0
REQ-003856,23,DOWNTOWN,AIRPORT,STANDARD,17.34,44.0,CLEAR,0.0,10.0,25.6,0.33,0,24,65,2.71,REGULAR,40.08,0.0,0.027,0.598,0.15,1.77,70.94,56.29,14.65,0.5774,1,0
REQ-003857,7,DOWNTOWN,TECH_CORRIDOR,COMFORT,10.25,22.5,HEAVY_RAIN,31.4,1.7,13.4,0.76,0,51,68,1.33,REGULAR,31.53,0.983,0.554,0.116,0.2,2.85,89.86,73.23,16.63,0.0928,0,0
REQ-003858,13,TECH_CORRIDOR,DOWNTOWN,PREMIUM,3.93,8.4,CLEAR,0.0,10.0,7.8,0.09,0,56,30,0.54,GOLD,26.14,0.0,0.0,0.0,0.0,1.0,26.14,19.61,6.53,0.9334,1,0
REQ-003859,8,TECH_CORRIDOR,SUBURB_NORTH,PREMIUM,19.26,60.0,DRIZZLE,0.0,10.0,11.8,0.81,0,13,37,2.85,REGULAR,112.93,0.1,0.628,0.647,0.2,2.58,291.36,236.36,55.0,0.1636,0,0
REQ-003860,16,FINANCIAL_DISTRICT,SUBURB_NORTH,STANDARD,12.36,24.5,CLEAR,0.0,10.0,13.7,0.15,0,8,46,5.75,REGULAR,27.02,0.0,0.0,1.2,0.0,2.2,59.44,47.82,11.62,0.3274,0,0
REQ-003861,2,TECH_CORRIDOR,SUBURB_NORTH,XL,13.94,38.9,DRIZZLE,0.0,10.0,16.0,0.31,0,21,33,1.57,REGULAR,58.61,0.1,0.02,0.2,0.15,1.47,86.16,67.38,18.78,0.7373,1,0
REQ-003862,15,FINANCIAL_DISTRICT,TECH_CORRIDOR,STANDARD,24.57,68.4,DRIZZLE,0.0,10.0,21.1,0.28,0,46,33,0.72,GOLD,57.65,0.1,0.011,0.0,0.0,1.11,63.99,48.63,15.36,0.915,1,0
REQ-003863,3,TECH_CORRIDOR,FINANCIAL_DISTRICT,COMFORT,15.53,47.1,THUNDERSTORM,27.6,2.7,12.6,0.13,0,17,58,3.41,REGULAR,51.32,1.091,0.0,0.844,0.15,3.08,158.07,129.23,28.84,0.0556,0,0
REQ-003864,23,AIRPORT,SUBURB_NORTH,XL,12.69,38.6,RAIN,5.1,7.7,29.7,0.2,0,41,76,1.85,GOLD,55.81,0.307,0.0,0.297,0.15,1.75,97.67,77.44,20.23,0.6985,1,0
REQ-003865,9,TECH_CORRIDOR,DOWNTOWN,XL,17.03,36.9,CLEAR,0.0,10.0,5.8,0.66,1,27,38,1.41,REGULAR,63.9,0.0,0.54,0.143,0.2,1.88,120.13,95.72,24.41,0.512,0,0
REQ-003866,21,DOWNTOWN,SUBURB_NORTH,COMFORT,24.12,53.0,CLEAR,0.0,10.0,18.9,0.15,0,19,44,2.32,REGULAR,68.15,0.019,0.0,0.462,0.0,1.48,100.86,78.92,21.94,0.7326,1,0
REQ-003867,15,AIRPORT,DOWNTOWN,PREMIUM,17.78,42.4,CLEAR,0.0,10.0,23.6,0.3,0,19,29,1.53,REGULAR,93.82,0.0,0.017,0.185,0.0,1.2,112.58,86.31,26.27,0.8429,1,0
REQ-003868,5,AIRPORT,DOWNTOWN,XL,11.99,24.6,CLEAR,0.0,10.0,18.4,0.12,0,23,34,1.48,REGULAR,45.94,0.0,0.0,0.168,0.0,1.17,53.75,41.09,12.66,0.8522,0,0
REQ-003869,21,DOWNTOWN,FINANCIAL_DISTRICT,PREMIUM,15.97,29.0,CLEAR,0.0,10.0,31.6,0.38,0,28,56,2.0,REGULAR,77.37,0.0,0.048,0.35,0.0,1.4,108.32,84.33,23.99,0.7685,1,0
REQ-003870,16,FINANCIAL_DISTRICT,AIRPORT,STANDARD,2.99,8.3,CLEAR,0.0,10.0,8.5,0.16,0,22,15,0.68,REGULAR,9.65,0.047,0.0,0.0,0.0,1.05,10.13,7.65,2.48,0.8849,1,0
REQ-003871,8,DOWNTOWN,SUBURB_NORTH,XL,19.07,47.3,CLEAR,0.0,10.0,10.1,0.76,0,14,57,4.07,GOLD,74.43,0.0,0.556,1.075,0.2,2.83,210.64,171.6,39.04,0.1478,0,0
REQ-003872,21,DOWNTOWN,AIRPORT,COMFORT,6.42,12.6,RAIN,5.0,6.9,15.1,0.1,0,18,25,1.39,REGULAR,20.76,0.306,0.0,0.136,0.0,1.44,29.89,23.33,6.56,0.751,1,0
REQ-003873,7,FINANCIAL_DISTRICT,SUBURB_NORTH,STANDARD,9.36,19.3,CLEAR,0.0,10.0,9.6,0.52,0,33,21,0.64,REGULAR,21.45,0.0,0.262,0.0,0.2,1.46,31.32,24.48,6.84,0.7419,0,0
REQ-003874,0,TECH_CORRIDOR,AIRPORT,COMFORT,19.75,62.2,CLEAR,0.0,10.0,17.9,0.45,0,50,79,1.58,REGULAR,65.08,0.0,0.086,0.203,0.15,1.44,93.72,73.15,20.57,0.751,1,0
REQ-003875,9,FINANCIAL_DISTRICT,SUBURB_NORTH,STANDARD,20.5,54.7,DRIZZLE,0.0,10.0,8.3,0.61,0,13,72,5.54,REGULAR,47.76,0.139,0.36,1.2,0.2,2.9,138.5,112.95,25.55,0.0832,1,0
REQ-003876,6,DOWNTOWN,FINANCIAL_DISTRICT,STANDARD,11.04,32.3,RAIN,12.8,6.8,32.0,0.17,2,27,76,2.81,REGULAR,28.1,0.394,0.24,0.633,0.0,2.27,63.79,51.41,12.38,0.2915,1,0
REQ-003877,0,AIRPORT,SUBURB_NORTH,PREMIUM,26.76,72.4,DRIZZLE,0.0,10.0,21.6,0.12,0,31,28,0.9,REGULAR,144.47,0.1,0.0,0.0,0.15,1.25,180.59,139.05,41.54,0.8264,1,0
REQ-003878,22,FINANCIAL_DISTRICT,TECH_CORRIDOR,COMFORT,11.7,31.5,CLEAR,0.0,10.0,25.1,0.2,0,47,22,0.47,GOLD,37.98,0.0,0.0,0.0,0.0,1.0,37.98,28.48,9.5,0.9334,1,0
REQ-003879,19,DOWNTOWN,AIRPORT,PREMIUM,23.26,72.9,CLEAR,0.0,10.0,12.3,0.5,0,16,51,3.19,GOLD,135.1,0.0,0.243,0.766,0.25,2.26,305.33,246.02,59.31,0.4052,1,0
REQ-003880,6,FINANCIAL_DISTRICT,SUBURB_NORTH,PREMIUM,22.95,56.0,CLEAR,0.0,10.0,20.0,0.25,0,60,24,0.4,REGULAR,119.86,0.042,0.005,0.0,0.0,1.05,125.85,94.99,30.86,0.8849,0,0
REQ-003881,1,DOWNTOWN,AIRPORT,COMFORT,16.12,36.8,CLEAR,0.0,10.0,8.8,0.22,0,50,42,0.84,REGULAR,47.66,0.007,0.001,0.0,0.15,1.16,55.29,42.23,13.06,0.8552,1,0
REQ-003882,8,AIRPORT,TECH_CORRIDOR,COMFORT,6.32,18.4,CLEAR,0.0,10.0,21.8,0.41,0,47,79,1.68,REGULAR,23.21,0.0,0.063,0.238,0.2,1.5,34.81,27.27,7.54,0.7231,1,0
REQ-003883,23,DOWNTOWN,SUBURB_NORTH,PREMIUM,27.38,62.4,CLEAR,0.0,10.0,21.5,0.09,0,18,61,3.39,REGULAR,137.7,0.0,0.0,0.837,0.15,1.99,274.02,219.15,54.87,0.4462,1,0
REQ-003884,6,FINANCIAL_DISTRICT,AIRPORT,XL,26.82,61.8,CLEAR,0.0,10.0,27.1,0.3,0,40,35,0.88,REGULAR,99.4,0.0,0.017,0.0,0.0,1.02,101.39,76.24,25.15,0.8921,1,0
REQ-003885,11,FINANCIAL_DISTRICT,DOWNTOWN,XL,19.88,37.0,CLEAR,0.0,10.0,14.1,0.44,0,42,55,1.31,REGULAR,69.95,0.0,0.08,0.109,0.0,1.19,83.24,63.76,19.48,0.8461,1,0
REQ-003886,19,AIRPORT,DOWNTOWN,PREMIUM,21.42,59.5,RAIN,14.3,5.0,28.6,0.85,0,53,27,0.51,GOLD,118.55,0.419,0.69,0.0,0.25,2.36,279.78,225.96,53.82,0.3489,1,0
REQ-003887,2,AIRPORT,SUBURB_NORTH,XL,11.5,35.8,CLEAR,0.0,10.0,19.2,0.09,0,26,47,1.81,PLATINUM,51.63,0.0,0.0,0.283,0.15,1.43,73.83,57.59,16.24,0.8774,0,0
REQ-003888,21,FINANCIAL_DISTRICT,AIRPORT,COMFORT,18.23,47.4,CLEAR,0.0,10.0,17.4,0.11,0,46,62,1.35,GOLD,55.91,0.044,0.0,0.123,0.0,1.17,65.41,50.01,15.4,0.9031,1,0
REQ-003889,9,AIRPORT,SUBURB_NORTH,XL,2.6,8.2,BLIZZARD,41.3,2.2,-14.0,0.65,0,12,11,0.92,PLATINUM,16.38,1.2,0.407,0.0,0.2,2.81,46.03,37.49,8.54,0.2069,0,0
REQ-003890,16,TECH_CORRIDOR,FINANCIAL_DISTRICT,XL,4.66,9.1,DRIZZLE,0.0,10.0,28.6,0.15,1,13,65,5.0,PLATINUM,21.25,0.1,0.12,1.2,0.0,2.42,51.42,41.58,9.84,0.3994,1,0
REQ-003891,7,AIRPORT,TECH_CORRIDOR,COMFORT,25.17,60.3,CLEAR,0.0,10.0,30.2,0.71,0,10,20,2.0,REGULAR,73.16,0.0,0.484,0.35,0.2,2.03,148.51,118.92,29.59,0.4226,0,0
REQ-003892,22,DOWNTOWN,TECH_CORRIDOR,XL,23.76,67.9,CLEAR,0.0,10.0,12.7,0.42,0,21,53,2.52,REGULAR,96.64,0.0,0.069,0.532,0.0,1.6,154.62,121.76,32.86,0.6726,0,0
REQ-003893,15,TECH_CORRIDOR,FINANCIAL_DISTRICT,PREMIUM,23.11,53.5,HEAVY_RAIN,30.5,0.8,15.6,0.4,0,51,60,1.18,GOLD,118.19,1.087,0.058,0.0,0.0,2.14,252.93,203.17,49.76,0.476,0,0
REQ-003894,11,SUBURB_NORTH,AIRPORT,STANDARD,12.33,26.4,CLEAR,0.0,10.0,15.6,0.08,0,37,59,1.59,REGULAR,27.65,0.0,0.0,0.207,0.0,1.21,33.46,25.68,7.78,0.8397,1,0
REQ-003895,9,FINANCIAL_DISTRICT,SUBURB_NORTH,PREMIUM,26.16,55.4,CLEAR,0.0,10.0,21.2,0.81,1,34,33,0.97,GOLD,128.34,0.0,0.748,0.0,0.2,1.95,250.26,199.89,50.37,0.589,1,0
REQ-003896,15,SUBURB_NORTH,AIRPORT,PREMIUM,13.63,30.1,RAIN,5.7,5.0,25.0,0.07,0,35,71,2.03,REGULAR,71.75,0.314,0.0,0.36,0.0,1.67,119.82,94.67,25.15,0.6346,0,0
REQ-003897,6,AIRPORT,FINANCIAL_DISTRICT,XL,21.41,48.6,CLEAR,0.0,10.0,19.8,0.44,0,50,56,1.12,PLATINUM,80.12,0.0,0.08,0.0,0.0,1.08,86.53,65.54,20.99,0.9431,1,0
REQ-003898,12,TECH_CORRIDOR,DOWNTOWN,PREMIUM,4.84,14.4,CLEAR,0.0,10.0,26.3,0.05,0,36,60,1.67,REGULAR,33.79,0.0,0.0,0.234,0.0,1.23,41.56,31.95,9.61,0.8331,1,0
REQ-003899,5,DOWNTOWN,AIRPORT,PREMIUM,24.79,51.7,HEAVY_RAIN,25.2,2.5,15.9,0.09,0,13,68,5.23,REGULAR,121.36,0.834,0.0,1.2,0.0,3.03,367.72,300.43,67.29,0.0623,0,0
REQ-003900,1,AIRPORT,TECH_CORRIDOR,PREMIUM,13.88,44.4,CLEAR,0.0,10.0,23.4,0.42,0,39,30,0.77,PLATINUM,84.6,0.034,0.069,0.0,0.15,1.25,105.75,81.43,24.32,0.9168,1,0
REQ-003901,14,SUBURB_NORTH,AIRPORT,PREMIUM,12.72,39.7,DRIZZLE,0.0,10.0,16.1,0.35,0,34,42,1.24,REGULAR,77.37,0.1,0.034,0.084,0.0,1.22,94.39,72.49,21.9,0.8364,1,0
REQ-003902,18,SUBURB_NORTH,DOWNTOWN,COMFORT,23.26,50.2,RAIN,12.8,5.4,17.1,0.52,0,25,78,3.12,GOLD,65.47,0.394,0.261,0.742,0.25,2.65,173.5,140.93,32.57,0.2108,1,0
REQ-003903,10,DOWNTOWN,SUBURB_NORTH,STANDARD,2.67,7.0,THUNDERSTORM,39.1,2.5,31.0,0.26,0,8,38,4.75,REGULAR,8.79,1.2,0.007,1.2,0.0,3.41,29.97,24.6,5.37,0.026,0,0
REQ-003904,6,AIRPORT,TECH_CORRIDOR,PREMIUM,27.21,49.3,HEAVY_RAIN,45.9,2.6,6.1,0.08,0,32,17,0.53,REGULAR,126.09,1.073,0.0,0.0,0.0,2.07,261.01,209.25,51.76,0.3994,0,0
REQ-003905,2,FINANCIAL_DISTRICT,SUBURB_NORTH,XL,12.83,33.4,CLEAR,0.0,10.0,10.2,0.38,0,41,59,1.44,REGULAR,52.98,0.065,0.048,0.154,0.15,1.42,75.23,58.65,16.58,0.7599,1,0
REQ-003906,3,DOWNTOWN,SUBURB_NORTH,STANDARD,22.98,66.1,THUNDERSTORM,23.0,1.5,22.3,0.13,1,20,51,2.55,REGULAR,54.86,1.159,0.12,0.542,0.15,2.97,162.93,133.0,29.93,0.0712,0,0
REQ-003907,0,TECH_CORRIDOR,SUBURB_NORTH,STANDARD,18.37,52.4,CLEAR,0.0,10.0,18.9,0.27,1,49,71,1.45,GOLD,44.3,0.0,0.129,0.157,0.15,1.44,63.79,49.79,14.0,0.8298,0,0
REQ-003908,23,TECH_CORRIDOR,SUBURB_NORTH,XL,15.78,50.4,HEAVY_RAIN,26.8,2.4,11.6,0.38,0,17,68,4.0,REGULAR,69.38,0.862,0.048,1.05,0.15,3.11,215.77,176.47,39.3,0.052,0,0
REQ-003909,23,AIRPORT,SUBURB_NORTH,XL,10.75,33.1,HEAVY_RAIN,44.7,1.4,24.8,0.13,1,15,51,3.4,REGULAR,48.43,1.2,0.12,0.84,0.15,3.31,160.3,131.41,28.89,0.0328,0,0
REQ-003910,9,AIRPORT,SUBURB_NORTH,PREMIUM,18.64,38.0,CLEAR,0.0,10.0,22.3,0.6,1,15,27,1.8,REGULAR,92.49,0.0,0.467,0.28,0.2,1.95,180.36,144.06,36.3,0.47,1,0
REQ-003911,14,FINANCIAL_DISTRICT,TECH_CORRIDOR,PREMIUM,7.94,15.3,CLEAR,0.0,10.0,25.4,0.4,0,48,41,0.85,REGULAR,43.24,0.0,0.058,0.0,0.0,1.06,45.83,34.63,11.2,0.8825,1,0
REQ-003912,1,AIRPORT,TECH_CORRIDOR,STANDARD,21.02,56.5,RAIN,7.0,4.1,24.0,0.1,0,19,35,1.84,GOLD,49.04,0.329,0.0,0.294,0.15,1.77,86.8,68.88,17.92,0.6883,1,0
REQ-003913,14,DOWNTOWN,AIRPORT,XL,23.19,49.5,CLEAR,0.0,10.0,26.5,0.44,0,60,18,0.3,REGULAR,84.4,0.0,0.08,0.0,0.0,1.08,91.15,69.04,22.11,0.8774,1,0
REQ-003914,4,DOWNTOWN,TECH_CORRIDOR,COMFORT,15.8,38.4,RAIN,11.0,5.8,8.8,0.21,0,56,39,0.7,GOLD,47.85,0.374,0.0,0.0,0.0,1.37,65.55,50.93,14.62,0.8522,1,0
REQ-003915,15,DOWNTOWN,TECH_CORRIDOR,PREMIUM,18.62,51.8,CLEAR,0.0,10.0,25.7,0.2,0,27,43,1.59,REGULAR,104.17,0.0,0.0,0.207,0.0,1.21,126.05,96.73,29.32,0.8397,0,0
REQ-003916,15,TECH_CORRIDOR,FINANCIAL_DISTRICT,XL,11.46,31.1,THUNDERSTORM,36.3,2.2,30.4,0.31,0,32,12,0.38,REGULAR,48.73,1.2,0.02,0.0,0.0,2.22,108.18,87.08,21.1,0.3169,0,0
REQ-003917,5,DOWNTOWN,FINANCIAL_DISTRICT,COMFORT,19.81,41.6,CLEAR,0.0,10.0,11.2,0.11,0,10,79,7.9,REGULAR,55.91,0.0,0.0,1.2,0.0,2.2,123.0,98.96,24.04,0.3274,0,0
REQ-003918,8,DOWNTOWN,AIRPORT,XL,2.74,7.7,SNOW,3.5,4.6,-9.8,0.4,1,43,52,1.21,GOLD,16.37,0.635,0.178,0.073,0.2,2.09,34.21,27.44,6.77,0.506,0,0
REQ-003919,2,DOWNTOWN,TECH_CORRIDOR,COMFORT,17.2,32.7,HEAVY_RAIN,51.6,2.1,18.4,0.23,0,51,43,0.84,REGULAR,47.6,1.171,0.002,0.0,0.15,2.32,110.43,89.11,21.32,0.2674,0,0
REQ-003920,1,SUBURB_NORTH,TECH_CORRIDOR,PREMIUM,15.81,42.1,FOG,0.0,10.0,25.0,0.06,0,58,73,1.26,REGULAR,88.06,0.2,0.0,0.091,0.15,1.44,126.81,98.98,27.83,0.751,1,0
REQ-003921,5,AIRPORT,FINANCIAL_DISTRICT,XL,2.44,6.2,CLEAR,0.0,10.0,17.2,0.41,0,24,30,1.25,REGULAR,14.84,0.0,0.063,0.087,0.0,1.15,17.07,13.03,4.04,0.8581,1,0
REQ-003922,8,TECH_CORRIDOR,SUBURB_NORTH,XL,6.47,12.1,CLEAR,0.0,10.0,19.7,0.53,0,45,43,0.96,GOLD,26.85,0.0,0.271,0.0,0.2,1.47,39.47,30.86,8.61,0.8194,1,0
REQ-003923,1,FINANCIAL_DISTRICT,DOWNTOWN,STANDARD,15.55,46.1,THUNDERSTORM,21.1,2.3,14.9,0.14,0,54,80,1.48,GOLD,38.57,1.057,0.0,0.168,0.15,2.38,91.8,74.17,17.63,0.338,0,0
REQ-003924,22,SUBURB_NORTH,TECH_CORRIDOR,STANDARD,26.88,80.8,CLEAR,0.0,10.0,17.9,0.15,0,29,47,1.62,GOLD,64.88,0.0,0.0,0.217,0.0,1.22,79.15,60.79,18.36,0.8921,1,0
REQ-003925,16,TECH_CORRIDOR,AIRPORT,COMFORT,19.73,41.5,DRIZZLE,0.0,10.0,5.2,0.14,0,36,20,0.56,PLATINUM,55.73,0.101,0.0,0.0,0.0,1.1,61.3,46.53,14.77,0.9405,1,0
REQ-003926,14,SUBURB_NORTH,DOWNTOWN,XL,22.3,64.4,DRIZZLE,0.0,10.0,26.7,0.19,0,24,54,2.25,GOLD,91.47,0.1,0.0,0.438,0.0,1.54,140.86,110.58,30.28,0.7931,1,0
REQ-003927,0,AIRPORT,FINANCIAL_DISTRICT,XL,17.09,37.6,DRIZZLE,0.0,10.0,12.0,0.09,0,57,15,0.26,REGULAR,64.45,0.1,0.0,0.0,0.15,1.25,80.56,62.03,18.53,0.8264,0,0
REQ-003928,8,SUBURB_NORTH,TECH_CORRIDOR,XL,22.87,43.3,HEAVY_RAIN,35.4,2.3,6.7,0.62,0,27,25,0.93,REGULAR,80.01,0.968,0.373,0.0,0.2,2.54,203.23,164.74,38.49,0.1771,0,0
REQ-003929,13,FINANCIAL_DISTRICT,AIRPORT,PREMIUM,25.51,76.1,CLEAR,0.0,10.0,29.9,0.36,0,48,73,1.52,REGULAR,144.11,0.0,0.039,0.182,0.0,1.22,175.81,135.03,40.78,0.8364,1,0
REQ-003930,14,FINANCIAL_DISTRICT,SUBURB_NORTH,PREMIUM,16.34,39.0,THUNDERSTORM,37.1,2.4,10.9,0.09,0,25,51,2.04,REGULAR,86.9,1.2,0.0,0.364,0.0,2.56,222.46,180.4,42.06,0.1702,1,0
REQ-003931,3,AIRPORT,TECH_CORRIDOR,XL,25.37,70.2,CLEAR,0.0,10.0,14.4,0.21,0,55,63,1.15,PLATINUM,101.4,0.0,0.0,0.0,0.15,1.15,116.61,88.98,27.63,0.9334,1,0
REQ-003932,0,TECH_CORRIDOR,DOWNTOWN,COMFORT,25.81,64.0,CLEAR,0.0,10.0,16.3,0.13,0,25,67,2.68,GOLD,75.89,0.074,0.0,0.588,0.15,1.81,137.36,109.17,28.19,0.6673,1,0
REQ-003933,15,SUBURB_NORTH,FINANCIAL_DISTRICT,COMFORT,9.09,25.3,THUNDERSTORM,58.4,2.4,24.4,0.1,0,47,67,1.43,PLATINUM,30.88,1.2,0.0,0.15,0.0,2.35,72.57,58.6,13.97,0.4403,0,0
REQ-003934,14,DOWNTOWN,FINANCIAL_DISTRICT,XL,19.41,61.9,CLEAR,0.0,10.0,8.2,0.33,0,11,61,5.55,REGULAR,83.9,0.0,0.027,1.2,0.0,2.23,187.1,150.64,36.46,0.3117,0,0
REQ-003935,2,SUBURB_NORTH,TECH_CORRIDOR,STANDARD,4.43,12.6,DRIZZLE,0.0,10.0,20.1,0.16,0,25,14,0.56,GOLD,12.95,0.1,0.0,0.0,0.15,1.25,16.19,12.47,3.72,0.8849,1,0
REQ-003936,17,DOWNTOWN,AIRPORT,XL,19.2,58.7,RAIN,8.6,6.5,10.7,0.43,0,58,50,0.86,GOLD,81.54,0.347,0.074,0.0,0.25,1.67,136.17,107.59,28.58,0.7373,1,0
REQ-003937,8,FINANCIAL_DISTRICT,DOWNTOWN,XL,17.89,41.3,THUNDERSTORM,27.2,1.7,30.0,0.6,0,34,62,1.82,REGULAR,68.35,1.186,0.347,0.287,0.2,3.02,206.42,168.62,37.8,0.0637,0,0
REQ-003938,6,AIRPORT,FINANCIAL_DISTRICT,COMFORT,19.48,57.3,RAIN,5.4,4.8,26.7,0.31,0,46,48,1.04,REGULAR,62.43,0.382,0.02,0.0,0.0,1.4,87.4,68.05,19.35,0.7685,1,0
REQ-003939,14,DOWNTOWN,AIRPORT,STANDARD,15.54,31.0,CLEAR,0.0,10.0,21.5,0.43,1,38,74,1.95,REGULAR,33.27,0.0,0.194,0.332,0.0,1.53,50.9,39.94,10.96,0.7085,0,0
REQ-003940,10,AIRPORT,FINANCIAL_DISTRICT,PREMIUM,4.06,8.3,CLEAR,0.0,10.0,28.9,0.06,0,26,64,2.46,PLATINUM,26.43,0.0,0.0,0.511,0.0,1.51,39.91,31.28,8.63,0.8552,1,0
REQ-003941,9,DOWNTOWN,AIRPORT,COMFORT,11.17,22.5,CLEAR,0.0,10.0,16.2,0.67,0,10,64,6.4,REGULAR,33.05,0.0,0.434,1.2,0.2,2.83,93.53,76.2,17.33,0.0969,0,0
REQ-003942,6,AIRPORT,TECH_CORRIDOR,PREMIUM,22.35,41.9,CLEAR,0.0,10.0,6.3,0.38,0,31,56,1.81,REGULAR,106.19,0.0,0.048,0.283,0.0,1.33,141.23,109.43,31.8,0.7971,0,0
REQ-003943,8,FINANCIAL_DISTRICT,AIRPORT,XL,22.16,53.9,DRIZZLE,0.0,10.0,17.4,0.61,0,52,54,1.04,GOLD,84.88,0.174,0.361,0.0,0.2,1.73,146.84,116.33,30.51,0.7085,1,0
REQ-003944,17,SUBURB_NORTH,DOWNTOWN,STANDARD,20.66,50.9,CLEAR,0.0,10.0,20.1,0.81,0,43,25,0.58,REGULAR,46.63,0.022,0.628,0.0,0.25,1.9,88.6,70.65,17.95,0.5,0,0
REQ-003945,16,FINANCIAL_DISTRICT,AIRPORT,COMFORT,14.13,30.7,DRIZZLE,0.0,10.0,6.8,0.08,0,19,23,1.21,REGULAR,41.62,0.1,0.0,0.073,0.0,1.17,48.7,37.23,11.47,0.8522,1,0
REQ-003946,18,DOWNTOWN,SUBURB_NORTH,PREMIUM,20.38,38.7,RAIN,3.5,6.6,29.2,0.76,1,11,34,3.09,PLATINUM,97.96,0.289,0.675,0.731,0.25,2.94,288.0,235.0,53.0,0.1603,0,0
REQ-003947,6,TECH_CORRIDOR,SUBURB_NORTH,STANDARD,26.08,58.0,DRIZZLE,0.0,10.0,6.5,0.23,0,58,74,1.28,REGULAR,55.9,0.119,0.002,0.098,0.0,1.22,68.2,52.38,15.82,0.8364,0,0
REQ-003948,8,SUBURB_NORTH,FINANCIAL_DISTRICT,COMFORT,4.88,14.7,CLEAR,0.0,10.0,32.0,0.58,1,31,62,2.0,PLATINUM,19.17,0.073,0.445,0.35,0.2,2.07,39.68,31.81,7.87,0.6064,0,0
REQ-003949,7,FINANCIAL_DISTRICT,AIRPORT,PREMIUM,12.08,24.5,CLEAR,0.0,10.0,6.4,0.85,0,24,75,3.12,GOLD,62.64,0.0,0.69,0.742,0.2,2.63,164.74,133.77,30.97,0.2189,0,0
REQ-003950,3,DOWNTOWN,AIRPORT,PREMIUM,27.99,89.4,CLEAR,0.0,10.0,5.5,0.21,0,31,18,0.58,REGULAR,162.36,0.0,0.0,0.0,0.15,1.15,186.71,142.47,44.24,0.8581,1,0
REQ-003951,23,TECH_CORRIDOR,FINANCIAL_DISTRICT,PREMIUM,8.49,26.1,CLEAR,0.0,10.0,19.2,0.33,0,51,25,0.49,REGULAR,53.96,0.0,0.027,0.0,0.15,1.18,63.67,48.72,14.95,0.8492,1,0
REQ-003952,4,DOWNTOWN,AIRPORT,COMFORT,16.77,48.7,CLEAR,0.0,10.0,8.5,0.31,0,52,68,1.31,REGULAR,54.09,0.0,0.02,0.109,0.0,1.13,61.12,46.54,14.58,0.8639,1,0
REQ-003953,9,FINANCIAL_DISTRICT,TECH_CORRIDOR,STANDARD,11.68,26.2,CLEAR,0.0,10.0,30.0,0.62,0,15,35,2.33,REGULAR,26.77,0.0,0.371,0.465,0.2,2.04,54.61,43.74,10.87,0.4168,0,0
REQ-003954,20,DOWNTOWN,TECH_CORRIDOR,STANDARD,22.71,45.9,CLEAR,0.0,10.0,21.6,0.32,1,38,22,0.58,REGULAR,47.45,0.0,0.143,0.0,0.0,1.14,54.09,41.23,12.86,0.861,1,0
REQ-003955,22,TECH_CORRIDOR,SUBURB_NORTH,PREMIUM,21.52,61.0,CLEAR,0.0,10.0,5.3,0.36,0,29,73,2.52,REGULAR,120.11,0.0,0.039,0.532,0.0,1.57,188.57,148.27,40.3,0.6883,1,0
REQ-003956,12,AIRPORT,FINANCIAL_DISTRICT,PREMIUM,7.58,15.8,HEAVY_RAIN,47.5,2.7,10.4,0.17,0,15,30,2.0,PLATINUM,42.65,1.064,0.0,0.35,0.0,2.41,102.79,83.11,19.68,0.4052,1,0
REQ-003957,7,TECH_CORRIDOR,AIRPORT,STANDARD,9.54,29.0,CLEAR,0.0,10.0,9.4,0.43,1,17,54,3.18,GOLD,25.07,0.044,0.194,0.763,0.2,2.2,55.15,44.37,10.78,0.4403,0,0
REQ-003958,0,FINANCIAL_DISTRICT,SUBURB_NORTH,STANDARD,5.49,13.6,CLEAR,0.0,10.0,20.5,0.45,0,35,43,1.23,REGULAR,14.62,0.0,0.086,0.08,0.15,1.32,19.3,14.94,4.36,0.8009,1,0
REQ-003959,4,SUBURB_NORTH,AIRPORT,PREMIUM,23.67,61.1,CLEAR,0.0,10.0,11.0,0.29,0,29,41,1.41,REGULAR,126.22,0.0,0.014,0.143,0.0,1.16,146.42,111.83,34.59,0.8552,0,0
REQ-003960,10,AIRPORT,SUBURB_NORTH,PREMIUM,17.84,56.8,CLEAR,0.0,10.0,25.0,0.36,0,8,62,7.75,GOLD,106.23,0.0,0.039,1.2,0.0,2.24,237.96,191.64,46.32,0.4168,1,0
REQ-003961,12,AIRPORT,TECH_CORRIDOR,COMFORT,13.99,25.4,CLEAR,0.0,10.0,22.7,0.45,0,14,56,4.0,REGULAR,39.01,0.0,0.086,1.05,0.0,2.14,83.48,67.06,16.42,0.3599,1,0
REQ-003962,17,DOWNTOWN,TECH_CORRIDOR,PREMIUM,27.88,60.4,DRIZZLE,0.0,10.0,19.2,0.6,0,51,25,0.49,REGULAR,137.4,0.1,0.348,0.0,0.25,1.7,233.58,184.8,48.78,0.6177,0,0
REQ-003963,22,AIRPORT,DOWNTOWN,PREMIUM,9.77,27.8,DRIZZLE,0.0,10.0,19.3,0.14,0,8,15,1.88,REGULAR,58.99,0.1,0.0,0.308,0.0,1.41,83.18,64.8,18.38,0.7642,1,0
REQ-003964,22,DOWNTOWN,TECH_CORRIDOR,COMFORT,22.0,60.8,FOG,0.0,10.0,18.3,0.42,0,42,68,1.62,GOLD,68.16,0.2,0.069,0.217,0.0,1.49,101.56,79.51,22.05,0.8121,1,0
REQ-003965,15,FINANCIAL_DISTRICT,DOWNTOWN,PREMIUM,10.87,33.6,HEAVY_RAIN,36.3,2.1,15.2,0.15,0,8,14,1.75,GOLD,67.0,1.038,0.0,0.262,0.0,2.3,154.1,124.28,29.82,0.3823,0,0
REQ-003966,0,FINANCIAL_DISTRICT,AIRPORT,STANDARD,12.6,29.8,CLEAR,0.0,10.0,16.6,0.44,0,45,49,1.09,GOLD,29.18,0.0,0.08,0.0,0.15,1.23,35.89,27.59,8.3,0.8897,1,0
REQ-003967,16,DOWNTOWN,AIRPORT,COMFORT,17.51,36.5,DRIZZLE,0.0,10.0,9.8,0.29,0,57,16,0.28,REGULAR,49.82,0.1,0.014,0.0,0.0,1.11,55.3,42.02,13.28,0.8694,1,0
REQ-003968,2,FINANCIAL_DISTRICT,AIRPORT,PREMIUM,10.2,29.5,RAIN,8.3,4.7,30.8,0.19,0,34,77,2.26,REGULAR,61.63,0.343,0.0,0.441,0.15,1.93,118.95,94.94,24.01,0.482,1,0
REQ-003969,1,AIRPORT,FINANCIAL_DISTRICT,COMFORT,23.89,47.6,CLEAR,0.0,10.0,22.1,0.09,0,9,71,7.89,REGULAR,65.34,0.0,0.0,1.2,0.15,2.35,153.55,123.98,29.57,0.2535,0,0
REQ-003970,4,TECH_CORRIDOR,DOWNTOWN,STANDARD,18.37,37.3,CLEAR,0.0,10.0,10.4,0.32,0,16,22,1.38,REGULAR,39.01,0.014,0.023,0.133,0.0,1.17,45.64,34.89,10.75,0.8522,1,0
REQ-003971,11,AIRPORT,SUBURB_NORTH,COMFORT,25.61,47.8,RAIN,3.4,7.7,7.2,0.34,1,40,13,0.33,REGULAR,68.27,0.288,0.15,0.0,0.0,1.44,98.31,76.74,21.57,0.751,1,0
REQ-003972,10,DOWNTOWN,FINANCIAL_DISTRICT,STANDARD,23.76,71.1,CLEAR,0.0,10.0,23.9,0.38,0,12,24,2.0,PLATINUM,57.58,0.0,0.048,0.35,0.0,1.4,80.61,62.76,17.85,0.8849,0,0
REQ-003973,14,SUBURB_NORTH,AIRPORT,STANDARD,27.7,56.9,RAIN,5.3,4.2,18.1,0.23,0,23,73,3.17,PLATINUM,57.53,0.31,0.002,0.759,0.0,2.07,119.09,95.47,23.62,0.6064,0,0
REQ-003974,3,TECH_CORRIDOR,DOWNTOWN,STANDARD,9.17,17.9,CLEAR,0.0,10.0,24.0,0.45,0,34,18,0.53,REGULAR,20.72,0.0,0.086,0.0,0.15,1.24,25.69,19.76,5.93,0.8298,1,0
REQ-003975,5,FINANCIAL_DISTRICT,SUBURB_NORTH,COMFORT,10.82,28.5,CLEAR,0.0,10.0,28.6,0.35,0,47,17,0.36,REGULAR,35.18,0.07,0.034,0.0,0.0,1.1,38.7,29.38,9.32,0.8721,1,0
REQ-003976,18,FINANCIAL_DISTRICT,SUBURB_NORTH,PREMIUM,10.78,31.6,HEAVY_RAIN,55.7,1.9,14.6,0.81,0,10,57,5.7,REGULAR,65.04,1.2,0.629,1.2,0.25,3.5,227.64,186.99,40.65,0.021,0,1
REQ-003977,15,TECH_CORRIDOR,DOWNTOWN,STANDARD,16.18,37.1,CLEAR,0.0,10.0,31.5,0.23,0,35,26,0.74,PLATINUM,36.21,0.0,0.002,0.0,0.0,1.0,36.21,27.16,9.05,0.9526,1,0
REQ-003978,1,DOWNTOWN,TECH_CORRIDOR,STANDARD,26.58,58.5,CLEAR,0.0,10.0,17.8,0.34,0,17,74,4.35,REGULAR,56.69,0.058,0.03,1.172,0.15,2.41,136.62,110.46,26.16,0.2272,0,0
REQ-003979,20,SUBURB_NORTH,DOWNTOWN,STANDARD,20.75,64.4,HEAVY_RAIN,35.4,0.8,28.9,0.07,0,53,69,1.3,REGULAR,51.48,1.118,0.0,0.105,0.0,2.22,114.29,92.0,22.29,0.3169,1,0
REQ-003980,7,SUBURB_NORTH,AIRPORT,STANDARD,8.72,27.0,RAIN,6.1,5.6,21.3,0.48,0,30,22,0.73,REGULAR,23.35,0.319,0.106,0.0,0.2,1.62,37.83,29.82,8.01,0.662,0,0
REQ-003981,19,DOWNTOWN,AIRPORT,COMFORT,6.9,21.3,DRIZZLE,0.0,10.0,30.6,0.55,0,47,30,0.64,REGULAR,25.47,0.1,0.293,0.0,0.25,1.64,41.77,32.96,8.81,0.6511,1,0
REQ-003982,20,SUBURB_NORTH,DOWNTOWN,COMFORT,11.61,30.9,CLEAR,0.0,10.0,29.8,0.07,0,60,73,1.22,REGULAR,37.56,0.0,0.0,0.077,0.0,1.08,40.56,30.72,9.84,0.8774,1,0
REQ-003983,18,TECH_CORRIDOR,SUBURB_NORTH,PREMIUM,19.31,48.9,CLEAR,0.0,10.0,28.1,0.43,0,17,50,2.94,REGULAR,103.63,0.0,0.074,0.679,0.25,2.0,207.26,165.81,41.45,0.4403,1,0
REQ-003984,0,DOWNTOWN,FINANCIAL_DISTRICT,PREMIUM,26.55,71.3,DRIZZLE,0.0,10.0,25.8,0.2,0,8,63,7.88,REGULAR,142.94,0.1,0.0,1.2,0.15,2.45,350.2,283.38,66.82,0.2108,1,0
REQ-003985,16,FINANCIAL_DISTRICT,SUBURB_NORTH,XL,21.09,63.4,RAIN,10.2,4.8,22.2,0.23,1,15,13,0.87,REGULAR,88.33,0.365,0.122,0.0,0.0,1.49,131.61,103.04,28.57,0.7279,1,0
REQ-003986,6,DOWNTOWN,TECH_CORRIDOR,STANDARD,14.89,47.6,SNOW,9.8,5.8,-6.5,0.41,0,11,24,2.18,REGULAR,38.27,0.64,0.063,0.413,0.0,2.12,81.13,65.13,16.0,0.371,1,0
REQ-003987,11,DOWNTOWN,TECH_CORRIDOR,XL,13.65,29.5,RAIN,6.8,4.7,7.2,0.44,0,53,44,0.83,GOLD,52.37,0.342,0.08,0.0,0.0,1.42,74.37,57.98,16.39,0.8364,1,0
REQ-003988,3,AIRPORT,TECH_CORRIDOR,XL,3.35,9.9,CLEAR,0.0,10.0,24.9,0.05,0,40,29,0.72,REGULAR,18.98,0.054,0.0,0.0,0.15,1.2,22.78,17.46,5.32,0.8429,1,0
REQ-003989,3,DOWNTOWN,FINANCIAL_DISTRICT,COMFORT,2.9,8.1,THUNDERSTORM,52.3,1.5,28.1,0.31,0,38,56,1.47,GOLD,12.93,1.2,0.02,0.164,0.15,2.53,32.71,26.51,6.2,0.2627,0,0
REQ-003990,14,SUBURB_NORTH,DOWNTOWN,PREMIUM,25.01,72.5,CLEAR,0.0,10.0,5.4,0.39,0,58,75,1.29,REGULAR,139.65,0.0,0.053,0.102,0.0,1.16,161.99,123.73,38.26,0.8552,1,0
REQ-003991,3,TECH_CORRIDOR,AIRPORT,COMFORT,24.14,65.7,DRIZZLE,0.0,10.0,7.9,0.42,0,39,75,1.92,REGULAR,73.9,0.1,0.069,0.322,0.15,1.64,121.2,95.63,25.57,0.6511,0,0
REQ-003992,22,AIRPORT,TECH_CORRIDOR,STANDARD,25.57,48.1,CLEAR,0.0,10.0,25.8,0.09,0,40,20,0.5,REGULAR,51.8,0.0,0.0,0.0,0.0,1.0,51.8,38.85,12.95,0.8966,1,0
REQ-003993,20,FINANCIAL_DISTRICT,TECH_CORRIDOR,PREMIUM,27.42,65.5,RAIN,3.9,7.8,14.2,0.23,0,47,24,0.51,GOLD,140.45,0.294,0.002,0.0,0.0,1.3,182.58,141.15,41.43,0.8721,1,0
REQ-003994,17,TECH_CORRIDOR,FINANCIAL_DISTRICT,PREMIUM,8.92,16.8,SNOW,6.2,6.6,-10.9,0.63,0,28,20,0.71,REGULAR,47.26,0.688,0.384,0.0,0.25,2.32,109.64,88.47,21.17,0.2674,0,0
REQ-003995,21,DOWNTOWN,TECH_CORRIDOR,XL,23.56,54.9,CLEAR,0.0,10.0,18.2,0.13,0,35,76,2.17,REGULAR,88.42,0.0,0.0,0.409,0.0,1.41,124.67,97.13,27.54,0.7642,1,0
REQ-003996,14,SUBURB_NORTH,FINANCIAL_DISTRICT,PREMIUM,10.55,23.3,CLEAR,0.0,10.0,8.3,0.37,0,37,27,0.73,REGULAR,57.34,0.071,0.043,0.0,0.0,1.11,63.65,48.37,15.28,0.8694,1,0
REQ-003997,7,SUBURB_NORTH,TECH_CORRIDOR,STANDARD,26.78,77.4,CLEAR,0.0,10.0,19.4,0.71,1,22,23,1.05,REGULAR,63.57,0.0,0.604,0.0,0.2,1.8,114.43,90.91,23.52,0.5597,0,0
REQ-003998,3,SUBURB_NORTH,FINANCIAL_DISTRICT,XL,11.45,21.9,THUNDERSTORM,50.2,0.8,30.5,0.18,0,52,11,0.21,REGULAR,43.18,1.2,0.0,0.0,0.15,2.35,101.47,81.93,19.54,0.2535,0,0
REQ-003999,8,SUBURB_NORTH,TECH_CORRIDOR,XL,24.33,56.3,CLEAR,0.0,10.0,10.0,0.82,1,11,37,3.36,GOLD,90.87,0.0,0.763,0.826,0.2,2.79,253.53,206.41,47.12,0.1603,0,0
REQ-004000,2,SUBURB_NORTH,FINANCIAL_DISTRICT,PREMIUM,9.78,23.3,CLEAR,0.0,10.0,7.1,0.29,0,48,48,1.0,REGULAR,55.18,0.0,0.014,0.0,0.15,1.16,64.01,48.89,15.12,0.8552,1,0
REQ-004001,22,FINANCIAL_DISTRICT,DOWNTOWN,COMFORT,26.9,85.2,BLIZZARD,23.3,2.0,-1.2,0.4,0,59,74,1.25,REGULAR,87.22,1.2,0.058,0.087,0.0,2.35,204.97,165.5,39.47,0.2535,0,0
REQ-004002,2,SUBURB_NORTH,FINANCIAL_DISTRICT,COMFORT,22.13,55.2,RAIN,10.7,4.9,14.9,0.33,0,56,46,0.82,GOLD,65.85,0.396,0.027,0.0,0.15,1.57,103.38,81.29,22.09,0.7811,1,0
REQ-004003,9,FINANCIAL_DISTRICT,TECH_CORRIDOR,COMFORT,13.09,32.4,CLEAR,0.0,10.0,9.6,0.6,0,29,56,1.93,REGULAR,40.68,0.0,0.349,0.325,0.2,1.87,76.07,60.59,15.48,0.518,0,0
REQ-004004,12,SUBURB_NORTH,AIRPORT,PREMIUM,6.09,14.9,CLEAR,0.0,10.0,6.9,0.41,1,39,24,0.62,REGULAR,37.71,0.001,0.183,0.0,0.0,1.18,44.5,34.05,10.45,0.8492,1,0
REQ-004005,17,TECH_CORRIDOR,AIRPORT,XL,10.06,27.2,CLEAR,0.0,10.0,15.2,0.48,0,27,31,1.15,REGULAR,43.45,0.064,0.106,0.0,0.25,1.42,61.7,48.1,13.6,0.7599,1,0
REQ-004006,3,AIRPORT,SUBURB_NORTH,XL,27.77,68.2,CLEAR,0.0,10.0,6.0,0.43,0,10,58,5.8,GOLD,105.24,0.0,0.074,1.2,0.15,2.42,254.68,205.95,48.73,0.3169,1,0
REQ-004007,15,FINANCIAL_DISTRICT,AIRPORT,PREMIUM,18.6,43.7,SNOW,5.4,7.8,-7.0,0.27,0,44,16,0.36,REGULAR,97.23,0.601,0.009,0.0,0.0,1.61,156.54,123.34,33.2,0.6673,1,0
REQ-004008,21,DOWNTOWN,SUBURB_NORTH,COMFORT,9.17,27.1,THUNDERSTORM,50.8,0.7,19.3,0.14,0,52,12,0.23,REGULAR,31.83,1.2,0.0,0.0,0.0,2.2,70.03,56.34,13.69,0.3274,0,0
REQ-004009,0,TECH_CORRIDOR,FINANCIAL_DISTRICT,XL,14.75,37.1,RAIN,7.8,6.0,5.1,0.12,0,16,27,1.69,REGULAR,59.24,0.338,0.0,0.241,0.15,1.73,102.49,81.19,21.3,0.6006,1,0
REQ-004010,16,AIRPORT,DOWNTOWN,XL,9.33,20.5,BLIZZARD,59.6,2.0,-7.9,0.38,1,8,19,2.38,REGULAR,37.89,1.2,0.168,0.483,0.0,2.85,107.99,88.0,19.99,0.0928,0,0
REQ-004011,2,AIRPORT,FINANCIAL_DISTRICT,XL,13.7,26.9,CLEAR,0.0,10.0,17.7,0.08,0,20,76,3.8,REGULAR,50.91,0.0,0.0,0.98,0.15,2.13,108.44,87.08,21.36,0.3654,0,0
REQ-004012,7,TECH_CORRIDOR,FINANCIAL_DISTRICT,COMFORT,17.45,53.6,CLEAR,0.0,10.0,8.3,0.7,0,49,15,0.31,REGULAR,57.41,0.052,0.47,0.0,0.2,1.72,98.75,78.2,20.55,0.6064,1,0
REQ-004013,20,FINANCIAL_DISTRICT,AIRPORT,PREMIUM,6.28,19.2,CLEAR,0.0,10.0,9.5,0.24,1,54,37,0.69,REGULAR,41.9,0.0,0.123,0.0,0.0,1.12,46.93,35.7,11.23,0.8667,1,0
REQ-004014,15,FINANCIAL_DISTRICT,SUBURB_NORTH,XL,25.53,56.2,CLEAR,0.0,10.0,8.7,0.16,0,23,41,1.78,REGULAR,93.33,0.053,0.0,0.273,0.0,1.33,124.13,96.18,27.95,0.7971,1,0
REQ-004015,21,FINANCIAL_DISTRICT,TECH_CORRIDOR,STANDARD,22.1,68.4,CLEAR,0.0,10.0,8.7,0.18,1,49,55,1.12,REGULAR,54.56,0.0,0.12,0.0,0.0,1.12,61.11,46.49,14.62,0.8667,1,0
REQ-004016,16,AIRPORT,DOWNTOWN,PREMIUM,7.69,20.6,RAIN,11.3,6.9,18.9,0.35,0,26,28,1.08,REGULAR,47.04,0.377,0.034,0.0,0.0,1.41,66.33,51.68,14.65,0.7642,0,0
REQ-004017,11,FINANCIAL_DISTRICT,TECH_CORRIDOR,COMFORT,11.26,29.8,CLEAR,0.0,10.0,18.8,0.11,0,39,43,1.1,REGULAR,36.49,0.0,0.0,0.0,0.0,1.0,36.49,27.37,9.12,0.8966,1,0
REQ-004018,11,DOWNTOWN,AIRPORT,COMFORT,12.6,30.4,HEAVY_RAIN,31.0,1.4,12.3,0.17,0,58,69,1.19,PLATINUM,38.97,1.011,0.0,0.0,0.0,2.01,78.33,62.68,15.65,0.6401,1,0
REQ-004019,8,SUBURB_NORTH,FINANCIAL_DISTRICT,COMFORT,22.6,47.1,CLEAR,0.0,10.0,10.5,0.57,0,60,38,0.63,REGULAR,62.99,0.0,0.314,0.0,0.2,1.51,95.11,74.54,20.57,0.7183,1,0
REQ-004020,12,FINANCIAL_DISTRICT,AIRPORT,STANDARD,4.78,14.7,CLEAR,0.0,10.0,8.1,0.22,0,55,58,1.05,REGULAR,14.12,0.04,0.001,0.0,0.0,1.04,14.68,11.07,3.61,0.8874,1,0
REQ-004021,15,SUBURB_NORTH,DOWNTOWN,XL,14.42,42.5,CLEAR,0.0,10.0,21.8,0.27,0,22,39,1.77,REGULAR,61.78,0.0,0.009,0.269,0.0,1.28,79.08,61.04,18.04,0.8158,1,0
REQ-004022,17,AIRPORT,SUBURB_NORTH,STANDARD,5.18,11.8,CLEAR,0.0,10.0,25.5,0.73,0,22,66,3.0,REGULAR,13.6,0.0,0.512,0.7,0.25,2.46,33.46,27.08,6.38,0.2069,0,0
REQ-004023,14,DOWNTOWN,AIRPORT,COMFORT,2.83,9.0,CLEAR,0.0,10.0,27.1,0.39,0,10,60,6.0,REGULAR,13.22,0.081,0.053,1.2,0.0,2.33,30.8,24.86,5.94,0.2627,0,0
REQ-004024,0,TECH_CORRIDOR,SUBURB_NORTH,PREMIUM,7.99,22.8,DRIZZLE,0.0,10.0,31.2,0.27,0,46,75,1.63,GOLD,49.75,0.124,0.009,0.22,0.15,1.5,74.62,58.45,16.17,0.8085,1,0
REQ-004025,18,SUBURB_NORTH,DOWNTOWN,COMFORT,18.25,52.3,RAIN,4.0,7.9,8.5,0.54,0,20,50,2.5,REGULAR,58.15,0.358,0.282,0.525,0.25,2.42,140.72,113.8,26.92,0.223,0,0
REQ-004026,12,FINANCIAL_DISTRICT,TECH_CORRIDOR,XL,6.95,18.5,DRIZZLE,0.0,10.0,27.9,0.13,0,52,20,0.38,GOLD,31.7,0.105,0.0,0.0,0.0,1.1,34.87,26.47,8.4,0.9168,1,0
REQ-004027,7,DOWNTOWN,TECH_CORRIDOR,XL,22.29,46.4,DRIZZLE,0.0,10.0,30.7,0.83,1,14,58,4.14,REGULAR,80.65,0.156,0.78,1.099,0.2,3.24,261.31,214.05,47.26,0.0386,0,0
REQ-004028,9,DOWNTOWN,FINANCIAL_DISTRICT,XL,4.42,12.6,HEAVY_RAIN,51.0,2.6,30.0,0.67,1,47,63,1.34,GOLD,22.84,1.134,0.553,0.119,0.2,3.01,68.75,56.15,12.6,0.1012,0,0
REQ-004029,16,TECH_CORRIDOR,SUBURB_NORTH,COMFORT,13.25,24.2,CLEAR,0.0,10.0,12.6,0.12,0,60,77,1.28,REGULAR,37.25,0.0,0.0,0.098,0.0,1.1,40.98,31.11,9.87,0.8721,1,0
REQ-004030,19,AIRPORT,FINANCIAL_DISTRICT,STANDARD,7.23,23.0,CLEAR,0.0,10.0,8.2,0.41,0,41,38,0.93,REGULAR,20.09,0.047,0.063,0.0,0.25,1.36,27.32,21.21,6.11,0.7852,1,0
REQ-004031,4,DOWNTOWN,SUBURB_NORTH,XL,6.19,18.7,CLEAR,0.0,10.0,16.4,0.36,1,47,72,1.53,REGULAR,30.22,0.0,0.159,0.185,0.0,1.34,40.49,31.39,9.1,0.7931,0,0
REQ-004032,20,TECH_CORRIDOR,FINANCIAL_DISTRICT,COMFORT,3.78,11.3,CLEAR,0.0,10.0,7.6,0.09,0,55,72,1.31,GOLD,15.83,0.0,0.0,0.109,0.0,1.11,17.57,13.35,4.22,0.915,1,0
REQ-004033,22,SUBURB_NORTH,DOWNTOWN,XL,26.39,71.2,CLEAR,0.0,10.0,16.8,0.23,0,35,40,1.14,REGULAR,104.14,0.039,0.002,0.0,0.0,1.04,108.31,81.65,26.66,0.8874,1,0
REQ-004034,22,TECH_CORRIDOR,AIRPORT,XL,7.23,19.1,DRIZZLE,0.0,10.0,8.8,0.2,0,38,20,0.53,REGULAR,32.64,0.156,0.0,0.0,0.0,1.16,37.86,28.92,8.94,0.8552,0,0
REQ-004035,4,FINANCIAL_DISTRICT,SUBURB_NORTH,STANDARD,14.53,33.8,CLEAR,0.0,10.0,27.1,0.23,0,50,44,0.88,PLATINUM,32.99,0.075,0.002,0.0,0.0,1.08,35.63,26.99,8.64,0.9431,1,0
REQ-004036,21,AIRPORT,FINANCIAL_DISTRICT,STANDARD,14.88,46.0,FOG,0.0,10.0,25.2,0.14,0,12,60,5.0,REGULAR,37.7,0.245,0.0,1.2,0.0,2.45,92.37,74.74,17.63,0.2108,0,0
REQ-004037,6,SUBURB_NORTH,TECH_CORRIDOR,COMFORT,21.13,65.4,CLEAR,0.0,10.0,9.1,0.18,0,23,61,2.65,REGULAR,68.79,0.048,0.0,0.577,0.0,1.62,111.44,87.84,23.6,0.662,1,0
REQ-004038,17,DOWNTOWN,FINANCIAL_DISTRICT,COMFORT,22.48,59.8,CLEAR,0.0,10.0,8.9,0.6,0,51,36,0.71,PLATINUM,68.5,0.0,0.348,0.0,0.25,1.6,109.6,86.31,23.29,0.8264,1,0
REQ-004039,4,AIRPORT,TECH_CORRIDOR,COMFORT,7.57,24.0,DRIZZLE,0.0,10.0,11.1,0.35,1,27,19,0.7,REGULAR,27.79,0.1,0.154,0.0,0.0,1.25,34.74,26.75,7.99,0.8264,1,0
REQ-004040,12,AIRPORT,FINANCIAL_DISTRICT,COMFORT,25.25,58.3,RAIN,12.1,5.8,5.3,0.09,0,15,72,4.8,REGULAR,72.39,0.398,0.0,1.2,0.0,2.6,188.21,152.74,35.47,0.1571,0,0
REQ-004041,16,DOWNTOWN,FINANCIAL_DISTRICT,XL,8.1,21.6,THUNDERSTORM,55.3,2.2,20.3,0.09,0,35,76,2.17,REGULAR,35.97,1.2,0.0,0.409,0.0,2.61,93.88,76.2,17.68,0.1539,0,0
REQ-004042,20,SUBURB_NORTH,TECH_CORRIDOR,XL,21.31,48.7,DRIZZLE,0.0,10.0,17.0,0.32,0,15,28,1.87,REGULAR,79.97,0.147,0.023,0.304,0.0,1.47,117.56,91.93,25.63,0.7373,0,0
REQ-004043,13,SUBURB_NORTH,AIRPORT,PREMIUM,11.83,26.3,DRIZZLE,0.0,10.0,29.8,0.32,0,43,30,0.7,REGULAR,63.48,0.1,0.023,0.0,0.0,1.12,71.1,54.09,17.01,0.8667,0,0
REQ-004044,10,AIRPORT,TECH_CORRIDOR,XL,27.83,71.3,RAIN,12.6,5.9,11.6,0.23,0,11,23,2.09,REGULAR,107.22,0.392,0.002,0.381,0.0,1.77,189.78,150.59,39.19,0.5774,0,0
REQ-004045,23,TECH_CORRIDOR,FINANCIAL_DISTRICT,XL,26.07,78.4,RAIN,9.3,4.9,8.5,0.4,1,26,63,2.42,GOLD,107.79,0.355,0.178,0.497,0.15,2.18,234.98,188.95,46.03,0.4521,1,0
REQ-004046,10,AIRPORT,FINANCIAL_DISTRICT,STANDARD,19.04,51.2,RAIN,12.9,4.5,26.5,0.27,0,11,28,2.55,GOLD,44.72,0.395,0.009,0.542,0.0,1.95,87.2,69.65,17.55,0.589,1,0
REQ-004047,15,DOWNTOWN,SUBURB_NORTH,COMFORT,7.22,22.3,CLEAR,0.0,10.0,27.7,0.3,1,13,56,4.31,GOLD,26.45,0.0,0.137,1.158,0.0,2.29,60.57,48.84,11.73,0.3879,1,0
REQ-004048,11,TECH_CORRIDOR,AIRPORT,STANDARD,24.25,64.4,CLEAR,0.0,10.0,30.1,0.11,1,15,16,1.07,REGULAR,55.85,0.0,0.12,0.0,0.0,1.12,62.55,47.58,14.97,0.8667,1,0
REQ-004049,13,TECH_CORRIDOR,AIRPORT,XL,9.17,23.5,CLEAR,0.0,10.0,29.1,0.33,0,58,14,0.24,REGULAR,39.36,0.0,0.027,0.0,0.0,1.03,40.54,30.52,10.02,0.8897,0,0
REQ-004050,12,SUBURB_NORTH,AIRPORT,STANDARD,12.37,23.7,CLEAR,0.0,10.0,28.4,0.39,0,58,18,0.31,GOLD,26.75,0.056,0.053,0.0,0.0,1.11,29.69,22.56,7.13,0.915,1,0
REQ-004051,16,FINANCIAL_DISTRICT,AIRPORT,PREMIUM,13.4,39.2,CLEAR,0.0,10.0,6.6,0.28,0,11,62,5.64,REGULAR,78.84,0.0,0.011,1.2,0.0,2.21,174.24,140.22,34.02,0.3221,1,0
REQ-004052,20,AIRPORT,TECH_CORRIDOR,PREMIUM,8.25,17.2,CLEAR,0.0,10.0,10.2,0.17,0,49,37,0.76,REGULAR,45.72,0.0,0.0,0.0,0.0,1.0,45.72,34.29,11.43,0.8966,0,0
REQ-004053,4,FINANCIAL_DISTRICT,DOWNTOWN,COMFORT,14.83,35.3,DRIZZLE,0.0,10.0,6.1,0.23,0,34,78,2.29,REGULAR,44.85,0.1,0.002,0.451,0.0,1.55,69.52,54.61,14.91,0.6985,1,0
REQ-004054,0,TECH_CORRIDOR,SUBURB_NORTH,PREMIUM,2.42,6.8,CLEAR,0.0,10.0,15.4,0.07,0,55,18,0.33,REGULAR,20.56,0.0,0.0,0.0,0.15,1.15,23.64,18.04,5.6,0.8581,1,0
REQ-004055,20,FINANCIAL_DISTRICT,SUBURB_NORTH,XL,17.94,47.6,DRIZZLE,0.0,10.0,7.3,0.12,0,43,29,0.67,REGULAR,72.23,0.1,0.0,0.0,0.0,1.1,79.45,60.31,19.14,0.8721,1,0
REQ-004056,3,AIRPORT,SUBURB_NORTH,XL,13.58,30.2,DRIZZLE,0.0,10.0,12.0,0.3,0,47,14,0.3,REGULAR,52.64,0.1,0.017,0.0,0.15,1.27,66.85,51.56,15.29,0.8194,1,0
REQ-004057,22,SUBURB_NORTH,FINANCIAL_DISTRICT,XL,2.34,6.3,RAIN,13.5,4.3,16.2,0.15,0,32,35,1.09,REGULAR,14.69,0.402,0.0,0.0,0.0,1.4,20.57,16.02,4.55,0.7685,0,0
REQ-004058,23,FINANCIAL_DISTRICT,DOWNTOWN,XL,19.31,39.9,RAIN,6.1,5.1,15.1,0.21,0,14,52,3.71,GOLD,70.49,0.319,0.0,0.948,0.15,2.42,170.59,137.95,32.64,0.3169,0,0
REQ-004059,11,SUBURB_NORTH,DOWNTOWN,XL,27.39,72.8,CLEAR,0.0,10.0,13.1,0.3,0,44,22,0.5,REGULAR,107.2,0.007,0.017,0.0,0.0,1.02,109.34,82.22,27.12,0.8921,1,0
REQ-004060,17,TECH_CORRIDOR,DOWNTOWN,PREMIUM,2.43,6.9,BLIZZARD,24.0,1.4,-9.1,0.68,0,24,80,3.33,REGULAR,20.67,1.2,0.445,0.816,0.25,3.5,72.34,59.42,12.92,0.021,0,1
REQ-004061,11,DOWNTOWN,SUBURB_NORTH,PREMIUM,3.34,7.9,DRIZZLE,0.0,10.0,27.0,0.36,1,51,12,0.24,REGULAR,24.06,0.1,0.159,0.0,0.0,1.26,30.32,23.37,6.95,0.8229,1,0
REQ-004062,13,TECH_CORRIDOR,SUBURB_NORTH,PREMIUM,25.87,73.9,CLEAR,0.0,10.0,22.4,0.17,0,13,61,4.69,REGULAR,143.26,0.0,0.0,1.2,0.0,2.2,315.17,253.57,61.6,0.3274,1,0
REQ-004063,18,AIRPORT,TECH_CORRIDOR,PREMIUM,5.5,13.1,CLEAR,0.0,10.0,8.8,0.59,0,54,13,0.24,REGULAR,34.53,0.0,0.336,0.0,0.25,1.59,54.9,43.21,11.69,0.6779,0,0
REQ-004064,21,AIRPORT,FINANCIAL_DISTRICT,COMFORT,23.14,71.5,CLEAR,0.0,10.0,12.7,0.26,0,41,19,0.46,REGULAR,74.86,0.0,0.007,0.0,0.0,1.01,75.61,56.78,18.83,0.8944,0,0
REQ-004065,10,TECH_CORRIDOR,DOWNTOWN,XL,8.93,20.8,DRIZZLE,0.0,10.0,31.0,0.35,0,36,27,0.75,REGULAR,37.23,0.127,0.034,0.0,0.0,1.16,43.19,32.99,10.2,0.8552,1,0
REQ-004066,19,AIRPORT,DOWNTOWN,STANDARD,5.48,17.3,CLEAR,0.0,10.0,31.3,0.82,0,20,60,3.0,REGULAR,15.9,0.0,0.643,0.7,0.25,2.59,41.18,33.41,7.77,0.1603,0,0
REQ-004067,22,FINANCIAL_DISTRICT,TECH_CORRIDOR,COMFORT,4.36,9.2,CLEAR,0.0,10.0,11.9,0.25,0,29,26,0.9,REGULAR,15.83,0.0,0.005,0.0,0.0,1.0,15.83,11.87,3.96,0.8966,1,0
REQ-004068,6,FINANCIAL_DISTRICT,SUBURB_NORTH,COMFORT,5.48,17.0,CLEAR,0.0,10.0,6.8,0.39,1,31,49,1.58,REGULAR,21.19,0.062,0.173,0.203,0.0,1.44,30.51,23.81,6.7,0.751,0,0
REQ-004069,21,SUBURB_NORTH,DOWNTOWN,XL,24.65,69.6,DRIZZLE,0.0,10.0,19.4,0.31,0,53,32,0.6,REGULAR,99.53,0.1,0.02,0.0,0.0,1.12,111.47,84.8,26.67,0.8667,1,0
REQ-004070,22,AIRPORT,FINANCIAL_DISTRICT,XL,24.67,55.1,CLEAR,0.0,10.0,18.9,0.31,0,50,36,0.72,REGULAR,90.87,0.0,0.02,0.0,0.0,1.02,92.69,69.7,22.99,0.8921,1,0
REQ-004071,18,TECH_CORRIDOR,AIRPORT,COMFORT,3.99,9.6,HEAVY_RAIN,30.5,3.0,17.2,0.48,0,45,31,0.69,REGULAR,15.4,0.875,0.106,0.0,0.25,2.23,34.34,27.65,6.69,0.3117,0,0
REQ-004072,19,TECH_CORRIDOR,SUBURB_NORTH,STANDARD,24.94,59.5,RAIN,9.5,4.6,20.4,0.43,1,19,75,3.95,PLATINUM,55.0,0.383,0.194,1.032,0.25,2.86,157.3,128.21,29.09,0.1879,1,0
REQ-004073,16,SUBURB_NORTH,DOWNTOWN,PREMIUM,8.29,16.9,CLEAR,0.0,10.0,20.5,0.3,0,39,29,0.74,REGULAR,45.57,0.047,0.017,0.0,0.0,1.06,48.3,36.5,11.8,0.8825,0,0
REQ-004074,20,TECH_CORRIDOR,DOWNTOWN,PREMIUM,12.9,39.4,CLEAR,0.0,10.0,14.0,0.2,0,9,16,1.78,GOLD,77.61,0.0,0.0,0.273,0.0,1.27,98.56,76.02,22.54,0.88,1,0
REQ-004075,14,SUBURB_NORTH,DOWNTOWN,PREMIUM,3.79,7.5,CLEAR,0.0,10.0,11.3,0.28,0,51,21,0.41,REGULAR,24.99,0.0,0.011,0.0,0.0,1.01,25.24,18.95,6.29,0.8944,1,0
REQ-004076,3,SUBURB_NORTH,DOWNTOWN,STANDARD,16.04,42.1,HEAVY_RAIN,51.1,2.8,22.6,0.2,0,11,13,1.18,GOLD,37.78,1.095,0.0,0.0,0.15,2.24,84.63,68.16,16.47,0.4168,0,0
REQ-004077,17,AIRPORT,FINANCIAL_DISTRICT,COMFORT,25.53,55.5,DRIZZLE,0.0,10.0,15.8,0.77,0,31,69,2.23,REGULAR,71.6,0.1,0.569,0.43,0.25,2.35,168.26,135.86,32.4,0.2535,1,0
REQ-004078,7,DOWNTOWN,AIRPORT,STANDARD,26.19,76.4,CLEAR,0.0,10.0,29.7,0.54,0,15,53,3.53,PLATINUM,62.48,0.0,0.284,0.885,0.2,2.37,148.08,119.62,28.46,0.4285,1,0
REQ-004079,17,FINANCIAL_DISTRICT,DOWNTOWN,COMFORT,8.9,24.2,CLEAR,0.0,10.0,13.5,0.84,0,50,39,0.78,REGULAR,30.08,0.0,0.674,0.0,0.25,1.92,57.75,46.08,11.67,0.488,1,0
REQ-004080,0,SUBURB_NORTH,FINANCIAL_DISTRICT,XL,23.75,69.3,CLEAR,0.0,10.0,10.2,0.14,0,31,19,0.61,REGULAR,97.46,0.0,0.0,0.0,0.15,1.15,112.08,85.52,26.56,0.8581,1,0
REQ-004081,5,TECH_CORRIDOR,DOWNTOWN,COMFORT,18.24,47.9,FOG,0.0,10.0,27.0,0.43,1,51,20,0.39,REGULAR,56.15,0.2,0.194,0.0,0.0,1.39,78.05,60.73,17.32,0.7728,1,0
REQ-004082,1,AIRPORT,DOWNTOWN,PREMIUM,14.1,39.0,HEAVY_RAIN,23.7,0.6,23.5,0.39,0,46,56,1.22,REGULAR,80.63,1.007,0.053,0.077,0.15,2.29,184.64,148.88,35.76,0.2817,0,0
REQ-004083,12,FINANCIAL_DISTRICT,SUBURB_NORTH,XL,8.5,23.9,CLEAR,0.0,10.0,8.1,0.12,0,51,16,0.31,REGULAR,38.19,0.0,0.0,0.0,0.0,1.0,38.19,28.64,9.55,0.8966,1,0
REQ-004084,11,FINANCIAL_DISTRICT,TECH_CORRIDOR,COMFORT,14.1,42.6,CLEAR,0.0,10.0,25.3,0.08,1,42,11,0.26,PLATINUM,46.93,0.0,0.12,0.0,0.0,1.12,52.56,39.98,12.58,0.9377,1,0
REQ-004085,13,SUBURB_NORTH,FINANCIAL_DISTRICT,COMFORT,22.04,55.9,CLEAR,0.0,10.0,23.7,0.21,0,31,67,2.16,REGULAR,66.03,0.0,0.0,0.406,0.0,1.41,93.1,72.53,20.57,0.7642,1,0
REQ-004086,17,DOWNTOWN,FINANCIAL_DISTRICT,COMFORT,27.78,83.7,DRIZZLE,0.0,10.0,17.0,0.48,0,25,76,3.04,REGULAR,88.0,0.137,0.106,0.714,0.25,2.21,194.48,156.51,37.97,0.3221,1,0
REQ-004087,11,AIRPORT,SUBURB_NORTH,COMFORT,18.11,49.8,CLEAR,0.0,10.0,21.4,0.15,2,50,52,1.04,REGULAR,56.79,0.0,0.24,0.0,0.0,1.24,70.42,54.18,16.24,0.8298,1,0
REQ-004088,8,SUBURB_NORTH,AIRPORT,COMFORT,13.56,27.4,CLEAR,0.0,10.0,26.0,0.49,0,17,45,2.65,REGULAR,39.2,0.044,0.113,0.577,0.2,1.93,75.66,60.39,15.27,0.482,0,0
REQ-004089,23,FINANCIAL_DISTRICT,DOWNTOWN,STANDARD,5.55,16.8,DRIZZLE,0.0,10.0,10.3,0.44,0,14,16,1.14,REGULAR,15.82,0.1,0.08,0.0,0.15,1.33,21.04,16.3,4.74,0.7971,0,0
REQ-004090,22,FINANCIAL_DISTRICT,SUBURB_NORTH,STANDARD,10.02,19.9,DRIZZLE,0.0,10.0,6.7,0.07,0,54,43,0.8,REGULAR,22.48,0.1,0.0,0.0,0.0,1.1,24.73,18.77,5.96,0.8721,0,0
REQ-004091,3,TECH_CORRIDOR,FINANCIAL_DISTRICT,COMFORT,5.65,14.6,CLEAR,0.0,10.0,20.9,0.33,0,59,32,0.54,GOLD,20.39,0.0,0.027,0.0,0.15,1.18,24.06,18.41,5.65,0.901,1,0
REQ-004092,20,DOWNTOWN,TECH_CORRIDOR,COMFORT,22.66,63.7,DRIZZLE,0.0,10.0,17.2,0.29,0,32,66,2.06,REGULAR,70.56,0.1,0.014,0.371,0.0,1.49,105.13,82.3,22.83,0.7279,0,0
REQ-004093,15,SUBURB_NORTH,FINANCIAL_DISTRICT,STANDARD,26.31,74.4,HEAVY_RAIN,27.0,2.1,23.9,0.24,0,11,61,5.55,GOLD,61.93,0.959,0.003,1.2,0.0,3.16,195.7,160.15,35.55,0.0728,0,0
REQ-004094,9,SUBURB_NORTH,AIRPORT,COMFORT,15.86,49.6,CLEAR,0.0,10.0,16.9,0.7,0,37,34,0.92,REGULAR,52.99,0.0,0.473,0.0,0.2,1.67,88.49,69.92,18.57,0.6346,1,0
REQ-004095,17,FINANCIAL_DISTRICT,SUBURB_NORTH,XL,20.94,43.0,CLEAR,0.0,10.0,12.4,0.83,0,15,36,2.4,REGULAR,75.77,0.0,0.658,0.49,0.25,2.4,181.85,147.0,34.85,0.2315,0,0
REQ-004096,7,AIRPORT,TECH_CORRIDOR,STANDARD,7.28,18.2,HEAVY_RAIN,59.1,2.3,21.8,0.53,0,26,59,2.27,REGULAR,18.47,1.17,0.272,0.444,0.2,3.09,57.07,46.66,10.41,0.0544,0,0
REQ-004097,16,AIRPORT,DOWNTOWN,PREMIUM,5.47,16.1,THUNDERSTORM,52.9,2.4,7.9,0.3,0,39,12,0.31,REGULAR,37.01,1.2,0.017,0.0,0.0,2.22,82.16,66.13,16.03,0.3169,1,0
REQ-004098,2,DOWNTOWN,SUBURB_NORTH,COMFORT,14.75,40.9,CLEAR,0.0,10.0,29.5,0.33,0,21,64,3.05,REGULAR,47.25,0.0,0.027,0.717,0.15,1.89,89.3,71.18,18.12,0.506,0,0
REQ-004099,12,FINANCIAL_DISTRICT,AIRPORT,STANDARD,9.9,28.9,HEAVY_RAIN,51.0,2.6,10.2,0.25,1,53,68,1.28,REGULAR,25.49,1.114,0.125,0.098,0.0,2.34,59.65,48.15,11.5,0.2581,0,0
REQ-004100,13,DOWNTOWN,FINANCIAL_DISTRICT,STANDARD,7.52,18.5,CLEAR,0.0,10.0,26.5,0.33,0,36,65,1.81,GOLD,18.87,0.014,0.027,0.283,0.0,1.32,24.91,19.29,5.62,0.8667,1,0
REQ-004101,3,TECH_CORRIDOR,DOWNTOWN,PREMIUM,6.5,15.2,RAIN,3.8,7.2,9.7,0.2,0,21,30,1.43,PLATINUM,39.12,0.293,0.0,0.15,0.15,1.59,62.2,48.96,13.24,0.8298,0,0
REQ-004102,2,FINANCIAL_DISTRICT,TECH_CORRIDOR,STANDARD,19.36,59.8,RAIN,4.5,6.5,17.0,0.06,0,37,38,1.03,REGULAR,48.13,0.301,0.0,0.0,0.15,1.45,69.79,54.51,15.28,0.7465,1,0
REQ-004103,13,FINANCIAL_DISTRICT,SUBURB_NORTH,COMFORT,16.41,35.5,CLEAR,0.0,10.0,16.2,0.23,2,27,79,2.93,REGULAR,47.55,0.0,0.242,0.675,0.0,1.92,91.3,72.85,18.45,0.488,0,0
REQ-004104,12,DOWNTOWN,AIRPORT,STANDARD,12.6,24.9,CLEAR,0.0,10.0,17.9,0.06,0,40,68,1.7,REGULAR,27.46,0.0,0.0,0.245,0.0,1.25,34.33,26.43,7.9,0.8264,0,0
REQ-004105,23,AIRPORT,FINANCIAL_DISTRICT,PREMIUM,16.42,31.8,CLEAR,0.0,10.0,14.7,0.14,0,12,72,6.0,GOLD,81.01,0.0,0.0,1.2,0.15,2.35,190.37,153.71,36.66,0.3543,0,0
REQ-004106,3,FINANCIAL_DISTRICT,TECH_CORRIDOR,PREMIUM,25.56,55.5,CLEAR,0.0,10.0,7.2,0.33,0,45,18,0.4,GOLD,126.74,0.001,0.027,0.0,0.15,1.18,149.55,114.44,35.11,0.901,1,0
REQ-004107,11,FINANCIAL_DISTRICT,TECH_CORRIDOR,PREMIUM,10.2,27.8,CLEAR,0.0,10.0,20.3,0.14,0,48,69,1.44,REGULAR,60.19,0.0,0.0,0.154,0.0,1.15,69.22,52.82,16.4,0.8581,1,0
REQ-004108,14,SUBURB_NORTH,AIRPORT,COMFORT,13.33,31.7,CLEAR,0.0,10.0,5.7,0.1,0,39,44,1.13,REGULAR,40.76,0.0,0.0,0.0,0.0,1.0,40.76,30.57,10.19,0.8966,1,0
REQ-004109,12,SUBURB_NORTH,DOWNTOWN,PREMIUM,5.69,16.0,CLEAR,0.0,10.0,18.0,0.33,2,28,59,2.11,REGULAR,37.53,0.0,0.267,0.388,0.0,1.65,61.92,48.88,13.04,0.6457,0,0
REQ-004110,1,FINANCIAL_DISTRICT,DOWNTOWN,STANDARD,12.42,29.2,RAIN,10.4,7.4,8.9,0.1,0,34,10,0.29,REGULAR,28.75,0.367,0.0,0.0,0.15,1.52,43.7,34.27,9.43,0.7134,1,0
REQ-004111,13,AIRPORT,DOWNTOWN,PREMIUM,16.42,30.9,DRIZZLE,0.0,10.0,28.4,0.2,1,21,61,2.9,GOLD,80.24,0.132,0.12,0.665,0.0,1.92,154.06,122.93,31.13,0.6064,0,0
REQ-004112,0,FINANCIAL_DISTRICT,TECH_CORRIDOR,COMFORT,27.47,67.7,CLEAR,0.0,10.0,24.9,0.13,0,8,30,3.75,REGULAR,80.3,0.0,0.0,0.962,0.15,2.11,169.43,135.99,33.44,0.3766,1,0
REQ-004113,22,SUBURB_NORTH,FINANCIAL_DISTRICT,XL,24.29,56.5,CLEAR,0.0,10.0,30.7,0.29,0,41,71,1.73,GOLD,90.91,0.026,0.014,0.256,0.0,1.3,118.18,91.36,26.82,0.8721,1,0
REQ-004114,1,FINANCIAL_DISTRICT,AIRPORT,STANDARD,14.25,41.5,RAIN,7.5,4.2,5.6,0.17,0,47,50,1.06,REGULAR,35.33,0.334,0.0,0.0,0.15,1.48,52.29,40.91,11.38,0.7326,1,0
REQ-004115,20,DOWNTOWN,TECH_CORRIDOR,XL,23.75,53.3,BLIZZARD,45.7,3.0,-10.0,0.15,0,57,33,0.58,REGULAR,87.86,1.2,0.0,0.0,0.0,2.2,193.29,155.51,37.78,0.3274,0,0
REQ-004116,1,DOWNTOWN,TECH_CORRIDOR,XL,6.32,13.8,HEAVY_RAIN,50.7,1.5,12.9,0.29,1,35,16,0.46,REGULAR,27.55,1.2,0.134,0.0,0.15,2.48,68.32,55.32,13.0,0.1991,1,0
REQ-004117,22,FINANCIAL_DISTRICT,AIRPORT,PREMIUM,19.71,62.3,CLEAR,0.0,10.0,28.7,0.22,1,22,45,2.05,PLATINUM,116.14,0.0,0.121,0.367,0.0,1.49,173.05,135.48,37.57,0.861,1,0
REQ-004118,23,DOWNTOWN,TECH_CORRIDOR,STANDARD,24.08,61.0,CLEAR,0.0,10.0,21.5,0.19,0,32,23,0.72,REGULAR,54.45,0.066,0.0,0.0,0.15,1.22,66.43,51.02,15.41,0.8364,1,0
REQ-004119,14,DOWNTOWN,FINANCIAL_DISTRICT,COMFORT,23.27,54.3,RAIN,8.7,7.9,9.6,0.25,2,24,44,1.83,REGULAR,67.33,0.348,0.245,0.29,0.0,1.88,126.58,100.86,25.72,0.512,1,0
REQ-004120,19,DOWNTOWN,TECH_CORRIDOR,XL,19.14,40.5,CLEAR,0.0,10.0,6.0,0.81,1,54,76,1.41,GOLD,70.49,0.0,0.748,0.143,0.25,2.14,150.85,121.17,29.68,0.476,0,0
REQ-004121,1,AIRPORT,SUBURB_NORTH,PREMIUM,4.63,9.5,DRIZZLE,0.0,10.0,29.9,0.34,0,29,52,1.79,REGULAR,29.03,0.1,0.03,0.276,0.15,1.56,45.29,35.59,9.7,0.6934,1,0
REQ-004122,12,FINANCIAL_DISTRICT,SUBURB_NORTH,STANDARD,6.28,15.0,DRIZZLE,0.0,10.0,30.8,0.27,0,56,15,0.27,GOLD,16.1,0.1,0.009,0.0,0.0,1.11,17.87,13.58,4.29,0.915,1,0
REQ-004123,2,DOWNTOWN,AIRPORT,XL,22.68,43.0,RAIN,10.6,4.1,14.7,0.2,1,29,57,1.97,GOLD,79.43,0.369,0.12,0.339,0.15,1.98,157.27,125.74,31.53,0.5715,1,0
REQ-004124,8,FINANCIAL_DISTRICT,TECH_CORRIDOR,PREMIUM,19.44,37.5,CLEAR,0.0,10.0,6.4,0.46,0,26,65,2.5,REGULAR,94.31,0.057,0.093,0.525,0.2,1.87,176.36,140.48,35.88,0.518,1,0
REQ-004125,4,TECH_CORRIDOR,DOWNTOWN,XL,26.13,72.4,CLEAR,0.0,10.0,14.1,0.44,0,26,59,2.27,REGULAR,104.31,0.045,0.08,0.444,0.0,1.57,163.77,128.77,35.0,0.6883,1,0
REQ-004126,3,FINANCIAL_DISTRICT,TECH_CORRIDOR,COMFORT,23.19,59.9,CLEAR,0.0,10.0,10.6,0.27,0,35,74,2.11,REGULAR,69.71,0.0,0.009,0.388,0.15,1.55,108.05,84.87,23.18,0.6985,1,0
REQ-004127,22,AIRPORT,SUBURB_NORTH,XL,21.64,68.1,HEAVY_RAIN,59.6,2.1,21.1,0.37,0,59,72,1.22,REGULAR,92.3,1.19,0.043,0.077,0.0,2.31,213.21,172.0,41.21,0.2721,1,0
REQ-004128,4,SUBURB_NORTH,FINANCIAL_DISTRICT,XL,9.38,29.5,DRIZZLE,0.0,10.0,5.9,0.27,0,53,62,1.17,REGULAR,43.4,0.161,0.009,0.0,0.0,1.17,50.78,38.82,11.96,0.8522,1,0
REQ-004129,10,TECH_CORRIDOR,AIRPORT,PREMIUM,4.38,10.2,RAIN,3.1,7.1,10.5,0.3,0,59,29,0.49,PLATINUM,28.93,0.285,0.017,0.0,0.0,1.3,37.61,29.08,8.53,0.9072,1,0
REQ-004130,14,TECH_CORRIDOR,SUBURB_NORTH,STANDARD,3.28,9.2,HEAVY_RAIN,33.1,2.8,14.8,0.18,1,52,34,0.65,REGULAR,10.32,0.91,0.12,0.0,0.0,2.03,20.95,16.78,4.17,0.4226,1,0
REQ-004131,2,SUBURB_NORTH,AIRPORT,PREMIUM,24.03,66.9,RAIN,13.0,5.8,26.5,0.33,0,45,53,1.18,REGULAR,132.15,0.396,0.027,0.0,0.15,1.57,207.48,163.14,44.34,0.6883,0,0
REQ-004132,6,DOWNTOWN,SUBURB_NORTH,STANDARD,11.31,20.6,HEAVY_RAIN,35.6,2.7,16.0,0.34,0,22,22,1.0,REGULAR,24.35,0.959,0.03,0.0,0.0,1.99,48.46,38.76,9.7,0.4462,1,0
REQ-004133,5,TECH_CORRIDOR,SUBURB_NORTH,STANDARD,8.21,14.8,CLEAR,0.0,10.0,18.1,0.32,0,43,67,1.56,GOLD,18.44,0.0,0.023,0.196,0.0,1.22,22.5,17.28,5.22,0.8921,1,0
REQ-004134,19,AIRPORT,DOWNTOWN,STANDARD,15.21,48.3,DRIZZLE,0.0,10.0,6.8,0.47,0,39,31,0.79,REGULAR,38.91,0.1,0.099,0.0,0.25,1.45,56.42,44.07,12.35,0.7465,0,0
REQ-004135,14,TECH_CORRIDOR,AIRPORT,XL,5.0,14.9,CLEAR,0.0,10.0,10.5,0.16,0,12,16,1.33,REGULAR,25.44,0.0,0.0,0.116,0.0,1.12,28.49,21.67,6.82,0.8667,1,0
REQ-004136,20,AIRPORT,TECH_CORRIDOR,STANDARD,10.7,27.3,CLEAR,0.0,10.0,30.2,0.39,0,39,46,1.18,REGULAR,25.93,0.021,0.053,0.0,0.0,1.07,27.75,20.99,6.76,0.88,1,0
REQ-004137,22,FINANCIAL_DISTRICT,TECH_CORRIDOR,XL,7.42,19.8,THUNDERSTORM,40.3,2.3,15.1,0.32,0,51,20,0.39,PLATINUM,33.46,1.2,0.023,0.0,0.0,2.22,74.28,59.79,14.49,0.518,0,0
REQ-004138,12,FINANCIAL_DISTRICT,SUBURB_NORTH,PREMIUM,8.99,17.5,CLEAR,0.0,10.0,6.3,0.17,0,9,54,6.0,REGULAR,48.05,0.067,0.0,1.2,0.0,2.27,109.07,87.9,21.17,0.2915,0,0
REQ-004139,12,SUBURB_NORTH,TECH_CORRIDOR,XL,4.6,11.6,HEAVY_RAIN,42.3,1.6,14.2,0.44,0,10,17,1.7,REGULAR,22.62,1.126,0.08,0.245,0.0,2.45,55.42,44.84,10.58,0.2108,0,0
REQ-004140,11,FINANCIAL_DISTRICT,SUBURB_NORTH,STANDARD,4.38,10.8,CLEAR,0.0,10.0,10.2,0.15,0,18,18,1.0,REGULAR,12.25,0.064,0.0,0.0,0.0,1.06,12.99,9.82,3.17,0.8825,1,0
REQ-004141,13,TECH_CORRIDOR,FINANCIAL_DISTRICT,PREMIUM,21.39,65.0,CLEAR,0.0,10.0,20.9,0.13,0,14,39,2.79,REGULAR,123.14,0.0,0.0,0.626,0.0,1.63,200.72,158.3,42.42,0.6566,0,0
REQ-004142,3,TECH_CORRIDOR,SUBURB_NORTH,PREMIUM,7.06,18.6,CLEAR,0.0,10.0,5.3,0.4,0,28,41,1.46,REGULAR,43.58,0.021,0.058,0.161,0.15,1.39,60.58,47.14,13.44,0.7728,1,0
REQ-004143,13,DOWNTOWN,TECH_CORRIDOR,XL,27.88,55.5,CLEAR,0.0,10.0,25.9,0.06,0,57,20,0.35,REGULAR,97.85,0.0,0.0,0.0,0.0,1.0,97.85,73.39,24.46,0.8966,1,0
REQ-004144,7,FINANCIAL_DISTRICT,DOWNTOWN,XL,10.62,23.2,CLEAR,0.0,10.0,24.3,0.51,0,31,27,0.87,GOLD,42.22,0.0,0.253,0.0,0.2,1.45,61.22,47.81,13.41,0.8264,1,0
REQ-004145,21,TECH_CORRIDOR,FINANCIAL_DISTRICT,STANDARD,14.23,31.1,CLEAR,0.0,10.0,23.2,0.29,0,20,26,1.3,REGULAR,31.67,0.0,0.014,0.105,0.0,1.12,35.47,26.98,8.49,0.8667,0,0
REQ-004146,23,AIRPORT,FINANCIAL_DISTRICT,STANDARD,21.7,62.3,CLEAR,0.0,10.0,21.9,0.07,2,52,13,0.25,GOLD,51.92,0.0,0.24,0.0,0.15,1.39,72.17,56.15,16.02,0.8461,1,0
REQ-004147,2,FINANCIAL_DISTRICT,TECH_CORRIDOR,PREMIUM,3.09,7.6,SNOW,11.3,6.1,-3.1,0.24,0,10,17,1.7,REGULAR,23.11,0.641,0.003,0.245,0.15,2.04,47.14,37.76,9.38,0.4168,1,0
REQ-004148,13,FINANCIAL_DISTRICT,DOWNTOWN,COMFORT,5.3,14.8,CLEAR,0.0,10.0,31.1,0.23,0,51,55,1.08,GOLD,19.9,0.0,0.002,0.0,0.0,1.0,19.9,14.92,4.98,0.9334,1,0
REQ-004149,19,FINANCIAL_DISTRICT,AIRPORT,XL,14.51,39.4,DRIZZLE,0.0,10.0,9.9,0.47,0,38,47,1.24,GOLD,60.11,0.151,0.099,0.084,0.25,1.58,94.97,74.71,20.26,0.777,1,0
REQ-004150,7,SUBURB_NORTH,TECH_CORRIDOR,STANDARD,11.89,30.5,RAIN,4.5,5.4,12.7,0.46,1,29,39,1.34,REGULAR,28.53,0.301,0.213,0.119,0.2,1.83,52.21,41.53,10.68,0.5419,1,0
REQ-004151,23,AIRPORT,SUBURB_NORTH,XL,27.61,72.5,THUNDERSTORM,45.4,1.9,29.7,0.16,0,25,54,2.16,GOLD,107.48,1.2,0.0,0.406,0.15,2.76,296.64,241.4,55.24,0.1702,0,0
REQ-004152,2,AIRPORT,FINANCIAL_DISTRICT,STANDARD,5.22,15.7,CLEAR,0.0,10.0,6.5,0.13,0,19,23,1.21,GOLD,15.01,0.0,0.0,0.073,0.15,1.22,18.31,14.06,4.25,0.8921,1,0
REQ-004153,18,DOWNTOWN,TECH_CORRIDOR,PREMIUM,5.62,17.6,CLEAR,0.0,10.0,27.7,0.41,0,41,41,1.0,REGULAR,38.7,0.0,0.063,0.0,0.25,1.31,50.7,39.23,11.47,0.8047,1,0
REQ-004154,1,SUBURB_NORTH,AIRPORT,COMFORT,18.98,36.7,THUNDERSTORM,31.3,2.6,28.6,0.31,0,8,55,6.88,REGULAR,52.34,1.142,0.02,1.2,0.15,3.5,183.19,150.48,32.71,0.021,0,1
REQ-004155,13,AIRPORT,FINANCIAL_DISTRICT,STANDARD,3.49,10.8,CLEAR,0.0,10.0,19.0,0.18,0,32,29,0.91,REGULAR,11.14,0.0,0.0,0.0,0.0,1.0,11.14,8.36,2.78,0.8966,1,0
REQ-004156,11,FINANCIAL_DISTRICT,AIRPORT,PREMIUM,9.18,22.0,CLEAR,0.0,10.0,23.4,0.19,0,17,11,0.65,REGULAR,52.4,0.0,0.0,0.0,0.0,1.0,52.4,39.3,13.1,0.8966,1,0
REQ-004157,11,TECH_CORRIDOR,AIRPORT,STANDARD,14.16,29.7,CLEAR,0.0,10.0,7.4,0.31,0,38,31,0.82,REGULAR,31.09,0.0,0.02,0.0,0.0,1.02,31.71,23.84,7.87,0.8921,1,0
REQ-004158,12,FINANCIAL_DISTRICT,AIRPORT,COMFORT,3.03,8.1,CLEAR,0.0,10.0,17.2,0.1,0,12,27,2.25,GOLD,13.15,0.05,0.0,0.438,0.0,1.49,19.59,15.34,4.25,0.8121,1,0
REQ-004159,16,TECH_CORRIDOR,AIRPORT,STANDARD,14.37,44.7,CLEAR,0.0,10.0,8.5,0.32,0,22,18,0.82,REGULAR,36.6,0.0,0.023,0.0,0.0,1.02,37.33,28.07,9.26,0.8921,1,0
REQ-004160,11,TECH_CORRIDOR,SUBURB_NORTH,PREMIUM,7.34,13.8,CLEAR,0.0,10.0,15.7,0.33,0,51,34,0.67,GOLD,40.28,0.0,0.027,0.0,0.0,1.03,41.49,31.24,10.25,0.9288,1,0
REQ-004161,17,FINANCIAL_DISTRICT,TECH_CORRIDOR,PREMIUM,26.37,77.8,HEAVY_RAIN,28.1,1.6,8.3,0.82,0,55,57,1.04,GOLD,147.97,1.019,0.643,0.0,0.25,2.91,430.59,351.2,79.39,0.1252,1,0
REQ-004162,6,FINANCIAL_DISTRICT,SUBURB_NORTH,PREMIUM,15.68,49.2,DRIZZLE,0.0,10.0,12.3,0.35,0,22,49,2.23,REGULAR,93.72,0.151,0.034,0.43,0.0,1.61,150.89,118.88,32.01,0.6673,1,0
REQ-004163,8,FINANCIAL_DISTRICT,SUBURB_NORTH,COMFORT,12.31,27.5,CLEAR,0.0,10.0,17.8,0.82,0,44,45,1.02,REGULAR,37.19,0.0,0.643,0.0,0.2,1.84,68.43,54.45,13.98,0.5359,0,0
REQ-004164,0,SUBURB_NORTH,DOWNTOWN,STANDARD,17.24,35.7,CLEAR,0.0,10.0,15.5,0.26,0,30,55,1.83,PLATINUM,37.05,0.0,0.007,0.29,0.15,1.45,53.72,41.96,11.76,0.8721,1,0
REQ-004165,10,FINANCIAL_DISTRICT,DOWNTOWN,COMFORT,21.87,68.2,CLEAR,0.0,10.0,13.7,0.35,0,52,69,1.33,PLATINUM,71.28,0.052,0.034,0.116,0.0,1.2,85.54,65.58,19.96,0.9255,0,0
REQ-004166,16,SUBURB_NORTH,TECH_CORRIDOR,STANDARD,19.22,47.3,CLEAR,0.0,10.0,30.8,0.15,0,49,53,1.08,GOLD,43.57,0.07,0.0,0.0,0.0,1.07,46.62,35.27,11.35,0.9222,1,0
REQ-004167,19,FINANCIAL_DISTRICT,TECH_CORRIDOR,COMFORT,3.03,8.5,CLEAR,0.0,10.0,27.3,0.79,0,48,59,1.23,REGULAR,13.33,0.0,0.598,0.08,0.25,1.93,25.73,20.54,5.19,0.482,0,0
REQ-004168,21,TECH_CORRIDOR,FINANCIAL_DISTRICT,COMFORT,12.2,34.5,DRIZZLE,0.0,10.0,30.2,0.41,1,10,47,4.7,GOLD,40.16,0.1,0.183,1.2,0.0,2.48,99.6,80.64,18.96,0.2866,0,0
REQ-004169,11,DOWNTOWN,FINANCIAL_DISTRICT,PREMIUM,19.51,52.6,CLEAR,0.0,10.0,31.3,0.1,0,34,67,1.97,PLATINUM,107.34,0.0,0.0,0.339,0.0,1.34,143.84,111.53,32.31,0.8988,1,0
REQ-004170,12,SUBURB_NORTH,AIRPORT,PREMIUM,22.81,58.6,RAIN,9.5,5.5,15.5,0.41,0,56,22,0.39,REGULAR,121.68,0.357,0.063,0.0,0.0,1.42,172.79,134.7,38.09,0.7599,1,0
REQ-004171,10,TECH_CORRIDOR,AIRPORT,STANDARD,14.25,32.1,SNOW,13.7,6.2,-1.6,0.34,0,14,46,3.29,PLATINUM,32.04,0.586,0.03,0.801,0.0,2.42,77.54,62.71,14.83,0.3994,1,0
REQ-004172,17,AIRPORT,TECH_CORRIDOR,COMFORT,8.18,25.1,HEAVY_RAIN,47.0,0.8,18.5,0.42,0,51,49,0.96,REGULAR,29.3,1.2,0.069,0.0,0.25,2.52,73.84,59.83,14.01,0.1842,0,0
REQ-004173,2,TECH_CORRIDOR,AIRPORT,STANDARD,20.86,66.3,CLEAR,0.0,10.0,18.2,0.11,0,20,54,2.7,REGULAR,52.27,0.0,0.0,0.595,0.15,1.74,90.95,72.08,18.87,0.5948,1,0
REQ-004174,17,DOWNTOWN,SUBURB_NORTH,PREMIUM,18.81,56.8,CLEAR,0.0,10.0,23.4,0.47,0,21,16,0.76,REGULAR,108.95,0.029,0.099,0.0,0.25,1.38,150.35,116.9,33.45,0.777,0,0
REQ-004175,8,FINANCIAL_DISTRICT,TECH_CORRIDOR,STANDARD,23.85,56.6,CLEAR,0.0,10.0,21.4,0.58,1,30,72,2.4,REGULAR,52.62,0.016,0.445,0.49,0.2,2.15,113.13,90.9,22.23,0.3543,0,0
REQ-004176,21,DOWNTOWN,AIRPORT,COMFORT,6.94,20.5,CLEAR,0.0,10.0,5.8,0.27,0,56,57,1.02,REGULAR,25.17,0.0,0.009,0.0,0.0,1.01,25.42,19.09,6.33,0.8944,1,0
REQ-004177,23,DOWNTOWN,FINANCIAL_DISTRICT,XL,25.53,76.7,CLEAR,0.0,10.0,10.7,0.25,1,26,17,0.65,REGULAR,105.63,0.0,0.125,0.0,0.15,1.27,134.15,103.46,30.69,0.8194,0,0
REQ-004178,22,DOWNTOWN,TECH_CORRIDOR,PREMIUM,16.19,31.4,THUNDERSTORM,43.6,1.1,10.9,0.15,0,21,20,0.95,GOLD,80.02,1.2,0.0,0.0,0.0,2.2,176.04,141.63,34.41,0.4403,0,0
REQ-004179,8,TECH_CORRIDOR,DOWNTOWN,PREMIUM,6.62,13.0,SNOW,8.7,5.5,-8.4,0.59,1,24,25,1.04,REGULAR,37.59,0.666,0.457,0.0,0.2,2.32,87.21,70.37,16.84,0.2674,0,0
REQ-004180,0,DOWNTOWN,AIRPORT,STANDARD,9.38,18.0,CLEAR,0.0,10.0,8.2,0.4,0,32,46,1.44,REGULAR,21.03,0.038,0.058,0.154,0.15,1.4,29.44,22.92,6.52,0.7685,0,0
REQ-004181,2,FINANCIAL_DISTRICT,DOWNTOWN,STANDARD,19.76,42.6,DRIZZLE,0.0,10.0,26.2,0.1,1,46,49,1.07,GOLD,42.61,0.1,0.12,0.0,0.15,1.37,58.38,45.36,13.02,0.8522,1,0
REQ-004182,15,SUBURB_NORTH,DOWNTOWN,COMFORT,7.66,19.3,DRIZZLE,0.0,10.0,19.0,0.43,0,55,41,0.75,GOLD,25.83,0.1,0.074,0.0,0.0,1.17,30.22,23.1,7.12,0.9031,0,0
REQ-004183,4,SUBURB_NORTH,DOWNTOWN,XL,7.3,16.2,CLEAR,0.0,10.0,25.9,0.1,0,42,21,0.5,REGULAR,31.05,0.0,0.0,0.0,0.0,1.0,31.05,23.29,7.76,0.8966,1,0
REQ-004184,7,AIRPORT,SUBURB_NORTH,COMFORT,8.87,23.1,HEAVY_RAIN,55.0,1.8,8.3,0.45,1,43,76,1.77,PLATINUM,29.54,1.2,0.206,0.269,0.2,2.88,85.08,69.36,15.72,0.1806,0,0
REQ-004185,4,DOWNTOWN,FINANCIAL_DISTRICT,COMFORT,25.06,47.4,CLEAR,0.0,10.0,6.3,0.31,0,53,27,0.51,GOLD,67.18,0.0,0.02,0.0,0.0,1.02,68.52,51.52,17.0,0.9303,1,0
REQ-004186,19,SUBURB_NORTH,TECH_CORRIDOR,XL,26.45,79.5,CLEAR,0.0,10.0,18.8,0.66,0,22,37,1.68,REGULAR,109.25,0.0,0.42,0.238,0.25,1.91,208.67,166.44,42.23,0.494,1,0
REQ-004187,17,FINANCIAL_DISTRICT,SUBURB_NORTH,XL,13.48,35.1,CLEAR,0.0,10.0,13.1,0.44,0,34,47,1.38,REGULAR,55.37,0.048,0.08,0.133,0.25,1.51,83.61,65.53,18.08,0.7183,1,0
REQ-004188,12,AIRPORT,FINANCIAL_DISTRICT,COMFORT,5.93,12.8,DRIZZLE,0.0,10.0,11.3,0.43,1,42,63,1.5,REGULAR,20.04,0.125,0.194,0.175,0.0,1.49,29.86,23.38,6.48,0.7279,1,0
REQ-004189,4,FINANCIAL_DISTRICT,TECH_CORRIDOR,COMFORT,8.54,16.0,CLEAR,0.0,10.0,5.5,0.1,1,59,54,0.92,REGULAR,25.79,0.0,0.12,0.0,0.0,1.12,28.88,21.97,6.91,0.8667,1,0
REQ-004190,19,FINANCIAL_DISTRICT,DOWNTOWN,STANDARD,3.75,9.5,BLIZZARD,29.5,1.0,-10.7,0.55,0,45,61,1.36,GOLD,11.01,1.2,0.294,0.126,0.25,2.87,31.6,25.76,5.84,0.1361,0,0
REQ-004191,14,FINANCIAL_DISTRICT,DOWNTOWN,COMFORT,4.68,11.0,RAIN,13.1,4.4,19.6,0.2,0,37,40,1.08,GOLD,17.17,0.412,0.0,0.0,0.0,1.41,24.21,18.86,5.35,0.8397,1,0
REQ-004192,8,DOWNTOWN,FINANCIAL_DISTRICT,XL,18.32,50.9,CLEAR,0.0,10.0,31.2,0.79,0,37,53,1.43,REGULAR,75.01,0.009,0.599,0.15,0.2,1.96,147.02,117.47,29.55,0.4641,0,0
REQ-004193,23,SUBURB_NORTH,DOWNTOWN,STANDARD,27.58,77.3,CLEAR,0.0,10.0,9.1,0.43,0,54,57,1.06,REGULAR,64.52,0.0,0.074,0.0,0.15,1.22,78.71,60.45,18.26,0.8364,1,0
REQ-004194,13,FINANCIAL_DISTRICT,DOWNTOWN,STANDARD,20.73,57.5,RAIN,12.7,6.9,21.1,0.22,0,56,41,0.73,GOLD,49.03,0.393,0.001,0.0,0.0,1.39,68.15,53.02,15.13,0.8461,1,0
REQ-004195,5,DOWNTOWN,TECH_CORRIDOR,PREMIUM,12.74,35.3,HEAVY_RAIN,42.9,2.8,31.5,0.41,0,47,23,0.49,REGULAR,73.67,1.003,0.063,0.0,0.0,2.07,152.5,122.26,30.24,0.3994,0,0
REQ-004196,1,DOWNTOWN,TECH_CORRIDOR,COMFORT,25.28,59.7,BLIZZARD,36.4,2.5,-7.5,0.41,2,44,64,1.45,REGULAR,73.08,1.2,0.303,0.157,0.15,2.81,205.35,167.24,38.11,0.1012,0,0
REQ-004197,11,SUBURB_NORTH,DOWNTOWN,PREMIUM,5.77,15.2,CLEAR,0.0,10.0,23.3,0.2,0,29,66,2.28,REGULAR,37.08,0.0,0.0,0.448,0.0,1.45,53.77,42.0,11.77,0.7465,1,0
REQ-004198,1,DOWNTOWN,FINANCIAL_DISTRICT,COMFORT,23.79,70.7,HEAVY_RAIN,36.8,1.3,13.5,0.07,2,59,45,0.76,REGULAR,75.57,1.147,0.24,0.0,0.15,2.54,191.95,155.6,36.35,0.1771,0,0
REQ-004199,0,FINANCIAL_DISTRICT,TECH_CORRIDOR,COMFORT,25.05,60.8,CLEAR,0.0,10.0,29.4,0.14,0,19,46,2.42,REGULAR,73.19,0.0,0.0,0.497,0.15,1.65,120.76,95.33,25.43,0.6457,1,0
REQ-004200,0,AIRPORT,FINANCIAL_DISTRICT,COMFORT,19.9,51.0,CLEAR,0.0,10.0,17.7,0.13,0,59,25,0.42,REGULAR,60.28,0.0,0.0,0.0,0.15,1.15,69.32,52.89,16.43,0.8581,1,0
REQ-004201,23,TECH_CORRIDOR,FINANCIAL_DISTRICT,COMFORT,17.19,47.9,CLEAR,0.0,10.0,12.0,0.18,0,12,27,2.25,GOLD,54.41,0.0,0.0,0.438,0.15,1.59,86.51,68.09,18.42,0.7728,1,0
REQ-004202,16,FINANCIAL_DISTRICT,SUBURB_NORTH,STANDARD,24.58,63.3,CLEAR,0.0,10.0,5.2,0.34,0,59,24,0.41,REGULAR,55.87,0.043,0.03,0.0,0.0,1.07,59.78,45.23,14.55,0.88,1,0
REQ-004203,10,FINANCIAL_DISTRICT,AIRPORT,COMFORT,10.49,27.2,CLEAR,0.0,10.0,16.2,0.39,2,31,41,1.32,PLATINUM,34.05,0.0,0.293,0.112,0.0,1.41,48.01,37.4,10.61,0.8825,1,0
REQ-004204,21,TECH_CORRIDOR,FINANCIAL_DISTRICT,COMFORT,27.14,56.8,CLEAR,0.0,10.0,10.5,0.18,0,43,30,0.7,REGULAR,74.84,0.0,0.0,0.0,0.0,1.0,74.84,56.13,18.71,0.8966,1,0
REQ-004205,0,TECH_CORRIDOR,AIRPORT,STANDARD,9.36,23.6,CLEAR,0.0,10.0,21.6,0.19,0,16,33,2.06,REGULAR,22.96,0.0,0.0,0.371,0.15,1.52,34.9,27.37,7.53,0.7134,1,0
REQ-004206,16,SUBURB_NORTH,FINANCIAL_DISTRICT,PREMIUM,9.62,17.8,CLEAR,0.0,10.0,12.9,0.42,1,25,79,3.16,GOLD,50.07,0.0,0.189,0.756,0.0,1.95,97.64,77.99,19.65,0.589,0,0
REQ-004207,13,TECH_CORRIDOR,FINANCIAL_DISTRICT,XL,25.49,55.5,CLEAR,0.0,10.0,22.2,0.36,0,9,42,4.67,GOLD,92.83,0.0,0.039,1.2,0.0,2.24,207.94,167.47,40.47,0.4168,0,0
REQ-004208,0,DOWNTOWN,AIRPORT,STANDARD,7.18,17.5,THUNDERSTORM,43.7,2.0,7.6,0.28,1,29,68,2.34,REGULAR,18.09,1.2,0.131,0.469,0.15,2.95,53.37,43.56,9.81,0.0745,0,0
REQ-004209,5,SUBURB_NORTH,FINANCIAL_DISTRICT,STANDARD,2.53,4.7,CLEAR,0.0,10.0,6.9,0.22,0,28,57,2.04,REGULAR,7.81,0.0,0.001,0.364,0.0,1.36,10.62,8.25,2.37,0.7852,1,0
REQ-004210,3,TECH_CORRIDOR,DOWNTOWN,COMFORT,5.86,11.6,CLEAR,0.0,10.0,23.8,0.3,0,33,65,1.97,GOLD,19.39,0.0,0.017,0.339,0.15,1.51,29.28,22.95,6.33,0.8047,0,0
REQ-004211,15,DOWNTOWN,SUBURB_NORTH,STANDARD,19.97,52.2,CLEAR,0.0,10.0,11.8,0.27,0,48,42,0.88,REGULAR,46.23,0.059,0.009,0.0,0.0,1.07,49.47,37.43,12.04,0.88,1,0
REQ-004212,23,SUBURB_NORTH,DOWNTOWN,STANDARD,27.27,62.4,HEAVY_RAIN,20.4,1.1,18.4,0.12,0,21,15,0.71,REGULAR,58.93,0.919,0.0,0.0,0.15,2.07,121.99,97.8,24.19,0.3994,1,0
REQ-004213,2,DOWNTOWN,TECH_CORRIDOR,COMFORT,9.03,21.4,HEAVY_RAIN,43.6,0.6,17.7,0.21,0,28,41,1.46,GOLD,29.03,1.2,0.0,0.161,0.15,2.51,72.87,59.04,13.83,0.2721,0,0
REQ-004214,0,FINANCIAL_DISTRICT,SUBURB_NORTH,STANDARD,13.46,34.6,DRIZZLE,0.0,10.0,29.3,0.18,0,38,30,0.79,GOLD,31.94,0.1,0.0,0.0,0.15,1.25,39.93,30.75,9.18,0.8849,0,0
REQ-004215,12,FINANCIAL_DISTRICT,TECH_CORRIDOR,STANDARD,26.31,64.6,DRIZZLE,0.0,10.0,10.2,0.38,0,39,74,1.9,REGULAR,58.5,0.177,0.048,0.315,0.0,1.54,90.09,70.73,19.36,0.7035,0,0
REQ-004216,20,FINANCIAL_DISTRICT,SUBURB_NORTH,XL,2.32,5.2,CLEAR,0.0,10.0,14.9,0.35,0,49,53,1.08,REGULAR,13.99,0.0,0.034,0.0,0.0,1.03,14.41,10.85,3.56,0.8897,1,0
REQ-004217,14,DOWNTOWN,SUBURB_NORTH,XL,9.72,18.3,DRIZZLE,0.0,10.0,18.2,0.14,0,39,20,0.51,REGULAR,37.39,0.1,0.0,0.0,0.0,1.1,41.13,31.22,9.91,0.8721,1,0
REQ-004218,11,AIRPORT,TECH_CORRIDOR,XL,10.87,20.2,RAIN,5.8,4.7,30.5,0.22,0,49,30,0.61,REGULAR,40.95,0.315,0.001,0.0,0.0,1.32,54.05,41.85,12.2,0.8009,1,0
REQ-004219,14,FINANCIAL_DISTRICT,DOWNTOWN,XL,6.15,18.7,THUNDERSTORM,20.4,0.9,30.3,0.25,0,20,61,3.05,REGULAR,30.14,1.2,0.005,0.717,0.0,2.92,88.01,71.79,16.22,0.0796,0,0
REQ-004220,16,DOWNTOWN,AIRPORT,COMFORT,20.78,62.0,CLEAR,0.0,10.0,25.0,0.38,0,44,38,0.86,REGULAR,66.69,0.0,0.048,0.0,0.0,1.05,70.02,52.85,17.17,0.8849,1,0
REQ-004221,18,AIRPORT,TECH_CORRIDOR,XL,7.71,14.1,CLEAR,0.0,10.0,28.8,0.65,0,41,37,0.9,REGULAR,30.65,0.0,0.409,0.0,0.25,1.66,50.88,40.18,10.7,0.6401,1,0
REQ-004222,5,SUBURB_NORTH,TECH_CORRIDOR,COMFORT,2.33,6.6,CLEAR,0.0,10.0,20.6,0.15,0,41,12,0.29,REGULAR,11.31,0.0,0.0,0.0,0.0,1.0,11.31,8.48,2.83,0.8966,1,0
REQ-004223,14,TECH_CORRIDOR,DOWNTOWN,STANDARD,13.63,25.7,CLEAR,0.0,10.0,12.5,0.06,0,48,75,1.56,REGULAR,29.03,0.036,0.0,0.196,0.0,1.23,35.71,27.45,8.26,0.8331,1,0
REQ-004224,19,SUBURB_NORTH,TECH_CORRIDOR,XL,20.89,57.2,RAIN,9.7,4.5,5.7,0.41,0,15,68,4.53,GOLD,84.19,0.359,0.063,1.2,0.25,2.87,241.63,196.97,44.66,0.1361,0,0
REQ-004225,9,SUBURB_NORTH,TECH_CORRIDOR,XL,27.01,61.2,HEAVY_RAIN,42.3,1.9,14.1,0.76,0,44,36,0.82,REGULAR,99.44,1.086,0.555,0.0,0.2,2.84,282.41,230.1,52.31,0.0948,0,0
REQ-004226,13,TECH_CORRIDOR,DOWNTOWN,XL,16.5,43.2,CLEAR,0.0,10.0,24.2,0.07,0,43,49,1.14,REGULAR,66.57,0.0,0.0,0.0,0.0,1.0,66.57,49.93,16.64,0.8966,1,0
REQ-004227,6,AIRPORT,TECH_CORRIDOR,COMFORT,22.52,49.9,FOG,0.0,10.0,28.8,0.39,1,30,26,0.87,GOLD,64.11,0.2,0.173,0.0,0.0,1.37,87.83,68.24,19.59,0.8522,1,0
REQ-004228,5,AIRPORT,SUBURB_NORTH,PREMIUM,9.98,20.9,RAIN,10.3,5.4,13.8,0.18,0,31,13,0.42,REGULAR,53.7,0.366,0.0,0.0,0.0,1.37,73.57,57.16,16.41,0.7811,1,0
REQ-004229,15,AIRPORT,DOWNTOWN,COMFORT,22.6,66.5,DRIZZLE,0.0,10.0,12.4,0.1,0,57,10,0.18,REGULAR,71.72,0.1,0.0,0.0,0.0,1.1,78.89,59.88,19.01,0.8721,1,0
REQ-004230,23,FINANCIAL_DISTRICT,AIRPORT,STANDARD,22.08,47.0,CLEAR,0.0,10.0,22.7,0.11,0,41,74,1.8,PLATINUM,47.05,0.0,0.0,0.28,0.15,1.43,67.28,52.48,14.8,0.8774,1,0
REQ-004231,0,SUBURB_NORTH,DOWNTOWN,COMFORT,27.88,79.0,CLEAR,0.0,10.0,14.5,0.39,1,56,77,1.38,REGULAR,86.05,0.0,0.173,0.133,0.15,1.46,125.63,98.18,27.45,0.7419,0,0
REQ-004232,6,SUBURB_NORTH,TECH_CORRIDOR,PREMIUM,19.86,48.6,HEAVY_RAIN,29.7,1.5,22.9,0.13,0,15,66,4.4,REGULAR,104.92,0.984,0.0,1.19,0.0,3.17,332.6,272.22,60.38,0.0453,0,0
REQ-004233,0,SUBURB_NORTH,FINANCIAL_DISTRICT,COMFORT,15.39,42.0,RAIN,6.2,6.8,15.7,0.44,0,55,37,0.67,REGULAR,48.79,0.32,0.08,0.0,0.15,1.55,75.62,59.4,16.22,0.6985,1,0
REQ-004234,1,TECH_CORRIDOR,SUBURB_NORTH,STANDARD,17.11,32.8,DRIZZLE,0.0,10.0,19.6,0.17,0,36,50,1.39,REGULAR,35.87,0.155,0.0,0.136,0.15,1.44,51.65,40.32,11.33,0.751,1,0
REQ-004235,5,DOWNTOWN,FINANCIAL_DISTRICT,XL,26.16,80.7,RAIN,5.6,5.5,9.3,0.43,1,46,26,0.57,REGULAR,109.36,0.313,0.194,0.0,0.0,1.51,165.13,129.42,35.71,0.7183,1,0
REQ-004236,21,FINANCIAL_DISTRICT,AIRPORT,STANDARD,19.42,60.8,THUNDERSTORM,37.1,1.1,5.6,0.33,0,41,72,1.76,REGULAR,48.56,1.2,0.027,0.266,0.0,2.49,120.91,97.92,22.99,0.1953,0,0
REQ-004237,11,DOWNTOWN,FINANCIAL_DISTRICT,STANDARD,3.01,5.8,SNOW,6.3,5.5,-11.1,0.4,0,13,73,5.62,REGULAR,8.79,0.693,0.058,1.2,0.0,2.95,25.93,21.16,4.77,0.0745,0,0
REQ-004238,19,SUBURB_NORTH,AIRPORT,STANDARD,22.7,65.3,CLEAR,0.0,10.0,8.8,0.51,0,20,13,0.65,REGULAR,54.23,0.0,0.251,0.0,0.25,1.5,81.34,63.72,17.62,0.7231,0,0
REQ-004239,12,SUBURB_NORTH,FINANCIAL_DISTRICT,STANDARD,20.28,49.6,THUNDERSTORM,52.7,2.0,8.3,0.2,0,53,22,0.42,PLATINUM,45.71,1.2,0.0,0.0,0.0,2.2,100.56,80.91,19.65,0.53,1,0
REQ-004240,8,AIRPORT,FINANCIAL_DISTRICT,XL,26.13,54.9,SNOW,9.4,5.1,-11.9,0.43,0,59,42,0.71,REGULAR,93.81,0.744,0.074,0.0,0.2,2.02,189.5,151.69,37.81,0.4285,0,0
REQ-004241,8,TECH_CORRIDOR,FINANCIAL_DISTRICT,PREMIUM,7.76,23.9,CLEAR,0.0,10.0,10.7,0.81,0,29,77,2.66,REGULAR,50.04,0.0,0.628,0.581,0.2,2.41,120.6,97.51,23.09,0.2272,1,0
REQ-004242,17,TECH_CORRIDOR,FINANCIAL_DISTRICT,PREMIUM,14.75,44.6,CLEAR,0.0,10.0,18.5,0.6,0,58,72,1.24,REGULAR,87.21,0.0,0.347,0.084,0.25,1.68,146.51,115.81,30.7,0.629,1,0
REQ-004243,0,SUBURB_NORTH,DOWNTOWN,STANDARD,14.07,34.3,CLEAR,0.0,10.0,14.5,0.12,0,20,19,0.95,REGULAR,32.59,0.036,0.0,0.0,0.15,1.19,38.78,29.7,9.08,0.8461,1,0
REQ-004244,12,AIRPORT,FINANCIAL_DISTRICT,STANDARD,5.94,18.3,CLEAR,0.0,10.0,18.2,0.21,0,52,36,0.69,REGULAR,16.84,0.0,0.0,0.0,0.0,1.0,16.84,12.63,4.21,0.8966,1,0
REQ-004245,5,AIRPORT,TECH_CORRIDOR,PREMIUM,23.7,55.3,CLEAR,0.0,10.0,24.1,0.21,0,35,25,0.71,REGULAR,121.36,0.0,0.0,0.0,0.0,1.0,121.36,91.02,30.34,0.8966,0,0
REQ-004246,23,AIRPORT,SUBURB_NORTH,PREMIUM,14.92,35.4,DRIZZLE,0.0,10.0,26.2,0.3,0,58,31,0.53,REGULAR,79.87,0.1,0.017,0.0,0.15,1.27,101.43,78.23,23.2,0.8194,1,0
REQ-004247,10,TECH_CORRIDOR,DOWNTOWN,STANDARD,11.02,25.6,BLIZZARD,52.1,0.9,-8.2,0.3,0,43,11,0.26,GOLD,25.73,1.2,0.017,0.0,0.0,2.22,57.12,45.98,11.14,0.4285,1,0
REQ-004248,18,SUBURB_NORTH,TECH_CORRIDOR,COMFORT,25.43,65.6,CLEAR,0.0,10.0,24.7,0.83,0,18,59,3.28,REGULAR,75.98,0.0,0.658,0.798,0.25,2.71,205.91,167.43,38.48,0.1252,0,0
REQ-004249,1,DOWNTOWN,SUBURB_NORTH,STANDARD,7.94,22.6,CLEAR,0.0,10.0,27.7,0.44,0,12,32,2.67,REGULAR,20.84,0.0,0.08,0.584,0.15,1.81,37.72,29.98,7.74,0.5538,0,0
REQ-004250,13,DOWNTOWN,FINANCIAL_DISTRICT,PREMIUM,14.84,36.8,CLEAR,0.0,10.0,9.7,0.42,0,37,63,1.7,REGULAR,80.83,0.0,0.069,0.245,0.0,1.31,105.89,81.92,23.97,0.8047,1,0
REQ-004251,9,TECH_CORRIDOR,AIRPORT,PREMIUM,21.97,55.1,CLEAR,0.0,10.0,19.0,0.43,0,24,12,0.5,REGULAR,116.36,0.0,0.074,0.0,0.2,1.27,147.78,113.98,33.8,0.8194,1,0
REQ-004252,17,SUBURB_NORTH,TECH_CORRIDOR,PREMIUM,20.24,39.3,CLEAR,0.0,10.0,31.9,0.49,0,21,25,1.19,REGULAR,98.07,0.0,0.113,0.0,0.25,1.36,133.38,103.57,29.81,0.7852,1,0
REQ-004253,1,AIRPORT,TECH_CORRIDOR,PREMIUM,2.65,5.5,CLEAR,0.0,10.0,17.4,0.15,0,25,49,1.96,REGULAR,20.09,0.0,0.0,0.336,0.15,1.49,29.93,23.43,6.5,0.7279,1,0
REQ-004254,1,AIRPORT,TECH_CORRIDOR,STANDARD,6.56,18.7,DRIZZLE,0.0,10.0,27.9,0.12,0,47,77,1.64,REGULAR,17.74,0.1,0.0,0.224,0.15,1.47,26.08,20.39,5.69,0.7373,0,0
REQ-004255,0,AIRPORT,SUBURB_NORTH,PREMIUM,14.96,42.0,CLEAR,0.0,10.0,14.6,0.07,0,58,76,1.31,REGULAR,85.59,0.0,0.0,0.109,0.15,1.26,107.84,83.1,24.74,0.8229,1,0
REQ-004256,3,DOWNTOWN,AIRPORT,XL,4.59,14.7,CLEAR,0.0,10.0,19.5,0.09,0,31,34,1.1,REGULAR,24.46,0.0,0.0,0.0,0.15,1.15,28.13,21.46,6.67,0.8581,0,0
REQ-004257,13,FINANCIAL_DISTRICT,TECH_CORRIDOR,STANDARD,3.18,9.0,HEAVY_RAIN,40.4,1.5,26.2,0.37,1,32,27,0.84,GOLD,10.13,1.172,0.163,0.0,0.0,2.33,23.6,19.05,4.55,0.3654,1,0
REQ-004258,0,DOWNTOWN,SUBURB_NORTH,XL,13.4,31.4,RAIN,8.9,4.7,9.5,0.36,0,34,79,2.32,GOLD,52.98,0.351,0.039,0.462,0.15,2.0,105.96,84.77,21.19,0.5597,1,0
REQ-004259,8,TECH_CORRIDOR,FINANCIAL_DISTRICT,COMFORT,10.51,20.8,CLEAR,0.0,10.0,14.4,0.74,0,49,32,0.65,REGULAR,31.2,0.0,0.527,0.0,0.2,1.73,53.98,42.76,11.22,0.6006,1,0
REQ-004260,18,TECH_CORRIDOR,AIRPORT,PREMIUM,15.33,43.1,CLEAR,0.0,10.0,23.7,0.61,0,31,59,1.9,REGULAR,87.55,0.0,0.359,0.315,0.25,1.92,168.1,134.13,33.97,0.488,0,0
REQ-004261,12,TECH_CORRIDOR,AIRPORT,PREMIUM,13.35,26.7,HEAVY_RAIN,28.7,2.2,22.0,0.27,0,41,13,0.32,REGULAR,68.08,0.903,0.009,0.0,0.0,1.91,130.03,103.72,26.31,0.494,1,0
REQ-004262,23,DOWNTOWN,FINANCIAL_DISTRICT,XL,22.8,45.5,RAIN,14.1,4.5,5.1,0.4,0,45,51,1.13,REGULAR,81.18,0.409,0.058,0.0,0.15,1.62,131.51,103.67,27.84,0.662,0,0
REQ-004263,5,TECH_CORRIDOR,DOWNTOWN,COMFORT,11.01,25.6,RAIN,8.4,7.8,22.9,0.23,2,53,68,1.28,REGULAR,34.19,0.345,0.242,0.098,0.0,1.69,57.78,45.69,12.09,0.6234,1,0
REQ-004264,12,DOWNTOWN,FINANCIAL_DISTRICT,PREMIUM,20.97,55.8,BLIZZARD,23.8,2.9,-0.8,0.18,0,32,40,1.25,GOLD,114.15,1.144,0.0,0.087,0.0,2.23,254.55,204.95,49.6,0.4226,1,0
REQ-004265,22,FINANCIAL_DISTRICT,TECH_CORRIDOR,PREMIUM,20.02,42.8,CLEAR,0.0,10.0,11.9,0.07,0,38,37,0.97,REGULAR,100.44,0.068,0.0,0.0,0.0,1.07,107.47,81.31,26.16,0.88,1,0
REQ-004266,3,FINANCIAL_DISTRICT,DOWNTOWN,COMFORT,24.65,50.2,CLEAR,0.0,10.0,30.8,0.32,0,22,80,3.64,REGULAR,67.76,0.0,0.023,0.924,0.15,2.1,142.3,114.18,28.12,0.3823,0,0
REQ-004267,22,FINANCIAL_DISTRICT,AIRPORT,XL,25.59,46.6,CLEAR,0.0,10.0,15.7,0.22,0,32,64,2.0,REGULAR,87.7,0.0,0.001,0.35,0.0,1.35,118.4,91.87,26.53,0.7892,1,0
REQ-004268,14,TECH_CORRIDOR,SUBURB_NORTH,PREMIUM,23.31,61.2,CLEAR,0.0,10.0,22.9,0.13,0,19,28,1.47,REGULAR,125.29,0.0,0.0,0.164,0.0,1.16,145.34,111.01,34.33,0.8552,0,0
REQ-004269,21,DOWNTOWN,AIRPORT,COMFORT,18.7,35.1,RAIN,7.9,6.5,31.4,0.32,1,12,68,5.67,REGULAR,51.15,0.386,0.143,1.2,0.0,2.73,139.64,113.58,26.06,0.12,0,0
REQ-004270,6,FINANCIAL_DISTRICT,TECH_CORRIDOR,STANDARD,6.16,16.2,CLEAR,0.0,10.0,19.8,0.45,0,45,66,1.47,REGULAR,16.37,0.0,0.086,0.164,0.0,1.25,20.46,15.75,4.71,0.8264,1,0
REQ-004271,17,AIRPORT,FINANCIAL_DISTRICT,COMFORT,22.09,60.8,DRIZZLE,0.0,10.0,9.1,0.76,0,12,38,3.17,REGULAR,68.31,0.1,0.554,0.759,0.25,2.66,181.7,147.61,34.09,0.139,0,0
REQ-004272,3,FINANCIAL_DISTRICT,TECH_CORRIDOR,STANDARD,17.06,51.8,CLEAR,0.0,10.0,30.1,0.42,0,29,39,1.34,REGULAR,42.45,0.0,0.069,0.119,0.15,1.34,56.88,44.1,12.78,0.7931,0,0
REQ-004273,13,TECH_CORRIDOR,FINANCIAL_DISTRICT,COMFORT,20.0,58.8,CLEAR,0.0,10.0,27.2,0.12,0,49,78,1.59,REGULAR,63.96,0.0,0.0,0.207,0.0,1.21,77.39,59.39,18.0,0.8397,1,0
REQ-004274,1,AIRPORT,SUBURB_NORTH,STANDARD,8.42,25.2,RAIN,7.6,7.7,30.4,0.08,0,34,15,0.44,REGULAR,22.35,0.336,0.0,0.0,0.15,1.49,33.3,26.07,7.23,0.7279,0,0
REQ-004275,15,SUBURB_NORTH,AIRPORT,PREMIUM,3.68,7.2,HEAVY_RAIN,38.9,3.0,18.1,0.39,0,53,66,1.25,REGULAR,24.42,0.938,0.053,0.087,0.0,2.08,50.79,40.73,10.06,0.3936,0,0
REQ-004276,15,AIRPORT,FINANCIAL_DISTRICT,PREMIUM,12.13,31.9,RAIN,14.8,4.8,24.7,0.1,0,54,75,1.39,REGULAR,69.07,0.416,0.0,0.136,0.0,1.55,107.06,84.09,22.97,0.6985,0,0
REQ-004277,6,DOWNTOWN,TECH_CORRIDOR,COMFORT,24.98,74.9,RAIN,9.9,7.1,25.1,0.34,1,48,13,0.27,REGULAR,79.43,0.361,0.15,0.0,0.0,1.51,119.94,94.01,25.93,0.7183,1,0
REQ-004278,5,DOWNTOWN,TECH_CORRIDOR,COMFORT,25.73,75.6,CLEAR,0.0,10.0,13.6,0.4,0,56,79,1.41,PLATINUM,80.97,0.0,0.058,0.143,0.0,1.2,97.16,74.49,22.67,0.9255,1,0
REQ-004279,8,DOWNTOWN,AIRPORT,PREMIUM,5.08,14.9,DRIZZLE,0.0,10.0,30.4,0.77,2,9,22,2.44,GOLD,34.88,0.161,0.809,0.504,0.2,2.67,93.13,75.67,17.46,0.2029,0,0
REQ-004280,23,AIRPORT,DOWNTOWN,STANDARD,18.23,53.1,CLEAR,0.0,10.0,15.7,0.11,1,37,54,1.46,GOLD,44.38,0.044,0.12,0.161,0.15,1.48,65.68,51.39,14.29,0.8158,0,0
REQ-004281,15,AIRPORT,FINANCIAL_DISTRICT,XL,23.74,45.3,RAIN,5.8,6.0,10.0,0.45,1,28,79,2.82,REGULAR,83.03,0.335,0.206,0.637,0.0,2.18,181.01,145.56,35.45,0.338,0,0
REQ-004282,10,TECH_CORRIDOR,AIRPORT,PREMIUM,21.61,51.9,CLEAR,0.0,10.0,19.4,0.38,0,15,60,4.0,REGULAR,112.62,0.0,0.048,1.05,0.0,2.1,236.5,189.76,46.74,0.3823,1,0
REQ-004283,9,TECH_CORRIDOR,AIRPORT,PREMIUM,16.51,51.8,CLEAR,0.0,10.0,28.6,0.59,0,16,76,4.75,REGULAR,98.26,0.0,0.338,1.2,0.2,2.74,269.23,219.02,50.21,0.1175,0,0
REQ-004284,6,TECH_CORRIDOR,DOWNTOWN,COMFORT,24.37,47.2,FOG,0.0,10.0,28.6,0.44,0,49,26,0.53,GOLD,65.95,0.2,0.08,0.0,0.0,1.28,84.42,65.16,19.26,0.8774,1,0
REQ-004285,22,TECH_CORRIDOR,DOWNTOWN,XL,6.2,14.8,CLEAR,0.0,10.0,19.6,0.4,0,50,10,0.2,REGULAR,27.9,0.0,0.058,0.0,0.0,1.06,29.57,22.34,7.23,0.8825,0,0
REQ-004286,2,TECH_CORRIDOR,AIRPORT,STANDARD,21.61,41.0,CLEAR,0.0,10.0,22.6,0.23,0,60,78,1.3,GOLD,44.36,0.064,0.002,0.105,0.15,1.32,58.56,45.34,13.22,0.8667,1,0
REQ-004287,19,DOWNTOWN,TECH_CORRIDOR,COMFORT,12.2,38.0,CLEAR,0.0,10.0,12.3,0.47,0,22,77,3.5,PLATINUM,41.73,0.048,0.099,0.875,0.25,2.27,94.73,76.35,18.38,0.488,0,0
REQ-004288,23,AIRPORT,SUBURB_NORTH,PREMIUM,3.78,9.2,RAIN,6.8,6.4,14.9,0.38,0,36,11,0.31,REGULAR,26.4,0.332,0.048,0.0,0.15,1.53,40.39,31.69,8.7,0.7085,0,0
REQ-004289,3,AIRPORT,DOWNTOWN,XL,26.24,61.4,CLEAR,0.0,10.0,28.1,0.31,0,56,37,0.66,REGULAR,97.94,0.0,0.02,0.0,0.15,1.17,114.59,87.61,26.98,0.8522,1,0
REQ-004290,1,FINANCIAL_DISTRICT,DOWNTOWN,STANDARD,20.19,59.0,CLEAR,0.0,10.0,20.7,0.21,1,11,72,6.55,REGULAR,48.89,0.056,0.12,1.2,0.15,2.53,123.69,100.25,23.44,0.1806,1,0
REQ-004291,23,SUBURB_NORTH,AIRPORT,STANDARD,12.94,40.4,HEAVY_RAIN,22.3,2.6,12.8,0.07,0,53,46,0.87,PLATINUM,33.32,0.872,0.0,0.0,0.15,2.02,67.31,53.88,13.43,0.6346,1,0
REQ-004292,8,FINANCIAL_DISTRICT,AIRPORT,PREMIUM,22.32,44.6,RAIN,13.7,6.5,7.0,0.82,0,59,70,1.19,REGULAR,108.41,0.44,0.644,0.0,0.2,2.28,247.17,199.25,47.92,0.2866,1,0
REQ-004293,9,FINANCIAL_DISTRICT,AIRPORT,XL,22.7,51.1,DRIZZLE,0.0,10.0,14.9,0.83,0,30,35,1.17,REGULAR,84.33,0.1,0.66,0.0,0.2,1.96,165.29,132.06,33.23,0.4641,1,0
REQ-004294,15,TECH_CORRIDOR,FINANCIAL_DISTRICT,COMFORT,16.26,31.3,CLEAR,0.0,10.0,21.0,0.23,0,57,27,0.47,GOLD,45.42,0.0,0.002,0.0,0.0,1.0,45.42,34.06,11.36,0.9334,1,0
REQ-004295,4,FINANCIAL_DISTRICT,SUBURB_NORTH,PREMIUM,12.57,23.2,CLEAR,0.0,10.0,22.9,0.39,1,13,51,3.92,GOLD,62.92,0.0,0.173,1.022,0.0,2.2,138.42,111.36,27.06,0.4403,1,0
REQ-004296,21,SUBURB_NORTH,TECH_CORRIDOR,PREMIUM,26.84,52.2,CLEAR,0.0,10.0,5.3,0.16,0,25,69,2.76,REGULAR,127.52,0.0,0.0,0.616,0.0,1.62,206.58,162.84,43.74,0.662,1,0
REQ-004297,12,SUBURB_NORTH,FINANCIAL_DISTRICT,XL,11.22,30.7,DRIZZLE,0.0,10.0,20.8,0.25,1,47,46,0.98,REGULAR,47.98,0.113,0.125,0.0,0.0,1.24,59.5,45.78,13.72,0.8298,0,0
REQ-004298,19,FINANCIAL_DISTRICT,AIRPORT,PREMIUM,21.56,65.0,DRIZZLE,0.0,10.0,28.3,0.84,0,15,56,3.73,PLATINUM,123.62,0.181,0.675,0.955,0.25,3.06,378.28,309.18,69.1,0.1252,0,0
REQ-004299,8,TECH_CORRIDOR,SUBURB_NORTH,PREMIUM,19.12,36.4,THUNDERSTORM,30.9,2.1,31.9,0.44,1,47,68,1.45,REGULAR,92.48,1.188,0.2,0.157,0.2,2.75,254.32,206.92,47.4,0.1151,0,0
REQ-004300,12,TECH_CORRIDOR,AIRPORT,STANDARD,23.56,47.1,CLEAR,0.0,10.0,5.8,0.15,0,22,32,1.45,REGULAR,48.93,0.037,0.0,0.157,0.0,1.19,58.23,44.6,13.63,0.8461,1,0
REQ-004301,14,TECH_CORRIDOR,SUBURB_NORTH,COMFORT,20.09,37.8,CLEAR,0.0,10.0,18.8,0.38,0,50,65,1.3,REGULAR,54.66,0.0,0.048,0.105,0.0,1.15,62.86,47.97,14.89,0.8581,1,0
REQ-004302,22,DOWNTOWN,TECH_CORRIDOR,XL,16.89,35.7,DRIZZLE,0.0,10.0,14.3,0.23,0,41,11,0.27,REGULAR,62.89,0.1,0.002,0.0,0.0,1.1,69.18,52.51,16.67,0.8721,1,0
REQ-004303,17,SUBURB_NORTH,DOWNTOWN,STANDARD,20.4,48.6,CLEAR,0.0,10.0,31.0,0.4,1,44,63,1.43,REGULAR,45.51,0.022,0.178,0.15,0.25,1.6,72.82,57.35,15.47,0.6726,1,0
REQ-004304,8,AIRPORT,TECH_CORRIDOR,COMFORT,8.05,18.9,CLEAR,0.0,10.0,20.6,0.74,0,50,30,0.6,GOLD,26.28,0.0,0.526,0.0,0.2,1.73,45.46,36.01,9.45,0.7085,1,0
REQ-004305,12,FINANCIAL_DISTRICT,TECH_CORRIDOR,COMFORT,5.19,14.7,RAIN,8.5,4.7,30.8,0.23,0,41,19,0.46,PLATINUM,19.68,0.346,0.002,0.0,0.0,1.35,26.57,20.62,5.95,0.8966,1,0
REQ-004306,16,SUBURB_NORTH,FINANCIAL_DISTRICT,STANDARD,9.25,18.8,CLEAR,0.0,10.0,32.0,0.1,0,51,31,0.61,REGULAR,21.14,0.0,0.0,0.0,0.0,1.0,21.14,15.86,5.28,0.8966,1,0
REQ-004307,5,AIRPORT,FINANCIAL_DISTRICT,PREMIUM,16.16,41.7,CLEAR,0.0,10.0,17.5,0.08,1,32,51,1.59,GOLD,88.7,0.0,0.12,0.207,0.0,1.33,117.97,91.4,26.57,0.8639,1,0
REQ-004308,9,TECH_CORRIDOR,DOWNTOWN,XL,7.57,18.2,CLEAR,0.0,10.0,15.1,0.52,0,37,53,1.43,REGULAR,32.82,0.051,0.262,0.15,0.2,1.66,54.48,43.03,11.45,0.6401,1,0
REQ-004309,12,SUBURB_NORTH,FINANCIAL_DISTRICT,COMFORT,15.98,35.4,HEAVY_RAIN,40.5,1.9,8.9,0.26,0,10,80,8.0,REGULAR,46.8,1.1,0.007,1.2,0.0,3.31,154.91,126.99,27.92,0.0328,0,0
REQ-004310,18,TECH_CORRIDOR,DOWNTOWN,XL,3.46,7.2,DRIZZLE,0.0,10.0,17.4,0.68,0,32,66,2.06,GOLD,17.59,0.178,0.447,0.371,0.25,2.25,39.58,31.88,7.7,0.411,1,0
REQ-004311,17,TECH_CORRIDOR,AIRPORT,XL,9.12,16.8,CLEAR,0.0,10.0,22.1,0.49,0,56,39,0.7,REGULAR,35.23,0.0,0.113,0.0,0.25,1.36,47.91,37.2,10.71,0.7852,1,0
REQ-004312,8,DOWNTOWN,TECH_CORRIDOR,PREMIUM,22.2,52.3,CLEAR,0.0,10.0,23.0,0.85,0,32,41,1.28,REGULAR,114.61,0.004,0.689,0.098,0.2,1.99,228.07,182.4,45.67,0.4462,0,0
REQ-004313,21,FINANCIAL_DISTRICT,AIRPORT,COMFORT,13.61,43.4,HEAVY_RAIN,43.2,1.7,17.3,0.26,0,58,74,1.28,REGULAR,46.49,1.116,0.007,0.098,0.0,2.22,103.21,83.08,20.13,0.3169,1,0
REQ-004314,21,SUBURB_NORTH,DOWNTOWN,COMFORT,7.52,19.2,CLEAR,0.0,10.0,22.9,0.36,0,55,12,0.22,REGULAR,25.55,0.043,0.039,0.0,0.0,1.08,27.59,20.9,6.69,0.8774,0,0
REQ-004315,18,AIRPORT,TECH_CORRIDOR,STANDARD,5.4,11.7,HEAVY_RAIN,54.5,2.3,22.3,0.69,0,14,43,3.07,GOLD,13.84,1.17,0.46,0.724,0.25,3.5,48.44,39.79,8.65,0.0336,0,1
REQ-004316,21,TECH_CORRIDOR,AIRPORT,COMFORT,18.76,58.0,CLEAR,0.0,10.0,7.8,0.33,0,19,10,0.53,REGULAR,61.55,0.0,0.027,0.0,0.0,1.03,63.4,47.73,15.67,0.8897,1,0
REQ-004317,17,AIRPORT,FINANCIAL_DISTRICT,STANDARD,19.35,54.9,CLEAR,0.0,10.0,30.3,0.54,0,15,80,5.33,GOLD,46.4,0.0,0.282,1.2,0.25,2.73,126.67,103.03,23.64,0.1806,0,0
REQ-004318,19,FINANCIAL_DISTRICT,SUBURB_NORTH,PREMIUM,22.38,40.7,CLEAR,0.0,10.0,16.1,0.62,0,34,53,1.56,REGULAR,105.25,0.0,0.371,0.196,0.25,1.82,191.56,152.3,39.26,0.5479,0,0
REQ-004319,9,SUBURB_NORTH,FINANCIAL_DISTRICT,COMFORT,19.76,58.6,RAIN,11.9,4.9,5.0,0.63,0,8,76,9.5,PLATINUM,63.47,0.384,0.383,1.2,0.2,3.17,201.2,164.67,36.53,0.099,0,0
REQ-004320,18,FINANCIAL_DISTRICT,DOWNTOWN,PREMIUM,20.28,41.7,CLEAR,0.0,10.0,30.1,0.5,0,34,71,2.09,REGULAR,100.23,0.0,0.243,0.381,0.25,1.87,187.43,149.29,38.14,0.518,1,0
REQ-004321,7,SUBURB_NORTH,DOWNTOWN,PREMIUM,6.93,16.9,CLEAR,0.0,10.0,17.0,0.68,0,49,42,0.86,REGULAR,41.76,0.0,0.446,0.0,0.2,1.65,68.9,54.39,14.51,0.6457,0,0
REQ-004322,13,DOWNTOWN,SUBURB_NORTH,PREMIUM,22.78,68.8,THUNDERSTORM,43.4,2.6,14.9,0.2,0,25,16,0.64,REGULAR,130.26,1.2,0.0,0.0,0.0,2.2,286.57,230.56,56.01,0.3274,1,0
REQ-004323,21,SUBURB_NORTH,TECH_CORRIDOR,XL,20.22,61.3,CLEAR,0.0,10.0,9.7,0.35,1,11,34,3.09,PLATINUM,85.24,0.0,0.154,0.731,0.0,1.88,160.25,127.69,32.56,0.7085,0,0
REQ-004324,3,TECH_CORRIDOR,DOWNTOWN,XL,18.43,39.3,CLEAR,0.0,10.0,12.7,0.31,0,33,14,0.42,GOLD,68.28,0.047,0.02,0.0,0.15,1.22,83.3,63.98,19.32,0.8921,1,0
REQ-004325,14,SUBURB_NORTH,AIRPORT,STANDARD,13.95,40.2,CLEAR,0.0,10.0,28.5,0.38,2,34,73,2.15,REGULAR,34.51,0.0,0.288,0.402,0.0,1.69,58.32,46.12,12.2,0.6234,1,0
REQ-004326,12,TECH_CORRIDOR,DOWNTOWN,COMFORT,2.29,6.1,CLEAR,0.0,10.0,23.1,0.39,0,16,64,4.0,GOLD,11.03,0.017,0.053,1.05,0.0,2.12,23.38,18.77,4.61,0.488,0,0
REQ-004327,7,FINANCIAL_DISTRICT,TECH_CORRIDOR,STANDARD,16.23,42.5,CLEAR,0.0,10.0,29.2,0.73,0,17,80,4.71,REGULAR,38.16,0.05,0.511,1.2,0.2,2.96,112.95,92.19,20.76,0.0728,0,0
REQ-004328,12,TECH_CORRIDOR,AIRPORT,STANDARD,20.82,62.4,CLEAR,0.0,10.0,26.2,0.06,0,11,47,4.27,REGULAR,50.86,0.0,0.0,1.144,0.0,2.14,108.84,87.43,21.41,0.3599,0,0
REQ-004329,8,SUBURB_NORTH,TECH_CORRIDOR,STANDARD,24.85,58.9,CLEAR,0.0,10.0,8.3,0.42,0,45,21,0.47,REGULAR,54.67,0.058,0.069,0.0,0.2,1.33,72.71,56.34,16.37,0.7971,1,0
REQ-004330,0,FINANCIAL_DISTRICT,TECH_CORRIDOR,COMFORT,22.01,44.2,HEAVY_RAIN,46.5,2.0,21.2,0.36,0,27,72,2.67,REGULAR,60.71,1.123,0.039,0.584,0.15,2.9,176.06,143.58,32.48,0.0832,0,0
REQ-004331,13,TECH_CORRIDOR,SUBURB_NORTH,PREMIUM,25.62,65.4,CLEAR,0.0,10.0,14.3,0.2,0,37,13,0.35,REGULAR,135.33,0.0,0.0,0.0,0.0,1.0,135.33,101.5,33.83,0.8966,1,0
REQ-004332,9,FINANCIAL_DISTRICT,TECH_CORRIDOR,XL,18.14,47.8,CLEAR,0.0,10.0,19.7,0.6,2,22,11,0.5,REGULAR,72.77,0.0,0.588,0.0,0.2,1.79,130.26,103.44,26.82,0.5656,0,0
REQ-004333,15,FINANCIAL_DISTRICT,TECH_CORRIDOR,STANDARD,25.53,56.4,THUNDERSTORM,34.0,0.7,22.2,0.26,0,39,16,0.41,REGULAR,54.65,1.2,0.007,0.0,0.0,2.21,120.78,97.2,23.58,0.3221,0,0
REQ-004334,6,FINANCIAL_DISTRICT,SUBURB_NORTH,STANDARD,8.15,15.1,CLEAR,0.0,10.0,14.3,0.21,0,23,48,2.09,REGULAR,18.47,0.0,0.0,0.381,0.0,1.38,25.49,19.82,5.67,0.777,1,0
REQ-004335,8,FINANCIAL_DISTRICT,TECH_CORRIDOR,XL,27.67,80.3,RAIN,14.0,6.0,15.0,0.77,0,37,16,0.43,REGULAR,112.29,0.407,0.57,0.0,0.2,2.18,244.79,196.84,47.95,0.338,0,0
REQ-004336,19,AIRPORT,TECH_CORRIDOR,PREMIUM,11.23,25.2,DRIZZLE,0.0,10.0,10.5,0.84,0,20,50,2.5,REGULAR,60.86,0.1,0.674,0.525,0.25,2.55,155.19,125.83,29.36,0.1736,0,0
REQ-004337,3,TECH_CORRIDOR,SUBURB_NORTH,STANDARD,12.82,24.0,CLEAR,0.0,10.0,10.5,0.23,1,28,30,1.07,REGULAR,27.42,0.0,0.122,0.0,0.15,1.27,34.82,26.86,7.96,0.8194,1,0
REQ-004338,22,DOWNTOWN,TECH_CORRIDOR,XL,10.57,30.9,CLEAR,0.0,10.0,13.5,0.3,0,25,44,1.76,REGULAR,46.74,0.0,0.017,0.266,0.0,1.28,59.83,46.18,13.65,0.8158,1,0
REQ-004339,16,FINANCIAL_DISTRICT,TECH_CORRIDOR,COMFORT,19.18,36.9,CLEAR,0.0,10.0,29.2,0.44,0,19,56,2.95,REGULAR,52.76,0.0,0.08,0.682,0.0,1.76,92.86,73.66,19.2,0.5832,0,0
REQ-004340,12,TECH_CORRIDOR,SUBURB_NORTH,PREMIUM,27.25,61.3,CLEAR,0.0,10.0,8.3,0.21,0,33,55,1.67,REGULAR,136.4,0.059,0.0,0.234,0.0,1.29,175.96,135.93,40.03,0.8121,1,0
REQ-004341,17,DOWNTOWN,AIRPORT,XL,11.47,29.5,DRIZZLE,0.0,10.0,23.2,0.74,0,30,64,2.13,GOLD,47.79,0.1,0.526,0.395,0.25,2.27,108.48,87.43,21.05,0.3994,0,0
REQ-004342,13,SUBURB_NORTH,TECH_CORRIDOR,COMFORT,18.63,38.4,CLEAR,0.0,10.0,19.5,0.34,0,9,64,7.11,PLATINUM,52.52,0.0,0.03,1.2,0.0,2.23,117.12,94.3,22.82,0.512,0,0
REQ-004343,7,TECH_CORRIDOR,FINANCIAL_DISTRICT,PREMIUM,15.77,45.6,CLEAR,0.0,10.0,23.9,0.67,0,50,77,1.54,REGULAR,90.92,0.0,0.433,0.189,0.2,1.82,165.47,131.56,33.91,0.5479,0,0
REQ-004344,21,DOWNTOWN,FINANCIAL_DISTRICT,PREMIUM,7.15,12.9,RAIN,13.6,5.7,7.5,0.06,0,28,35,1.25,REGULAR,38.98,0.403,0.0,0.087,0.0,1.49,58.08,45.47,12.61,0.7279,0,0
REQ-004345,2,DOWNTOWN,FINANCIAL_DISTRICT,COMFORT,10.59,25.7,CLEAR,0.0,10.0,6.6,0.07,0,50,56,1.12,REGULAR,33.53,0.0,0.0,0.0,0.15,1.15,38.56,29.42,9.14,0.8581,0,0
REQ-004346,10,TECH_CORRIDOR,SUBURB_NORTH,STANDARD,25.6,48.1,THUNDERSTORM,43.6,2.4,8.9,0.19,0,49,35,0.71,REGULAR,51.84,1.2,0.0,0.0,0.0,2.2,114.05,91.76,22.29,0.3274,1,0
REQ-004347,6,FINANCIAL_DISTRICT,AIRPORT,STANDARD,25.99,71.4,RAIN,4.7,6.1,22.2,0.33,0,23,27,1.17,REGULAR,60.48,0.303,0.027,0.0,0.0,1.33,80.44,62.33,18.11,0.7971,1,0
REQ-004348,15,SUBURB_NORTH,DOWNTOWN,XL,23.38,64.1,SNOW,6.2,6.0,-11.6,0.34,1,9,66,7.33,PLATINUM,93.56,0.702,0.15,1.2,0.0,3.05,285.36,233.2,52.16,0.1279,0,0
REQ-004349,9,DOWNTOWN,TECH_CORRIDOR,PREMIUM,23.45,58.0,CLEAR,0.0,10.0,31.7,0.69,0,51,68,1.33,REGULAR,122.96,0.0,0.458,0.116,0.2,1.77,217.64,172.7,44.94,0.5774,1,0
REQ-004350,1,DOWNTOWN,FINANCIAL_DISTRICT,STANDARD,15.19,47.5,CLEAR,0.0,10.0,25.0,0.08,0,28,13,0.46,REGULAR,38.61,0.0,0.0,0.0,0.15,1.15,44.4,33.88,10.52,0.8581,1,0
REQ-004351,3,FINANCIAL_DISTRICT,AIRPORT,XL,4.54,14.2,CLEAR,0.0,10.0,26.6,0.36,0,26,55,2.12,REGULAR,24.05,0.0,0.039,0.392,0.15,1.58,38.0,29.9,8.1,0.6831,1,0
REQ-004352,0,FINANCIAL_DISTRICT,TECH_CORRIDOR,COMFORT,11.13,33.2,CLEAR,0.0,10.0,22.9,0.22,0,23,33,1.43,PLATINUM,37.8,0.0,0.001,0.15,0.15,1.3,49.14,37.99,11.15,0.9072,1,0
REQ-004353,0,TECH_CORRIDOR,FINANCIAL_DISTRICT,PREMIUM,5.51,13.9,CLEAR,0.0,10.0,21.3,0.06,0,12,10,0.83,GOLD,35.24,0.005,0.0,0.0,0.15,1.15,40.53,30.93,9.6,0.9072,1,0
REQ-004354,13,TECH_CORRIDOR,AIRPORT,STANDARD,16.94,49.2,CLEAR,0.0,10.0,17.6,0.28,0,55,55,1.0,REGULAR,41.4,0.034,0.011,0.0,0.0,1.04,43.06,32.46,10.6,0.8874,1,0
REQ-004355,1,TECH_CORRIDOR,DOWNTOWN,PREMIUM,3.67,11.1,CLEAR,0.0,10.0,29.1,0.27,0,14,37,2.64,REGULAR,27.71,0.0,0.009,0.574,0.15,1.73,47.94,37.98,9.96,0.6006,0,0
REQ-004356,7,FINANCIAL_DISTRICT,AIRPORT,STANDARD,22.04,66.8,RAIN,13.6,6.6,12.8,0.68,0,56,26,0.46,REGULAR,53.93,0.46,0.446,0.0,0.2,2.11,113.79,91.33,22.46,0.3766,0,0
REQ-004357,0,TECH_CORRIDOR,AIRPORT,PREMIUM,18.7,34.4,RAIN,7.3,4.2,27.6,0.19,0,35,10,0.29,REGULAR,89.6,0.332,0.0,0.0,0.15,1.48,132.61,103.76,28.85,0.7326,1,0
REQ-004358,7,DOWNTOWN,SUBURB_NORTH,COMFORT,15.7,34.4,CLEAR,0.0,10.0,11.6,0.84,0,39,62,1.59,REGULAR,45.88,0.0,0.674,0.207,0.2,2.08,95.43,76.53,18.9,0.3936,1,0
REQ-004359,20,TECH_CORRIDOR,SUBURB_NORTH,PREMIUM,21.88,67.9,CLEAR,0.0,10.0,8.7,0.29,0,57,43,0.75,REGULAR,126.98,0.0,0.014,0.0,0.0,1.01,128.25,96.31,31.94,0.8944,1,0
REQ-004360,15,TECH_CORRIDOR,DOWNTOWN,XL,5.8,10.5,CLEAR,0.0,10.0,15.6,0.08,0,27,13,0.48,REGULAR,24.48,0.065,0.0,0.0,0.0,1.06,25.95,19.61,6.34,0.8825,1,0
REQ-004361,7,TECH_CORRIDOR,SUBURB_NORTH,XL,6.21,16.5,RAIN,5.4,7.7,7.8,0.52,0,26,11,0.42,GOLD,28.94,0.371,0.261,0.0,0.2,1.83,52.96,42.12,10.84,0.6566,0,0
REQ-004362,5,TECH_CORRIDOR,AIRPORT,PREMIUM,19.5,48.8,DRIZZLE,0.0,10.0,26.0,0.11,1,60,46,0.77,REGULAR,104.08,0.1,0.12,0.0,0.0,1.22,126.98,97.53,29.45,0.8364,1,0
REQ-004363,18,TECH_CORRIDOR,AIRPORT,STANDARD,24.39,56.5,HEAVY_RAIN,30.5,2.8,27.3,0.78,0,8,40,5.0,REGULAR,53.26,0.863,0.583,1.2,0.25,3.5,186.41,153.12,33.29,0.021,0,1
REQ-004364,11,TECH_CORRIDOR,AIRPORT,COMFORT,22.53,61.6,DRIZZLE,0.0,10.0,5.2,0.08,0,35,80,2.29,REGULAR,69.39,0.102,0.0,0.451,0.0,1.55,107.55,84.48,23.07,0.6985,1,0
REQ-004365,21,SUBURB_NORTH,FINANCIAL_DISTRICT,PREMIUM,24.37,48.7,CLEAR,0.0,10.0,25.8,0.18,0,39,67,1.72,REGULAR,117.64,0.069,0.0,0.252,0.0,1.32,155.28,120.22,35.06,0.8009,0,0
REQ-004366,4,FINANCIAL_DISTRICT,SUBURB_NORTH,XL,24.12,76.4,CLEAR,0.0,10.0,30.7,0.23,0,10,55,5.5,REGULAR,102.49,0.0,0.002,1.2,0.0,2.2,225.48,181.41,44.07,0.3274,1,0
REQ-004367,12,AIRPORT,TECH_CORRIDOR,STANDARD,13.69,30.7,CLEAR,0.0,10.0,24.1,0.17,2,54,72,1.33,REGULAR,30.85,0.0,0.24,0.116,0.0,1.36,41.96,32.58,9.38,0.7852,1,0
REQ-004368,14,DOWNTOWN,AIRPORT,PREMIUM,2.78,7.5,THUNDERSTORM,22.2,2.3,29.6,0.09,0,11,28,2.55,GOLD,22.16,1.078,0.0,0.542,0.0,2.62,58.06,47.14,10.92,0.223,1,0
REQ-004369,3,AIRPORT,TECH_CORRIDOR,STANDARD,3.61,9.2,CLEAR,0.0,10.0,13.1,0.17,0,24,19,0.79,REGULAR,10.73,0.0,0.0,0.0,0.15,1.15,12.34,9.42,2.92,0.8581,1,0
REQ-004370,19,FINANCIAL_DISTRICT,AIRPORT,PREMIUM,27.77,52.3,CLEAR,0.0,10.0,26.2,0.73,0,57,50,0.88,GOLD,130.21,0.0,0.512,0.0,0.25,1.76,229.17,181.77,47.4,0.6934,1,0
REQ-004371,6,TECH_CORRIDOR,SUBURB_NORTH,PREMIUM,13.53,40.5,RAIN,10.9,5.6,13.7,0.21,0,43,60,1.4,REGULAR,80.3,0.373,0.0,0.14,0.0,1.51,121.25,95.03,26.22,0.7183,1,0
REQ-004372,3,TECH_CORRIDOR,AIRPORT,XL,17.33,42.0,HEAVY_RAIN,56.3,2.4,21.8,0.1,0,41,66,1.61,REGULAR,67.59,1.16,0.0,0.214,0.15,2.52,170.33,138.02,32.31,0.1842,0,0
REQ-004373,22,FINANCIAL_DISTRICT,TECH_CORRIDOR,PREMIUM,8.8,21.3,CLEAR,0.0,10.0,25.9,0.12,0,22,63,2.86,REGULAR,50.75,0.0,0.0,0.651,0.0,1.65,83.74,66.1,17.64,0.6457,0,0
REQ-004374,12,TECH_CORRIDOR,FINANCIAL_DISTRICT,PREMIUM,10.02,24.8,CLEAR,0.0,10.0,23.9,0.12,0,60,13,0.22,REGULAR,57.14,0.0,0.0,0.0,0.0,1.0,57.14,42.86,14.28,0.8966,1,0
REQ-004375,2,TECH_CORRIDOR,AIRPORT,PREMIUM,6.72,20.0,DRIZZLE,0.0,10.0,29.9,0.19,0,16,40,2.5,REGULAR,43.82,0.1,0.0,0.525,0.15,1.77,77.56,61.54,16.02,0.5774,1,0
REQ-004376,4,DOWNTOWN,SUBURB_NORTH,COMFORT,4.13,9.5,CLEAR,0.0,10.0,28.1,0.19,0,24,38,1.58,REGULAR,15.59,0.069,0.0,0.203,0.0,1.27,19.8,15.27,4.53,0.8194,1,0
REQ-004377,12,FINANCIAL_DISTRICT,SUBURB_NORTH,STANDARD,3.47,10.7,SNOW,10.2,7.1,-14.5,0.13,0,45,48,1.07,GOLD,11.08,0.805,0.0,0.0,0.0,1.81,20.05,15.93,4.12,0.6673,1,0
REQ-004378,7,FINANCIAL_DISTRICT,AIRPORT,XL,17.08,34.4,CLEAR,0.0,10.0,28.3,0.46,1,8,67,8.38,REGULAR,62.51,0.047,0.213,1.2,0.2,2.66,166.28,135.09,31.19,0.139,0,0
REQ-004379,12,DOWNTOWN,SUBURB_NORTH,PREMIUM,12.3,24.6,FOG,0.0,10.0,7.9,0.31,0,27,32,1.19,REGULAR,63.35,0.247,0.02,0.0,0.0,1.27,80.45,62.05,18.4,0.8194,1,0
REQ-004380,21,SUBURB_NORTH,TECH_CORRIDOR,COMFORT,21.84,62.2,CLEAR,0.0,10.0,6.6,0.17,0,47,13,0.28,REGULAR,68.53,0.0,0.0,0.0,0.0,1.0,68.53,51.4,17.13,0.8966,1,0
REQ-004381,17,DOWNTOWN,TECH_CORRIDOR,COMFORT,23.85,61.7,CLEAR,0.0,10.0,5.4,0.42,0,13,54,4.15,REGULAR,71.62,0.0,0.069,1.103,0.25,2.42,173.32,140.16,33.16,0.223,1,0
REQ-004382,13,TECH_CORRIDOR,SUBURB_NORTH,STANDARD,14.28,36.2,RAIN,7.1,6.6,15.9,0.2,0,33,44,1.33,PLATINUM,33.52,0.365,0.0,0.116,0.0,1.48,49.61,38.82,10.79,0.8639,1,0
REQ-004383,12,AIRPORT,DOWNTOWN,XL,21.74,50.6,CLEAR,0.0,10.0,25.2,0.11,0,60,72,1.2,GOLD,82.01,0.061,0.0,0.0,0.0,1.06,86.93,65.69,21.24,0.9239,1,0
REQ-004384,2,TECH_CORRIDOR,DOWNTOWN,PREMIUM,27.08,79.5,RAIN,5.4,6.8,11.3,0.13,1,23,25,1.09,REGULAR,151.4,0.324,0.12,0.0,0.15,1.59,240.73,189.48,51.25,0.6779,1,0
REQ-004385,9,SUBURB_NORTH,DOWNTOWN,PREMIUM,20.74,45.6,CLEAR,0.0,10.0,28.8,0.49,0,44,12,0.27,REGULAR,104.83,0.019,0.113,0.0,0.2,1.33,139.42,108.02,31.4,0.7971,1,0
REQ-004386,7,TECH_CORRIDOR,DOWNTOWN,STANDARD,8.22,23.2,HEAVY_RAIN,43.5,0.8,6.9,0.72,0,36,16,0.44,GOLD,21.4,1.2,0.499,0.0,0.2,2.9,62.06,50.61,11.45,0.1279,0,0
REQ-004387,14,DOWNTOWN,AIRPORT,STANDARD,20.25,45.5,CLEAR,0.0,10.0,24.3,0.43,0,33,12,0.36,REGULAR,44.23,0.0,0.074,0.0,0.0,1.07,47.33,35.81,11.52,0.88,1,0
REQ-004388,1,TECH_CORRIDOR,SUBURB_NORTH,COMFORT,11.04,27.4,RAIN,9.0,6.6,7.9,0.17,0,56,77,1.38,PLATINUM,35.05,0.351,0.0,0.133,0.15,1.63,57.13,45.06,12.07,0.8158,0,0
REQ-004389,4,AIRPORT,FINANCIAL_DISTRICT,COMFORT,22.17,50.8,CLEAR,0.0,10.0,17.4,0.36,0,14,73,5.21,REGULAR,63.94,0.0,0.039,1.2,0.0,2.24,143.23,115.35,27.88,0.3066,0,0
REQ-004390,22,TECH_CORRIDOR,DOWNTOWN,XL,24.13,50.5,CLEAR,0.0,10.0,6.4,0.09,0,55,55,1.0,REGULAR,86.97,0.0,0.0,0.0,0.0,1.0,86.97,65.23,21.74,0.8966,1,0
REQ-004391,16,DOWNTOWN,SUBURB_NORTH,STANDARD,19.45,49.0,CLEAR,0.0,10.0,28.3,0.07,0,22,28,1.27,GOLD,44.46,0.0,0.0,0.095,0.0,1.09,48.46,36.74,11.72,0.9186,1,0
REQ-004392,19,FINANCIAL_DISTRICT,DOWNTOWN,STANDARD,18.15,35.6,RAIN,10.2,4.5,15.3,0.41,0,40,45,1.12,REGULAR,38.15,0.365,0.063,0.0,0.25,1.68,64.09,50.66,13.43,0.629,1,0
REQ-004393,12,TECH_CORRIDOR,FINANCIAL_DISTRICT,PREMIUM,25.84,55.8,DRIZZLE,0.0,10.0,22.0,0.1,0,22,76,3.45,GOLD,127.78,0.1,0.0,0.858,0.0,1.96,250.45,200.1,50.35,0.5832,0,0
REQ-004394,14,FINANCIAL_DISTRICT,AIRPORT,COMFORT,6.75,15.7,CLEAR,0.0,10.0,23.3,0.24,1,47,26,0.55,GOLD,22.7,0.076,0.123,0.0,0.0,1.2,27.24,20.88,6.36,0.8966,1,0
REQ-004395,11,DOWNTOWN,TECH_CORRIDOR,COMFORT,3.2,8.5,HEAVY_RAIN,53.1,1.6,16.0,0.36,0,40,70,1.75,REGULAR,13.61,1.2,0.039,0.262,0.0,2.5,34.02,27.56,6.46,0.1915,0,0
REQ-004396,1,TECH_CORRIDOR,AIRPORT,COMFORT,17.68,35.1,CLEAR,0.0,10.0,16.5,0.18,0,32,55,1.72,REGULAR,49.47,0.0,0.0,0.252,0.15,1.4,69.26,53.92,15.34,0.7685,1,0
REQ-004397,0,TECH_CORRIDOR,FINANCIAL_DISTRICT,PREMIUM,14.1,41.4,CLEAR,0.0,10.0,6.8,0.35,2,21,77,3.67,REGULAR,82.67,0.0,0.274,0.934,0.15,2.36,195.1,157.57,37.53,0.249,0,0
REQ-004398,0,AIRPORT,DOWNTOWN,XL,7.33,18.9,CLEAR,0.0,10.0,28.0,0.44,1,56,56,1.0,REGULAR,32.73,0.0,0.2,0.0,0.15,1.35,44.19,34.29,9.9,0.7892,1,0
REQ-004399,5,FINANCIAL_DISTRICT,SUBURB_NORTH,XL,18.97,48.9,CLEAR,0.0,10.0,15.7,0.42,1,55,66,1.2,PLATINUM,75.18,0.0,0.189,0.0,0.0,1.19,89.46,68.52,20.94,0.9272,1,0
REQ-004400,6,SUBURB_NORTH,TECH_CORRIDOR,STANDARD,4.55,11.5,CLEAR,0.0,10.0,14.7,0.25,1,52,59,1.13,REGULAR,12.71,0.0,0.125,0.0,0.0,1.12,14.24,10.83,3.41,0.8667,1,0
REQ-004401,18,FINANCIAL_DISTRICT,SUBURB_NORTH,COMFORT,8.79,24.8,CLEAR,0.0,10.0,23.6,0.74,0,45,12,0.27,REGULAR,30.16,0.0,0.527,0.0,0.25,1.78,53.68,42.61,11.07,0.5715,0,0
REQ-004402,23,DOWNTOWN,FINANCIAL_DISTRICT,COMFORT,25.95,75.6,RAIN,9.9,4.3,25.1,0.14,0,27,56,2.07,REGULAR,81.34,0.361,0.0,0.374,0.15,1.88,152.92,121.85,31.07,0.512,1,0
REQ-004403,2,FINANCIAL_DISTRICT,SUBURB_NORTH,COMFORT,10.19,23.4,CLEAR,0.0,10.0,9.2,0.28,1,56,38,0.68,GOLD,31.84,0.0,0.131,0.0,0.15,1.28,40.76,31.46,9.3,0.8774,1,0
REQ-004404,17,TECH_CORRIDOR,FINANCIAL_DISTRICT,STANDARD,27.33,65.8,CLEAR,0.0,10.0,26.4,0.71,1,37,38,1.03,REGULAR,60.19,0.0,0.605,0.0,0.25,1.85,111.35,88.63,22.72,0.53,1,0
REQ-004405,20,FINANCIAL_DISTRICT,AIRPORT,XL,24.07,58.9,RAIN,6.4,7.4,26.5,0.11,0,9,33,3.67,GOLD,91.89,0.322,0.0,0.934,0.0,2.26,207.67,167.33,40.34,0.4052,0,0
REQ-004406,7,TECH_CORRIDOR,AIRPORT,XL,25.43,53.2,DRIZZLE,0.0,10.0,12.2,0.58,0,16,60,3.75,REGULAR,91.32,0.1,0.325,0.962,0.2,2.59,236.52,191.91,44.61,0.1603,0,0
REQ-004407,7,TECH_CORRIDOR,DOWNTOWN,XL,21.74,68.4,HEAVY_RAIN,32.7,2.5,27.1,0.76,0,37,30,0.81,PLATINUM,92.69,0.984,0.555,0.0,0.2,2.74,253.97,206.61,47.36,0.2358,0,0
REQ-004408,16,FINANCIAL_DISTRICT,TECH_CORRIDOR,PREMIUM,18.08,53.3,DRIZZLE,0.0,10.0,10.5,0.14,0,49,33,0.67,REGULAR,103.92,0.1,0.0,0.0,0.0,1.1,114.31,86.77,27.54,0.8721,1,0
REQ-004409,2,FINANCIAL_DISTRICT,TECH_CORRIDOR,XL,20.66,60.1,CLEAR,0.0,10.0,13.1,0.26,0,44,22,0.5,REGULAR,85.45,0.0,0.007,0.0,0.15,1.16,99.12,75.71,23.41,0.8552,1,0
REQ-004410,10,DOWNTOWN,FINANCIAL_DISTRICT,STANDARD,24.1,49.0,THUNDERSTORM,38.3,0.9,28.4,0.09,0,59,13,0.22,PLATINUM,50.27,1.2,0.0,0.0,0.0,2.2,110.59,88.97,21.62,0.53,1,0
REQ-004411,20,FINANCIAL_DISTRICT,SUBURB_NORTH,XL,3.1,9.0,CLEAR,0.0,10.0,23.5,0.37,0,25,68,2.72,REGULAR,17.91,0.0,0.043,0.602,0.0,1.65,29.55,23.33,6.22,0.6457,1,0
REQ-004412,6,DOWNTOWN,TECH_CORRIDOR,STANDARD,18.23,51.2,CLEAR,0.0,10.0,21.8,0.25,2,53,18,0.34,GOLD,43.71,0.0,0.245,0.0,0.0,1.25,54.64,42.07,12.57,0.8849,1,0
REQ-004413,6,AIRPORT,SUBURB_NORTH,STANDARD,16.66,47.9,CLEAR,0.0,10.0,26.9,0.06,0,12,55,4.58,REGULAR,40.58,0.044,0.0,1.2,0.0,2.24,90.9,73.21,17.69,0.3066,0,0
REQ-004414,16,DOWNTOWN,FINANCIAL_DISTRICT,STANDARD,13.38,35.4,RAIN,9.8,4.1,31.0,0.33,1,33,33,1.0,REGULAR,32.12,0.36,0.147,0.0,0.0,1.51,48.5,38.01,10.49,0.7183,0,0
REQ-004415,2,DOWNTOWN,FINANCIAL_DISTRICT,PREMIUM,23.16,52.5,CLEAR,0.0,10.0,12.6,0.29,0,20,38,1.9,REGULAR,117.47,0.0,0.014,0.315,0.15,1.48,173.86,136.03,37.83,0.7326,1,0
REQ-004416,20,AIRPORT,SUBURB_NORTH,PREMIUM,2.47,7.8,CLEAR,0.0,10.0,16.7,0.25,0,38,36,0.95,REGULAR,21.55,0.0,0.005,0.0,0.0,1.0,21.55,16.16,5.39,0.8966,1,0
REQ-004417,10,TECH_CORRIDOR,FINANCIAL_DISTRICT,STANDARD,21.0,42.5,DRIZZLE,0.0,10.0,28.3,0.38,0,36,11,0.31,REGULAR,44.12,0.1,0.048,0.0,0.0,1.15,50.74,38.72,12.02,0.8581,0,0
REQ-004418,13,AIRPORT,SUBURB_NORTH,XL,10.94,25.8,CLEAR,0.0,10.0,18.2,0.06,0,38,76,2.0,REGULAR,44.45,0.0,0.0,0.35,0.0,1.35,60.01,46.56,13.45,0.7892,1,0
REQ-004419,7,DOWNTOWN,AIRPORT,PREMIUM,18.54,39.7,THUNDERSTORM,48.6,0.8,20.2,0.57,0,42,13,0.31,REGULAR,93.66,1.2,0.315,0.0,0.2,2.72,254.76,207.18,47.58,0.1226,1,0
REQ-004420,20,AIRPORT,FINANCIAL_DISTRICT,PREMIUM,17.95,44.9,RAIN,3.7,4.6,6.6,0.29,0,53,38,0.72,GOLD,96.42,0.331,0.014,0.0,0.0,1.34,129.2,100.18,29.02,0.861,1,0
REQ-004421,6,DOWNTOWN,TECH_CORRIDOR,COMFORT,22.75,41.4,RAIN,14.7,5.1,26.3,0.13,0,60,67,1.12,PLATINUM,60.67,0.415,0.0,0.0,0.0,1.42,86.15,67.16,18.99,0.88,1,0
REQ-004422,6,FINANCIAL_DISTRICT,AIRPORT,PREMIUM,11.79,37.3,CLEAR,0.0,10.0,8.0,0.12,0,10,26,2.6,REGULAR,72.71,0.0,0.0,0.56,0.0,1.56,113.43,89.14,24.29,0.6934,0,0
REQ-004423,18,DOWNTOWN,AIRPORT,STANDARD,24.88,71.1,DRIZZLE,0.0,10.0,27.2,0.48,0,26,73,2.81,GOLD,58.98,0.1,0.106,0.633,0.25,2.09,123.27,98.88,24.39,0.506,1,0
REQ-004424,11,DOWNTOWN,AIRPORT,XL,10.78,22.0,CLEAR,0.0,10.0,8.7,0.11,0,14,55,3.93,GOLD,41.84,0.051,0.0,1.026,0.0,2.08,87.03,69.79,17.24,0.512,1,0
REQ-004425,8,TECH_CORRIDOR,AIRPORT,STANDARD,19.24,54.3,CLEAR,0.0,10.0,27.8,0.54,0,55,28,0.51,REGULAR,46.05,0.0,0.284,0.0,0.2,1.48,68.15,53.32,14.83,0.7326,1,0
REQ-004426,21,TECH_CORRIDOR,SUBURB_NORTH,PREMIUM,12.48,38.7,CLEAR,0.0,10.0,19.3,0.4,0,47,80,1.7,REGULAR,75.84,0.038,0.058,0.245,0.0,1.34,101.63,78.8,22.83,0.7931,1,0
REQ-004427,6,SUBURB_NORTH,DOWNTOWN,STANDARD,5.98,11.0,CLEAR,0.0,10.0,15.0,0.23,0,34,35,1.03,REGULAR,14.33,0.052,0.002,0.0,0.0,1.05,15.05,11.36,3.69,0.8849,1,0
REQ-004428,0,FINANCIAL_DISTRICT,SUBURB_NORTH,XL,9.83,28.4,CLEAR,0.0,10.0,31.5,0.26,0,59,50,0.85,GOLD,43.68,0.0,0.007,0.0,0.15,1.16,50.67,38.7,11.97,0.9052,1,0
REQ-004429,21,TECH_CORRIDOR,SUBURB_NORTH,PREMIUM,26.55,82.8,HEAVY_RAIN,24.7,1.3,13.6,0.06,0,15,30,2.0,REGULAR,152.72,0.948,0.0,0.35,0.0,2.3,351.26,283.3,67.96,0.2769,1,0
REQ-004430,10,SUBURB_NORTH,FINANCIAL_DISTRICT,PREMIUM,2.32,4.5,CLEAR,0.0,10.0,11.5,0.35,1,26,27,1.04,REGULAR,18.32,0.0,0.154,0.0,0.0,1.15,21.07,16.08,4.99,0.8581,1,0
REQ-004431,16,DOWNTOWN,TECH_CORRIDOR,COMFORT,20.68,46.7,CLEAR,0.0,10.0,5.4,0.33,0,46,13,0.28,REGULAR,59.64,0.0,0.027,0.0,0.0,1.03,61.43,46.25,15.18,0.8897,1,0
REQ-004432,3,AIRPORT,DOWNTOWN,COMFORT,7.68,16.3,CLEAR,0.0,10.0,10.3,0.06,0,17,16,0.94,REGULAR,24.51,0.0,0.0,0.0,0.15,1.15,28.19,21.51,6.68,0.8581,1,0
REQ-004433,21,DOWNTOWN,SUBURB_NORTH,PREMIUM,14.73,46.5,CLEAR,0.0,10.0,11.4,0.19,1,22,13,0.59,GOLD,88.76,0.036,0.12,0.0,0.0,1.16,102.96,78.64,24.32,0.9052,1,0
REQ-004434,6,DOWNTOWN,FINANCIAL_DISTRICT,COMFORT,2.89,8.4,CLEAR,0.0,10.0,26.9,0.16,0,26,10,0.38,GOLD,13.05,0.01,0.0,0.0,0.0,1.01,13.18,9.9,3.28,0.9319,1,0
REQ-004435,21,SUBURB_NORTH,AIRPORT,XL,3.89,11.6,CLEAR,0.0,10.0,19.0,0.11,0,52,80,1.54,GOLD,21.13,0.081,0.0,0.189,0.0,1.27,26.84,20.7,6.14,0.88,1,0
REQ-004436,2,DOWNTOWN,FINANCIAL_DISTRICT,STANDARD,14.18,39.4,DRIZZLE,0.0,10.0,23.6,0.24,0,37,53,1.43,REGULAR,34.52,0.1,0.003,0.15,0.15,1.4,48.33,37.63,10.7,0.7685,1,0
REQ-004437,22,TECH_CORRIDOR,SUBURB_NORTH,PREMIUM,13.36,26.9,CLEAR,0.0,10.0,24.3,0.45,0,32,56,1.75,REGULAR,68.27,0.004,0.086,0.262,0.0,1.35,92.16,71.51,20.65,0.7892,1,0
REQ-004438,6,SUBURB_NORTH,AIRPORT,COMFORT,9.62,24.5,CLEAR,0.0,10.0,19.5,0.25,1,14,33,2.36,REGULAR,31.4,0.066,0.125,0.476,0.0,1.67,52.44,41.43,11.01,0.6346,1,0
REQ-004439,10,TECH_CORRIDOR,AIRPORT,XL,10.24,31.7,CLEAR,0.0,10.0,12.1,0.09,0,48,20,0.42,REGULAR,46.52,0.022,0.0,0.0,0.0,1.02,47.45,35.68,11.77,0.8921,1,0
REQ-004440,23,SUBURB_NORTH,AIRPORT,COMFORT,14.96,28.1,CLEAR,0.0,10.0,16.7,0.37,1,19,17,0.89,REGULAR,41.83,0.0,0.163,0.0,0.15,1.31,54.8,42.4,12.4,0.8047,0,0
REQ-004441,14,SUBURB_NORTH,AIRPORT,STANDARD,5.98,15.7,CLEAR,0.0,10.0,20.7,0.14,0,10,54,5.4,REGULAR,15.97,0.0,0.0,1.2,0.0,2.2,35.13,28.26,6.87,0.3274,1,0
REQ-004442,23,TECH_CORRIDOR,DOWNTOWN,COMFORT,23.81,48.1,SNOW,8.2,5.4,-12.7,0.08,0,38,47,1.24,PLATINUM,65.43,0.746,0.0,0.084,0.15,1.98,129.55,103.57,25.98,0.6566,1,0
REQ-004443,6,DOWNTOWN,SUBURB_NORTH,COMFORT,27.4,85.6,CLEAR,0.0,10.0,18.0,0.13,2,36,25,0.69,GOLD,88.23,0.0,0.24,0.0,0.0,1.24,109.41,84.18,25.23,0.8874,1,0
REQ-004444,4,DOWNTOWN,SUBURB_NORTH,XL,10.02,31.4,DRIZZLE,0.0,10.0,16.9,0.26,0,37,34,0.92,REGULAR,45.88,0.1,0.007,0.0,0.0,1.11,50.93,38.7,12.23,0.8694,1,0
REQ-004445,16,AIRPORT,FINANCIAL_DISTRICT,PREMIUM,13.23,26.8,CLEAR,0.0,10.0,28.3,0.18,0,39,55,1.41,REGULAR,67.82,0.0,0.0,0.143,0.0,1.14,77.31,58.93,18.38,0.861,1,0
REQ-004446,21,SUBURB_NORTH,FINANCIAL_DISTRICT,PREMIUM,20.25,44.5,DRIZZLE,0.0,10.0,27.4,0.3,1,15,15,1.0,REGULAR,102.52,0.1,0.137,0.0,0.0,1.24,127.12,97.8,29.32,0.8298,1,0
REQ-004447,22,DOWNTOWN,FINANCIAL_DISTRICT,PREMIUM,2.87,5.2,HEAVY_RAIN,41.8,2.1,26.6,0.17,1,16,25,1.56,GOLD,20.46,1.06,0.12,0.196,0.0,2.38,48.69,39.34,9.35,0.338,0,0
REQ-004448,15,DOWNTOWN,AIRPORT,STANDARD,14.99,32.1,RAIN,3.7,4.3,23.3,0.22,0,12,16,1.33,GOLD,32.97,0.363,0.001,0.116,0.0,1.48,48.8,38.18,10.62,0.8158,1,0
REQ-004449,8,DOWNTOWN,TECH_CORRIDOR,PREMIUM,13.29,40.1,CLEAR,0.0,10.0,15.9,0.42,0,43,77,1.79,REGULAR,79.3,0.079,0.069,0.276,0.2,1.62,128.47,101.27,27.2,0.662,1,0
REQ-004450,8,AIRPORT,SUBURB_NORTH,COMFORT,9.46,17.8,RAIN,12.0,6.0,12.9,0.63,0,26,50,1.92,REGULAR,28.12,0.385,0.382,0.322,0.2,2.29,64.39,51.92,12.47,0.2817,0,0
REQ-004451,7,FINANCIAL_DISTRICT,TECH_CORRIDOR,PREMIUM,12.96,40.8,SNOW,7.1,4.7,-13.6,0.64,0,13,29,2.23,REGULAR,78.97,0.752,0.396,0.43,0.2,2.78,219.54,178.71,40.83,0.1079,0,0
REQ-004452,6,DOWNTOWN,TECH_CORRIDOR,XL,2.62,8.4,CLEAR,0.0,10.0,31.0,0.19,0,39,18,0.46,REGULAR,16.54,0.0,0.0,0.0,0.0,1.0,16.54,12.4,4.14,0.8966,1,0
REQ-004453,5,SUBURB_NORTH,FINANCIAL_DISTRICT,PREMIUM,25.84,55.1,RAIN,5.2,5.4,10.0,0.31,1,9,52,5.78,REGULAR,127.19,0.353,0.14,1.2,0.0,2.69,342.14,278.1,64.04,0.1306,1,0
REQ-004454,5,FINANCIAL_DISTRICT,TECH_CORRIDOR,COMFORT,14.38,45.3,CLEAR,0.0,10.0,30.5,0.25,1,48,42,0.88,REGULAR,48.61,0.0,0.125,0.0,0.0,1.12,54.44,41.41,13.03,0.8667,1,0
REQ-004455,20,TECH_CORRIDOR,SUBURB_NORTH,XL,6.03,11.8,RAIN,8.6,7.2,6.9,0.43,0,20,40,2.0,PLATINUM,25.74,0.347,0.074,0.35,0.0,1.77,45.56,36.15,9.41,0.7599,1,0
REQ-004456,21,DOWNTOWN,FINANCIAL_DISTRICT,PREMIUM,4.47,13.5,DRIZZLE,0.0,10.0,11.0,0.19,0,59,70,1.19,GOLD,31.99,0.1,0.0,0.0,0.0,1.1,35.19,26.71,8.48,0.9168,0,0
REQ-004457,20,TECH_CORRIDOR,DOWNTOWN,COMFORT,24.49,50.7,HEAVY_RAIN,26.4,1.3,18.9,0.2,0,21,76,3.62,REGULAR,67.73,0.967,0.0,0.917,0.0,2.88,195.06,159.03,36.03,0.0869,1,0
REQ-004458,3,AIRPORT,DOWNTOWN,PREMIUM,21.44,56.9,CLEAR,0.0,10.0,13.7,0.37,0,58,49,0.84,REGULAR,116.39,0.0,0.043,0.0,0.15,1.19,138.5,106.09,32.41,0.8461,1,0
REQ-004459,10,DOWNTOWN,FINANCIAL_DISTRICT,XL,6.8,19.8,SNOW,6.1,5.5,-6.3,0.37,0,35,80,2.29,GOLD,32.16,0.595,0.043,0.451,0.0,2.09,67.21,53.91,13.3,0.506,1,0
REQ-004460,8,TECH_CORRIDOR,AIRPORT,XL,2.57,7.3,RAIN,8.6,4.6,21.6,0.63,0,37,19,0.51,REGULAR,15.78,0.347,0.384,0.0,0.2,1.93,30.46,24.31,6.15,0.482,0,0
REQ-004461,17,AIRPORT,TECH_CORRIDOR,XL,3.37,8.4,CLEAR,0.0,10.0,17.8,0.63,0,55,53,0.96,REGULAR,18.12,0.0,0.383,0.0,0.25,1.63,29.54,23.3,6.24,0.6566,0,0
REQ-004462,1,FINANCIAL_DISTRICT,DOWNTOWN,PREMIUM,9.6,19.5,DRIZZLE,0.0,10.0,31.1,0.26,0,49,51,1.04,REGULAR,51.45,0.1,0.007,0.0,0.15,1.26,64.83,49.96,14.87,0.8229,1,0
REQ-004463,20,AIRPORT,FINANCIAL_DISTRICT,STANDARD,21.03,64.8,CLEAR,0.0,10.0,31.0,0.28,0,20,41,2.05,REGULAR,51.97,0.0,0.011,0.367,0.0,1.38,71.72,55.77,15.95,0.777,1,0
REQ-004464,18,SUBURB_NORTH,AIRPORT,COMFORT,13.38,32.0,THUNDERSTORM,24.1,1.7,28.9,0.42,0,20,69,3.45,REGULAR,40.98,1.151,0.069,0.858,0.25,3.33,136.46,111.89,24.57,0.0313,0,0
REQ-004465,16,FINANCIAL_DISTRICT,TECH_CORRIDOR,COMFORT,17.68,50.1,RAIN,11.3,6.9,29.8,0.31,0,24,65,2.71,REGULAR,56.22,0.427,0.02,0.598,0.0,2.04,114.69,91.86,22.83,0.4168,1,0
REQ-004466,2,TECH_CORRIDOR,DOWNTOWN,XL,10.11,23.0,DRIZZLE,0.0,10.0,26.1,0.24,0,58,45,0.78,REGULAR,41.03,0.1,0.003,0.0,0.15,1.25,51.29,39.49,11.8,0.8264,1,0
REQ-004467,7,SUBURB_NORTH,DOWNTOWN,COMFORT,23.08,42.4,CLEAR,0.0,10.0,12.5,0.73,0,11,70,6.36,GOLD,61.66,0.0,0.514,1.2,0.2,2.91,179.43,146.35,33.08,0.1252,0,0
REQ-004468,22,AIRPORT,TECH_CORRIDOR,XL,8.72,24.9,CLEAR,0.0,10.0,26.4,0.14,0,32,50,1.56,REGULAR,39.25,0.072,0.0,0.196,0.0,1.27,49.85,38.45,11.4,0.8194,1,0
REQ-004469,14,DOWNTOWN,AIRPORT,COMFORT,26.73,73.0,CLEAR,0.0,10.0,15.5,0.33,0,52,53,1.02,REGULAR,81.45,0.0,0.027,0.0,0.0,1.03,83.89,63.16,20.73,0.8897,1,0
REQ-004470,21,SUBURB_NORTH,AIRPORT,COMFORT,23.44,49.8,CLEAR,0.0,10.0,27.8,0.15,0,38,12,0.32,REGULAR,65.59,0.0,0.0,0.0,0.0,1.0,65.59,49.19,16.4,0.8966,1,0
REQ-004471,19,SUBURB_NORTH,TECH_CORRIDOR,XL,14.42,30.6,CLEAR,0.0,10.0,22.4,0.68,0,22,40,1.82,REGULAR,54.64,0.0,0.446,0.287,0.25,1.98,108.19,86.5,21.69,0.4521,1,0
REQ-004472,3,DOWNTOWN,TECH_CORRIDOR,COMFORT,18.19,39.9,RAIN,8.5,7.1,9.0,0.37,0,30,36,1.2,REGULAR,52.46,0.346,0.043,0.0,0.15,1.54,80.79,63.43,17.36,0.7035,1,0
REQ-004473,16,DOWNTOWN,TECH_CORRIDOR,COMFORT,17.74,34.6,CLEAR,0.0,10.0,13.9,0.06,0,46,41,0.89,REGULAR,49.34,0.0,0.0,0.0,0.0,1.0,49.34,37.01,12.33,0.8966,1,0
REQ-004474,23,SUBURB_NORTH,DOWNTOWN,STANDARD,20.34,52.2,CLEAR,0.0,10.0,25.7,0.36,1,14,72,5.14,REGULAR,46.7,0.0,0.159,1.2,0.15,2.51,117.22,94.97,22.25,0.1879,0,0
REQ-004475,7,TECH_CORRIDOR,FINANCIAL_DISTRICT,STANDARD,13.86,26.4,CLEAR,0.0,10.0,25.9,0.6,0,15,11,0.73,REGULAR,29.56,0.0,0.349,0.0,0.2,1.55,45.82,35.99,9.83,0.6985,1,0
REQ-004476,5,FINANCIAL_DISTRICT,SUBURB_NORTH,STANDARD,4.58,9.7,DRIZZLE,0.0,10.0,13.6,0.3,0,21,18,0.86,REGULAR,12.11,0.1,0.017,0.0,0.0,1.12,13.56,10.32,3.24,0.8667,1,0
REQ-004477,9,SUBURB_NORTH,AIRPORT,STANDARD,20.2,60.7,CLEAR,0.0,10.0,13.1,0.45,0,31,77,2.48,REGULAR,49.5,0.0,0.086,0.518,0.2,1.8,89.1,70.78,18.32,0.5597,0,0
REQ-004478,7,FINANCIAL_DISTRICT,TECH_CORRIDOR,STANDARD,24.81,59.0,CLEAR,0.0,10.0,15.0,0.82,0,30,69,2.3,REGULAR,54.66,0.024,0.643,0.455,0.2,2.32,126.81,102.32,24.49,0.2674,0,0
REQ-004479,5,FINANCIAL_DISTRICT,AIRPORT,PREMIUM,27.38,53.7,CLEAR,0.0,10.0,27.1,0.1,0,45,63,1.4,PLATINUM,130.31,0.0,0.0,0.14,0.0,1.14,148.55,113.24,35.31,0.9349,1,0
REQ-004480,2,TECH_CORRIDOR,DOWNTOWN,PREMIUM,22.14,49.4,CLEAR,0.0,10.0,27.1,0.15,0,17,22,1.29,REGULAR,111.98,0.0,0.0,0.102,0.15,1.25,139.97,107.78,32.19,0.8264,1,0
REQ-004481,15,FINANCIAL_DISTRICT,AIRPORT,XL,24.95,77.3,CLEAR,0.0,10.0,15.7,0.43,0,39,20,0.51,REGULAR,104.78,0.057,0.074,0.0,0.0,1.13,118.4,90.16,28.24,0.8639,1,0
REQ-004482,22,DOWNTOWN,AIRPORT,PREMIUM,3.41,9.5,RAIN,10.0,7.6,21.2,0.27,2,39,74,1.9,REGULAR,25.62,0.404,0.249,0.315,0.0,1.97,50.47,40.34,10.13,0.4581,1,0
REQ-004483,19,SUBURB_NORTH,TECH_CORRIDOR,PREMIUM,18.05,52.3,RAIN,5.6,6.4,20.4,0.8,0,39,33,0.85,REGULAR,102.99,0.316,0.612,0.0,0.25,2.18,224.52,180.54,43.98,0.338,1,0
REQ-004484,3,AIRPORT,FINANCIAL_DISTRICT,STANDARD,3.61,9.2,CLEAR,0.0,10.0,27.1,0.26,1,42,39,0.93,REGULAR,10.73,0.062,0.127,0.0,0.15,1.34,14.38,11.15,3.23,0.7931,1,0
REQ-004485,10,SUBURB_NORTH,FINANCIAL_DISTRICT,XL,16.95,35.6,DRIZZLE,0.0,10.0,23.7,0.16,0,15,15,1.0,PLATINUM,62.95,0.1,0.0,0.0,0.0,1.1,69.25,52.57,16.68,0.9405,1,0
REQ-004486,3,SUBURB_NORTH,FINANCIAL_DISTRICT,XL,23.78,72.5,HEAVY_RAIN,30.0,0.5,26.2,0.21,0,9,39,4.33,PLATINUM,99.44,1.114,0.0,1.165,0.15,3.43,341.08,279.97,61.11,0.0556,0,0
REQ-004487,0,SUBURB_NORTH,FINANCIAL_DISTRICT,STANDARD,4.87,15.0,CLEAR,0.0,10.0,6.0,0.42,0,49,75,1.53,REGULAR,14.34,0.0,0.069,0.185,0.15,1.4,20.08,15.63,4.45,0.7685,1,0
REQ-004488,8,TECH_CORRIDOR,DOWNTOWN,COMFORT,2.0,4.0,THUNDERSTORM,22.5,1.3,5.6,0.59,0,50,20,0.4,REGULAR,9.6,1.173,0.336,0.0,0.2,2.71,26.02,21.16,4.86,0.1252,0,0
REQ-004489,12,TECH_CORRIDOR,AIRPORT,PREMIUM,21.29,65.4,CLEAR,0.0,10.0,7.3,0.15,1,22,33,1.5,REGULAR,123.2,0.0,0.12,0.175,0.0,1.3,160.16,123.82,36.34,0.8085,0,0
REQ-004490,4,AIRPORT,FINANCIAL_DISTRICT,COMFORT,25.26,63.8,RAIN,5.5,6.8,27.9,0.41,0,57,64,1.12,REGULAR,74.89,0.312,0.063,0.0,0.0,1.38,103.35,80.36,22.99,0.777,1,0
REQ-004491,5,SUBURB_NORTH,DOWNTOWN,COMFORT,16.87,40.3,CLEAR,0.0,10.0,29.2,0.39,2,38,27,0.71,REGULAR,50.47,0.075,0.293,0.0,0.0,1.37,69.14,53.72,15.42,0.7811,0,0
REQ-004492,0,FINANCIAL_DISTRICT,TECH_CORRIDOR,XL,15.65,47.9,HEAVY_RAIN,26.6,2.9,27.2,0.05,0,55,58,1.05,REGULAR,67.61,0.809,0.0,0.0,0.15,1.96,132.52,105.88,26.64,0.4641,1,0
REQ-004493,22,AIRPORT,DOWNTOWN,PREMIUM,5.8,16.5,CLEAR,0.0,10.0,10.9,0.44,0,55,52,0.95,REGULAR,38.27,0.0,0.08,0.0,0.0,1.08,41.33,31.3,10.03,0.8774,1,0
REQ-004494,11,AIRPORT,FINANCIAL_DISTRICT,STANDARD,2.81,8.0,DRIZZLE,0.0,10.0,10.9,0.15,1,11,31,2.82,REGULAR,9.31,0.1,0.12,0.637,0.0,1.86,17.32,13.79,3.53,0.524,0,0
REQ-004495,11,FINANCIAL_DISTRICT,SUBURB_NORTH,COMFORT,12.04,37.9,CLEAR,0.0,10.0,10.4,0.39,0,44,50,1.14,REGULAR,41.42,0.0,0.053,0.0,0.0,1.05,43.49,32.82,10.67,0.8849,0,0
REQ-004496,9,AIRPORT,SUBURB_NORTH,STANDARD,26.01,81.9,CLEAR,0.0,10.0,28.0,0.61,0,52,39,0.75,PLATINUM,64.17,0.0,0.359,0.0,0.2,1.56,100.11,78.68,21.43,0.8397,1,0
REQ-004497,17,FINANCIAL_DISTRICT,AIRPORT,XL,17.03,46.3,CLEAR,0.0,10.0,13.0,0.85,1,27,31,1.15,GOLD,69.54,0.0,0.81,0.0,0.25,2.06,143.25,114.81,28.44,0.524,0,0
REQ-004498,21,FINANCIAL_DISTRICT,DOWNTOWN,COMFORT,20.51,64.7,CLEAR,0.0,10.0,5.8,0.08,0,41,71,1.73,REGULAR,67.46,0.0,0.0,0.256,0.0,1.26,85.0,65.5,19.5,0.8229,1,0
REQ-004499,21,SUBURB_NORTH,AIRPORT,PREMIUM,9.9,19.7,CLEAR,0.0,10.0,30.5,0.28,0,58,31,0.53,REGULAR,52.46,0.029,0.011,0.0,0.0,1.04,54.56,41.13,13.43,0.8874,1,0
REQ-004500,10,SUBURB_NORTH,TECH_CORRIDOR,COMFORT,23.86,59.7,DRIZZLE,0.0,10.0,31.1,0.19,1,59,35,0.59,GOLD,70.74,0.1,0.12,0.0,0.0,1.22,86.3,66.28,20.02,0.8921,1,0
REQ-004501,9,SUBURB_NORTH,DOWNTOWN,XL,19.89,48.5,CLEAR,0.0,10.0,13.5,0.45,1,12,57,4.75,REGULAR,76.87,0.0,0.206,1.2,0.2,2.61,200.63,162.85,37.78,0.1539,0,0
REQ-004502,15,DOWNTOWN,AIRPORT,XL,27.61,68.6,DRIZZLE,0.0,10.0,23.8,0.38,0,8,38,4.75,REGULAR,105.14,0.1,0.048,1.2,0.0,2.35,247.08,199.5,47.58,0.2535,0,0
REQ-004503,12,SUBURB_NORTH,DOWNTOWN,PREMIUM,26.63,76.8,RAIN,8.7,6.9,25.5,0.32,0,11,23,2.09,GOLD,147.84,0.369,0.023,0.381,0.0,1.77,261.68,207.64,54.04,0.6883,0,0
REQ-004504,5,AIRPORT,TECH_CORRIDOR,COMFORT,6.13,19.1,CLEAR,0.0,10.0,8.6,0.09,0,33,77,2.33,REGULAR,23.21,0.047,0.0,0.465,0.0,1.51,35.05,27.47,7.58,0.7183,0,0
REQ-004505,9,FINANCIAL_DISTRICT,DOWNTOWN,STANDARD,5.54,11.1,DRIZZLE,0.0,10.0,22.7,0.77,0,41,44,1.07,GOLD,13.8,0.1,0.57,0.0,0.2,1.87,25.81,20.56,5.25,0.6346,1,0
REQ-004506,0,SUBURB_NORTH,FINANCIAL_DISTRICT,PREMIUM,15.29,37.8,CLEAR,0.0,10.0,30.3,0.35,0,38,66,1.74,REGULAR,82.94,0.0,0.034,0.259,0.15,1.44,119.43,93.22,26.21,0.751,1,0
REQ-004507,23,FINANCIAL_DISTRICT,AIRPORT,STANDARD,18.19,35.9,CLEAR,0.0,10.0,8.0,0.11,0,59,34,0.58,PLATINUM,38.3,0.0,0.0,0.0,0.15,1.15,44.04,33.6,10.44,0.9334,1,0
REQ-004508,16,AIRPORT,TECH_CORRIDOR,XL,8.29,15.9,CLEAR,0.0,10.0,25.6,0.3,0,56,57,1.02,PLATINUM,32.95,0.0,0.017,0.0,0.0,1.02,33.61,25.27,8.34,0.9504,1,0
REQ-004509,10,DOWNTOWN,AIRPORT,STANDARD,15.3,47.8,DRIZZLE,0.0,10.0,8.7,0.1,1,34,41,1.21,REGULAR,38.85,0.1,0.12,0.073,0.0,1.29,50.12,38.72,11.4,0.8121,1,0
REQ-004510,7,TECH_CORRIDOR,DOWNTOWN,XL,9.83,17.8,HEAVY_RAIN,27.8,2.9,11.0,0.67,0,36,33,0.92,REGULAR,37.32,0.823,0.432,0.0,0.2,2.46,91.81,74.31,17.5,0.2069,0,0
REQ-004511,9,AIRPORT,TECH_CORRIDOR,STANDARD,2.08,5.0,HEAVY_RAIN,20.1,0.9,8.8,0.62,0,37,16,0.43,REGULAR,7.35,0.936,0.371,0.0,0.2,2.51,18.45,14.95,3.5,0.1879,0,0
REQ-004512,3,DOWNTOWN,FINANCIAL_DISTRICT,PREMIUM,20.36,37.3,RAIN,4.0,4.9,26.9,0.11,0,30,49,1.63,REGULAR,96.71,0.295,0.0,0.22,0.15,1.66,160.54,126.79,33.75,0.6401,0,0
REQ-004513,10,AIRPORT,SUBURB_NORTH,COMFORT,23.28,64.8,CLEAR,0.0,10.0,26.3,0.33,0,13,60,4.62,REGULAR,72.07,0.0,0.027,1.2,0.0,2.23,160.72,129.41,31.31,0.3117,0,0
REQ-004514,7,AIRPORT,SUBURB_NORTH,PREMIUM,25.91,52.7,THUNDERSTORM,45.5,0.9,23.6,0.52,0,52,16,0.31,REGULAR,125.35,1.2,0.261,0.0,0.2,2.66,333.43,270.88,62.55,0.139,0,0
REQ-004515,11,DOWNTOWN,TECH_CORRIDOR,COMFORT,17.09,32.7,SNOW,7.2,4.1,-5.6,0.44,0,60,57,0.95,REGULAR,47.42,0.593,0.08,0.0,0.0,1.67,79.19,62.57,16.62,0.6346,0,0
REQ-004516,6,TECH_CORRIDOR,AIRPORT,STANDARD,22.12,59.7,DRIZZLE,0.0,10.0,9.2,0.12,0,25,29,1.16,REGULAR,51.54,0.1,0.0,0.0,0.0,1.1,56.69,43.03,13.66,0.8721,1,0
REQ-004517,22,AIRPORT,DOWNTOWN,STANDARD,10.3,32.5,RAIN,9.4,4.1,24.6,0.38,0,48,50,1.04,REGULAR,27.26,0.356,0.048,0.0,0.0,1.4,38.16,29.71,8.45,0.7685,1,0
REQ-004518,20,TECH_CORRIDOR,FINANCIAL_DISTRICT,COMFORT,8.97,25.0,CLEAR,0.0,10.0,12.2,0.43,0,57,77,1.35,REGULAR,30.55,0.04,0.074,0.123,0.0,1.24,37.88,29.14,8.74,0.8298,1,0
REQ-004519,18,SUBURB_NORTH,DOWNTOWN,STANDARD,6.8,16.3,RAIN,5.3,4.2,13.6,0.53,0,26,44,1.69,REGULAR,17.21,0.31,0.271,0.241,0.25,2.07,35.62,28.56,7.06,0.3994,0,0
REQ-004520,5,FINANCIAL_DISTRICT,DOWNTOWN,COMFORT,6.02,13.9,CLEAR,0.0,10.0,26.4,0.29,0,36,30,0.83,REGULAR,20.68,0.001,0.014,0.0,0.0,1.01,20.89,15.69,5.2,0.8944,1,0
REQ-004521,12,DOWNTOWN,AIRPORT,PREMIUM,18.01,33.0,CLEAR,0.0,10.0,9.5,0.21,1,30,16,0.53,REGULAR,86.48,0.0,0.12,0.0,0.0,1.12,96.86,73.68,23.18,0.8667,1,0
REQ-004522,3,DOWNTOWN,SUBURB_NORTH,STANDARD,21.49,45.0,HEAVY_RAIN,36.7,2.2,21.7,0.42,0,21,76,3.62,REGULAR,45.61,0.993,0.069,0.917,0.15,3.13,142.76,116.78,25.98,0.0496,1,0
REQ-004523,21,SUBURB_NORTH,DOWNTOWN,XL,23.43,47.1,CLEAR,0.0,10.0,27.9,0.34,0,20,56,2.8,REGULAR,83.46,0.022,0.03,0.63,0.0,1.68,140.21,110.83,29.38,0.629,0,0
REQ-004524,19,FINANCIAL_DISTRICT,DOWNTOWN,STANDARD,22.69,45.0,CLEAR,0.0,10.0,13.8,0.51,0,59,11,0.19,REGULAR,47.11,0.0,0.253,0.0,0.25,1.5,70.66,55.35,15.31,0.7231,1,0
REQ-004525,4,DOWNTOWN,AIRPORT,COMFORT,3.7,8.8,RAIN,13.9,7.5,9.7,0.05,0,41,47,1.15,REGULAR,14.56,0.406,0.0,0.0,0.0,1.41,20.53,15.99,4.54,0.7642,0,0
REQ-004526,2,SUBURB_NORTH,AIRPORT,COMFORT,15.8,34.3,CLEAR,0.0,10.0,28.8,0.11,0,39,45,1.15,REGULAR,46.0,0.036,0.0,0.0,0.15,1.19,54.74,41.93,12.81,0.8461,0,0
REQ-004527,13,FINANCIAL_DISTRICT,DOWNTOWN,COMFORT,7.48,15.1,HEAVY_RAIN,54.5,2.0,9.9,0.09,0,28,74,2.64,GOLD,23.63,1.2,0.0,0.574,0.0,2.77,65.46,53.28,12.18,0.1669,0,0
REQ-004528,18,FINANCIAL_DISTRICT,SUBURB_NORTH,XL,21.25,42.4,CLEAR,0.0,10.0,15.9,0.45,0,23,11,0.48,REGULAR,76.06,0.0,0.086,0.0,0.25,1.34,101.92,79.03,22.89,0.7931,1,0
REQ-004529,15,DOWNTOWN,SUBURB_NORTH,PREMIUM,7.2,16.1,CLEAR,0.0,10.0,30.9,0.38,0,37,68,1.84,REGULAR,41.85,0.0,0.048,0.294,0.0,1.34,56.08,43.48,12.6,0.7931,1,0
REQ-004530,10,TECH_CORRIDOR,AIRPORT,STANDARD,16.82,52.5,FOG,0.0,10.0,22.7,0.45,0,49,44,0.9,REGULAR,42.4,0.2,0.086,0.0,0.0,1.29,54.7,42.26,12.44,0.8121,1,0
REQ-004531,9,FINANCIAL_DISTRICT,SUBURB_NORTH,STANDARD,12.22,34.8,HEAVY_RAIN,29.7,2.3,21.7,0.81,0,19,70,3.68,PLATINUM,30.46,0.904,0.627,0.938,0.2,3.5,106.61,87.57,19.04,0.0474,1,1
REQ-004532,20,SUBURB_NORTH,TECH_CORRIDOR,XL,21.6,55.6,SNOW,12.7,7.2,-9.3,0.21,0,28,24,0.86,REGULAR,84.72,0.729,0.0,0.0,0.0,1.73,146.57,116.11,30.46,0.6006,0,0
REQ-004533,1,DOWNTOWN,FINANCIAL_DISTRICT,STANDARD,15.71,32.8,CLEAR,0.0,10.0,30.7,0.43,0,58,51,0.88,REGULAR,34.12,0.0,0.074,0.0,0.15,1.22,41.63,31.97,9.66,0.8364,1,0
REQ-004534,8,AIRPORT,DOWNTOWN,XL,9.1,17.5,CLEAR,0.0,10.0,11.0,0.59,0,46,49,1.07,REGULAR,35.61,0.071,0.336,0.0,0.2,1.61,57.33,45.17,12.16,0.6673,1,0
REQ-004535,2,TECH_CORRIDOR,FINANCIAL_DISTRICT,COMFORT,22.82,65.7,CLEAR,0.0,10.0,5.9,0.44,0,30,14,0.47,REGULAR,71.72,0.0,0.08,0.0,0.15,1.23,88.22,67.81,20.41,0.8331,1,0
REQ-004536,22,FINANCIAL_DISTRICT,DOWNTOWN,PREMIUM,9.93,22.3,RAIN,3.4,7.0,7.9,0.21,0,14,72,5.14,GOLD,54.76,0.288,0.0,1.2,0.0,2.49,136.35,110.42,25.93,0.2817,0,0
REQ-004537,17,AIRPORT,SUBURB_NORTH,XL,10.28,23.9,CLEAR,0.0,10.0,18.3,0.71,0,24,55,2.29,REGULAR,41.93,0.0,0.486,0.451,0.25,2.19,91.83,73.86,17.97,0.3327,1,0
REQ-004538,0,DOWNTOWN,SUBURB_NORTH,STANDARD,5.15,9.9,CLEAR,0.0,10.0,8.8,0.32,0,39,65,1.67,GOLD,12.9,0.0,0.023,0.234,0.15,1.41,18.19,14.17,4.02,0.8397,1,0
REQ-004539,10,DOWNTOWN,AIRPORT,PREMIUM,12.45,30.1,CLEAR,0.0,10.0,14.8,0.3,0,51,34,0.67,GOLD,68.45,0.015,0.017,0.0,0.0,1.03,70.5,53.08,17.42,0.9288,0,0
REQ-004540,6,SUBURB_NORTH,DOWNTOWN,STANDARD,12.41,36.4,CLEAR,0.0,10.0,8.7,0.14,0,44,20,0.45,REGULAR,31.25,0.0,0.0,0.0,0.0,1.0,31.25,23.44,7.81,0.8966,1,0
REQ-004541,20,FINANCIAL_DISTRICT,TECH_CORRIDOR,XL,17.76,38.2,CLEAR,0.0,10.0,8.5,0.09,1,57,51,0.89,REGULAR,66.22,0.0,0.12,0.0,0.0,1.12,74.17,56.42,17.75,0.8667,1,0
REQ-004542,18,DOWNTOWN,TECH_CORRIDOR,STANDARD,27.36,82.0,THUNDERSTORM,39.0,1.7,23.1,0.69,1,45,43,0.96,PLATINUM,65.9,1.2,0.578,0.0,0.25,3.03,199.68,163.14,36.54,0.1333,0,0
REQ-004543,13,FINANCIAL_DISTRICT,SUBURB_NORTH,STANDARD,4.68,14.6,CLEAR,0.0,10.0,16.0,0.38,0,33,68,2.06,REGULAR,13.96,0.0,0.048,0.371,0.0,1.42,19.82,15.45,4.37,0.7599,1,0
REQ-004544,10,DOWNTOWN,TECH_CORRIDOR,XL,13.98,25.3,CLEAR,0.0,10.0,5.4,0.05,0,8,51,6.38,REGULAR,50.54,0.0,0.0,1.2,0.0,2.2,111.19,89.46,21.73,0.3274,0,0
REQ-004545,4,AIRPORT,TECH_CORRIDOR,PREMIUM,19.37,59.7,CLEAR,0.0,10.0,24.7,0.24,0,41,55,1.34,REGULAR,112.99,0.0,0.003,0.119,0.0,1.12,126.55,96.27,30.28,0.8667,1,0
REQ-004546,18,SUBURB_NORTH,AIRPORT,COMFORT,21.69,57.8,DRIZZLE,0.0,10.0,6.7,0.61,0,24,22,0.92,REGULAR,66.3,0.1,0.36,0.0,0.25,1.71,113.37,89.73,23.64,0.6121,1,0
REQ-004547,10,AIRPORT,SUBURB_NORTH,PREMIUM,5.09,15.8,HEAVY_RAIN,46.3,1.6,5.5,0.16,0,22,53,2.41,GOLD,35.68,1.161,0.0,0.493,0.0,2.65,94.55,76.8,17.75,0.2108,0,0
REQ-004548,23,DOWNTOWN,FINANCIAL_DISTRICT,PREMIUM,19.4,47.7,CLEAR,0.0,10.0,16.7,0.34,0,22,12,0.55,REGULAR,102.87,0.0,0.03,0.0,0.15,1.18,121.39,92.89,28.5,0.8492,1,0
REQ-004549,8,SUBURB_NORTH,FINANCIAL_DISTRICT,XL,4.28,8.6,RAIN,4.8,4.3,8.8,0.49,1,26,40,1.54,GOLD,20.15,0.304,0.233,0.189,0.2,1.93,38.89,31.04,7.85,0.6006,1,0
REQ-004550,6,DOWNTOWN,FINANCIAL_DISTRICT,PREMIUM,24.73,56.7,CLEAR,0.0,10.0,13.0,0.12,2,18,64,3.56,REGULAR,125.44,0.046,0.24,0.896,0.0,2.18,273.46,219.9,53.56,0.338,0,0
REQ-004551,20,AIRPORT,SUBURB_NORTH,PREMIUM,3.91,9.9,DRIZZLE,0.0,10.0,12.0,0.2,0,42,68,1.62,REGULAR,27.37,0.109,0.0,0.217,0.0,1.33,36.4,28.2,8.2,0.7971,0,0
REQ-004552,13,DOWNTOWN,AIRPORT,COMFORT,11.07,22.9,CLEAR,0.0,10.0,13.6,0.18,0,41,17,0.41,REGULAR,33.07,0.0,0.0,0.0,0.0,1.0,33.07,24.8,8.27,0.8966,1,0
REQ-004553,2,AIRPORT,DOWNTOWN,XL,14.12,27.7,DRIZZLE,0.0,10.0,24.3,0.11,0,26,48,1.85,REGULAR,52.27,0.1,0.0,0.297,0.15,1.55,81.02,63.64,17.38,0.6985,1,0
REQ-004554,16,DOWNTOWN,TECH_CORRIDOR,STANDARD,23.55,44.9,BLIZZARD,53.6,2.2,-8.5,0.45,0,42,80,1.9,GOLD,48.15,1.2,0.086,0.315,0.0,2.6,125.19,101.6,23.59,0.2315,0,0
REQ-004555,18,AIRPORT,TECH_CORRIDOR,PREMIUM,6.63,15.9,HEAVY_RAIN,48.3,2.8,26.1,0.82,2,51,33,0.65,REGULAR,40.08,1.108,0.883,0.0,0.25,3.24,129.86,106.37,23.49,0.0386,0,0
REQ-004556,13,SUBURB_NORTH,DOWNTOWN,PREMIUM,23.51,48.9,CLEAR,0.0,10.0,29.8,0.37,0,26,54,2.08,REGULAR,115.39,0.0,0.043,0.378,0.0,1.42,163.85,127.73,36.12,0.7599,0,0
REQ-004557,18,AIRPORT,DOWNTOWN,STANDARD,16.11,42.2,FOG,0.0,10.0,21.5,0.45,0,45,15,0.33,REGULAR,37.91,0.2,0.086,0.0,0.25,1.54,58.38,45.83,12.55,0.7035,0,0
REQ-004558,8,DOWNTOWN,FINANCIAL_DISTRICT,PREMIUM,20.69,53.7,DRIZZLE,0.0,10.0,20.0,0.79,0,8,67,8.38,REGULAR,111.58,0.1,0.598,1.2,0.2,3.1,345.9,282.86,63.04,0.0532,0,0
REQ-004559,1,DOWNTOWN,TECH_CORRIDOR,COMFORT,23.09,60.8,CLEAR,0.0,10.0,13.5,0.27,0,55,31,0.56,REGULAR,69.96,0.0,0.009,0.0,0.15,1.16,81.15,61.98,19.17,0.8552,1,0
REQ-004560,19,AIRPORT,TECH_CORRIDOR,XL,18.33,54.1,DRIZZLE,0.0,10.0,29.3,0.48,0,54,75,1.39,REGULAR,76.95,0.1,0.106,0.136,0.25,1.59,122.35,96.3,26.05,0.6779,1,0
REQ-004561,6,FINANCIAL_DISTRICT,DOWNTOWN,XL,10.35,26.0,CLEAR,0.0,10.0,7.4,0.06,0,57,59,1.04,GOLD,43.33,0.0,0.0,0.0,0.0,1.0,43.33,32.5,10.83,0.9334,1,0
REQ-004562,10,FINANCIAL_DISTRICT,AIRPORT,PREMIUM,14.12,28.8,CLEAR,0.0,10.0,6.7,0.13,1,39,51,1.31,REGULAR,72.02,0.044,0.12,0.109,0.0,1.27,91.47,70.55,20.92,0.8194,1,0
REQ-004563,6,TECH_CORRIDOR,FINANCIAL_DISTRICT,COMFORT,11.29,35.3,SNOW,14.1,7.7,-5.5,0.17,0,27,75,2.78,REGULAR,39.01,0.669,0.0,0.623,0.0,2.29,89.33,72.03,17.3,0.2817,0,0
REQ-004564,17,FINANCIAL_DISTRICT,SUBURB_NORTH,PREMIUM,4.57,14.1,DRIZZLE,0.0,10.0,6.6,0.61,1,42,65,1.55,PLATINUM,32.78,0.139,0.48,0.193,0.25,2.06,67.53,54.12,13.41,0.6121,1,0
REQ-004565,4,AIRPORT,DOWNTOWN,PREMIUM,11.42,21.0,CLEAR,0.0,10.0,15.9,0.08,0,15,42,2.8,GOLD,57.83,0.0,0.0,0.63,0.0,1.63,94.26,74.34,19.92,0.7555,1,0
REQ-004566,2,DOWNTOWN,SUBURB_NORTH,XL,8.37,23.8,CLEAR,0.0,10.0,7.7,0.15,0,39,29,0.74,GOLD,37.86,0.0,0.0,0.0,0.15,1.15,43.54,33.22,10.32,0.9072,1,0
REQ-004567,21,DOWNTOWN,FINANCIAL_DISTRICT,PREMIUM,13.6,41.0,CLEAR,0.0,10.0,26.0,0.37,0,47,32,0.68,REGULAR,80.93,0.0,0.043,0.0,0.0,1.04,84.17,63.45,20.72,0.8874,1,0
REQ-004568,18,FINANCIAL_DISTRICT,DOWNTOWN,PREMIUM,13.27,39.4,HEAVY_RAIN,51.9,2.8,11.1,0.51,0,35,29,0.83,REGULAR,78.65,1.104,0.251,0.0,0.25,2.6,204.49,165.95,38.54,0.1571,0,0
REQ-004569,2,DOWNTOWN,TECH_CORRIDOR,STANDARD,10.63,28.8,CLEAR,0.0,10.0,5.6,0.18,1,60,11,0.18,PLATINUM,26.37,0.0,0.12,0.0,0.15,1.27,33.49,25.83,7.66,0.9131,1,0
REQ-004570,0,SUBURB_NORTH,DOWNTOWN,STANDARD,20.14,60.4,DRIZZLE,0.0,10.0,16.6,0.17,2,40,26,0.65,REGULAR,49.32,0.1,0.24,0.0,0.15,1.49,73.49,57.53,15.96,0.7279,1,0
REQ-004571,11,AIRPORT,TECH_CORRIDOR,XL,11.75,23.4,CLEAR,0.0,10.0,17.1,0.12,0,55,41,0.75,PLATINUM,44.72,0.0,0.0,0.0,0.0,1.0,44.72,33.54,11.18,0.9526,1,0
REQ-004572,8,FINANCIAL_DISTRICT,SUBURB_NORTH,COMFORT,2.35,5.5,DRIZZLE,0.0,10.0,6.7,0.66,0,14,68,4.86,REGULAR,10.86,0.1,0.421,1.2,0.2,2.92,31.71,25.87,5.84,0.0796,0,0
REQ-004573,10,DOWNTOWN,AIRPORT,XL,6.63,19.5,HEAVY_RAIN,36.2,1.0,23.8,0.36,1,32,59,1.84,REGULAR,31.62,1.108,0.159,0.294,0.0,2.56,80.95,65.65,15.3,0.1702,0,0
REQ-004574,8,SUBURB_NORTH,DOWNTOWN,COMFORT,27.92,53.2,CLEAR,0.0,10.0,21.7,0.7,0,8,39,4.88,REGULAR,74.51,0.057,0.471,1.2,0.2,2.93,218.31,178.11,40.2,0.0778,0,0
REQ-004575,20,TECH_CORRIDOR,DOWNTOWN,STANDARD,3.53,7.3,CLEAR,0.0,10.0,25.8,0.3,0,13,65,5.0,REGULAR,9.96,0.0,0.017,1.2,0.0,2.22,22.11,17.8,4.31,0.3169,0,0
REQ-004576,18,DOWNTOWN,FINANCIAL_DISTRICT,XL,21.13,61.1,RAIN,14.3,5.5,23.2,0.64,0,36,28,0.78,PLATINUM,87.03,0.411,0.394,0.0,0.25,2.06,179.28,143.69,35.59,0.6121,1,0
REQ-004577,20,FINANCIAL_DISTRICT,TECH_CORRIDOR,COMFORT,8.79,16.7,HEAVY_RAIN,27.4,1.7,10.9,0.18,0,11,78,7.09,REGULAR,26.51,0.938,0.0,1.2,0.0,3.14,83.24,68.1,15.14,0.0485,0,0
REQ-004578,17,FINANCIAL_DISTRICT,DOWNTOWN,STANDARD,27.29,52.7,HEAVY_RAIN,49.3,1.8,25.2,0.44,0,37,15,0.41,REGULAR,55.56,1.175,0.08,0.0,0.25,2.5,138.9,112.51,26.39,0.1915,0,0
REQ-004579,18,AIRPORT,FINANCIAL_DISTRICT,COMFORT,6.62,13.3,RAIN,10.8,7.6,10.2,0.52,0,19,32,1.68,REGULAR,21.41,0.427,0.263,0.238,0.25,2.18,46.67,37.53,9.14,0.338,0,0
REQ-004580,17,DOWNTOWN,FINANCIAL_DISTRICT,XL,20.82,38.3,DRIZZLE,0.0,10.0,23.7,0.52,0,52,20,0.38,REGULAR,72.7,0.1,0.263,0.0,0.25,1.61,117.05,92.22,24.83,0.6673,0,0
REQ-004581,3,FINANCIAL_DISTRICT,AIRPORT,COMFORT,12.45,26.7,RAIN,3.5,4.9,15.1,0.45,0,35,71,2.03,GOLD,37.06,0.289,0.086,0.36,0.15,1.88,69.67,55.51,14.16,0.629,1,0
REQ-004582,19,DOWNTOWN,SUBURB_NORTH,XL,25.22,45.6,CLEAR,0.0,10.0,7.6,0.54,0,56,14,0.25,REGULAR,86.32,0.0,0.283,0.0,0.25,1.53,132.07,103.63,28.44,0.7085,1,0
REQ-004583,0,DOWNTOWN,SUBURB_NORTH,STANDARD,7.9,23.8,CLEAR,0.0,10.0,13.0,0.37,1,49,31,0.63,REGULAR,21.21,0.0,0.163,0.0,0.15,1.31,27.79,21.5,6.29,0.8047,1,0
REQ-004584,14,FINANCIAL_DISTRICT,TECH_CORRIDOR,STANDARD,16.12,31.5,DRIZZLE,0.0,10.0,17.0,0.42,0,40,50,1.25,REGULAR,34.17,0.164,0.069,0.087,0.0,1.32,45.1,34.92,10.18,0.8009,0,0
REQ-004585,0,DOWNTOWN,SUBURB_NORTH,PREMIUM,11.73,23.7,RAIN,13.0,6.8,13.4,0.09,0,60,16,0.27,GOLD,60.98,0.442,0.0,0.0,0.15,1.59,96.96,76.32,20.64,0.7728,1,0
REQ-004586,11,FINANCIAL_DISTRICT,SUBURB_NORTH,COMFORT,9.28,24.9,DRIZZLE,0.0,10.0,29.6,0.11,0,56,57,1.02,REGULAR,31.02,0.167,0.0,0.0,0.0,1.17,36.29,27.74,8.55,0.8522,1,0
REQ-004587,11,TECH_CORRIDOR,DOWNTOWN,XL,26.07,61.1,DRIZZLE,0.0,10.0,24.0,0.21,1,25,17,0.68,REGULAR,97.41,0.1,0.12,0.0,0.0,1.22,118.84,91.27,27.57,0.8364,1,0
REQ-004588,17,AIRPORT,SUBURB_NORTH,COMFORT,25.16,76.6,CLEAR,0.0,10.0,15.9,0.76,0,39,12,0.31,PLATINUM,80.48,0.0,0.555,0.0,0.25,1.81,145.67,115.77,29.9,0.7419,1,0
REQ-004589,8,AIRPORT,FINANCIAL_DISTRICT,COMFORT,9.71,30.2,DRIZZLE,0.0,10.0,22.5,0.58,0,9,16,1.78,REGULAR,34.11,0.1,0.325,0.273,0.2,1.9,64.81,51.68,13.13,0.5,0,0
REQ-004590,23,DOWNTOWN,TECH_CORRIDOR,XL,19.66,48.2,HEAVY_RAIN,33.9,2.8,14.4,0.22,0,15,65,4.33,REGULAR,76.21,0.91,0.001,1.165,0.15,3.23,246.16,201.61,44.55,0.0395,0,0
REQ-004591,14,AIRPORT,FINANCIAL_DISTRICT,STANDARD,9.2,20.6,RAIN,13.7,5.4,20.6,0.45,0,48,61,1.27,REGULAR,21.71,0.467,0.086,0.095,0.0,1.65,35.82,28.28,7.54,0.6457,1,0
REQ-004592,20,AIRPORT,FINANCIAL_DISTRICT,COMFORT,10.29,32.3,BLIZZARD,23.6,0.8,-11.1,0.31,1,17,63,3.71,GOLD,36.01,1.2,0.14,0.948,0.0,3.29,118.47,97.1,21.37,0.0544,0,0
REQ-004593,0,AIRPORT,FINANCIAL_DISTRICT,STANDARD,10.83,29.6,CLEAR,0.0,10.0,20.5,0.35,1,49,18,0.37,REGULAR,26.9,0.0,0.154,0.0,0.15,1.3,34.97,27.03,7.94,0.8085,1,0
REQ-004594,4,SUBURB_NORTH,AIRPORT,PREMIUM,7.37,19.8,CLEAR,0.0,10.0,21.2,0.26,0,52,66,1.27,PLATINUM,45.47,0.0,0.007,0.095,0.0,1.1,50.02,37.97,12.05,0.9405,1,0
REQ-004595,3,TECH_CORRIDOR,DOWNTOWN,COMFORT,15.17,48.5,CLEAR,0.0,10.0,22.5,0.34,1,42,39,0.93,GOLD,51.35,0.0,0.15,0.0,0.15,1.3,66.76,51.61,15.15,0.8721,1,0
REQ-004596,10,DOWNTOWN,FINANCIAL_DISTRICT,COMFORT,3.67,6.7,CLEAR,0.0,10.0,29.4,0.18,0,9,75,8.33,PLATINUM,13.58,0.0,0.0,1.2,0.0,2.2,29.88,24.04,5.84,0.53,1,0
REQ-004597,12,FINANCIAL_DISTRICT,DOWNTOWN,PREMIUM,14.96,44.4,CLEAR,0.0,10.0,14.5,0.14,0,13,59,4.54,PLATINUM,87.63,0.0,0.0,1.2,0.0,2.2,192.79,155.11,37.68,0.53,1,0
REQ-004598,20,TECH_CORRIDOR,SUBURB_NORTH,COMFORT,24.22,51.8,CLEAR,0.0,10.0,15.1,0.35,0,43,42,0.98,GOLD,67.77,0.014,0.034,0.0,0.0,1.05,71.16,53.71,17.45,0.9255,1,0
REQ-004599,19,AIRPORT,FINANCIAL_DISTRICT,COMFORT,15.62,30.0,CLEAR,0.0,10.0,16.9,0.77,1,29,71,2.45,REGULAR,43.77,0.0,0.689,0.508,0.25,2.45,107.24,86.78,20.46,0.2108,1,0
REQ-004600,9,TECH_CORRIDOR,SUBURB_NORTH,PREMIUM,5.82,11.9,CLEAR,0.0,10.0,31.9,0.82,0,60,61,1.02,REGULAR,34.42,0.002,0.642,0.0,0.2,1.84,63.33,50.39,12.94,0.5359,1,0
REQ-004601,12,FINANCIAL_DISTRICT,TECH_CORRIDOR,COMFORT,10.51,27.3,HEAVY_RAIN,47.6,2.2,8.3,0.17,1,31,70,2.26,REGULAR,34.13,1.115,0.12,0.441,0.0,2.68,91.47,74.34,17.13,0.1333,0,0
REQ-004602,18,SUBURB_NORTH,TECH_CORRIDOR,PREMIUM,23.8,69.7,CLEAR,0.0,10.0,18.1,0.56,0,24,65,2.71,PLATINUM,133.88,0.019,0.303,0.598,0.25,2.17,290.52,233.55,56.97,0.5479,0,0
REQ-004603,19,TECH_CORRIDOR,FINANCIAL_DISTRICT,STANDARD,8.98,28.6,THUNDERSTORM,58.7,1.1,7.8,0.78,1,49,56,1.14,PLATINUM,24.24,1.2,0.703,0.0,0.25,3.15,76.36,62.48,13.88,0.1034,0,0
REQ-004604,7,AIRPORT,TECH_CORRIDOR,XL,8.84,18.5,DRIZZLE,0.0,10.0,20.2,0.45,1,26,32,1.23,REGULAR,35.66,0.1,0.206,0.08,0.2,1.59,56.7,44.63,12.07,0.6779,1,0
REQ-004605,15,SUBURB_NORTH,TECH_CORRIDOR,XL,19.33,45.0,CLEAR,0.0,10.0,28.9,0.2,0,60,15,0.25,REGULAR,73.59,0.0,0.0,0.0,0.0,1.0,73.59,55.19,18.4,0.8966,1,0
REQ-004606,18,TECH_CORRIDOR,SUBURB_NORTH,STANDARD,26.88,57.7,CLEAR,0.0,10.0,30.0,0.7,0,11,48,4.36,REGULAR,56.8,0.0,0.472,1.176,0.25,2.9,164.72,134.33,30.39,0.0832,1,0
REQ-004607,6,AIRPORT,DOWNTOWN,STANDARD,21.22,50.9,CLEAR,0.0,10.0,18.5,0.33,0,32,39,1.22,GOLD,47.33,0.015,0.027,0.077,0.0,1.12,53.01,40.33,12.68,0.9131,1,0
REQ-004608,15,DOWNTOWN,SUBURB_NORTH,PREMIUM,10.32,26.0,DRIZZLE,0.0,10.0,26.9,0.06,0,46,41,0.89,REGULAR,59.0,0.1,0.0,0.0,0.0,1.1,64.9,49.27,15.63,0.8721,1,0
REQ-004609,7,FINANCIAL_DISTRICT,TECH_CORRIDOR,STANDARD,13.5,33.2,HEAVY_RAIN,27.6,0.6,27.0,0.45,1,32,17,0.53,REGULAR,31.5,1.05,0.206,0.0,0.2,2.46,77.49,62.72,14.77,0.2069,1,0
REQ-004610,13,SUBURB_NORTH,FINANCIAL_DISTRICT,STANDARD,14.32,34.6,CLEAR,0.0,10.0,30.3,0.06,0,59,48,0.81,PLATINUM,33.01,0.0,0.0,0.0,0.0,1.0,33.01,24.76,8.25,0.9526,1,0
REQ-004611,2,DOWNTOWN,FINANCIAL_DISTRICT,STANDARD,24.93,78.3,CLEAR,0.0,10.0,9.1,0.33,0,15,11,0.73,GOLD,61.56,0.064,0.027,0.0,0.15,1.24,76.33,58.72,17.61,0.8874,1,0
REQ-004612,18,TECH_CORRIDOR,SUBURB_NORTH,STANDARD,21.5,57.0,CLEAR,0.0,10.0,13.3,0.83,0,22,45,2.05,REGULAR,49.83,0.0,0.658,0.367,0.25,2.27,113.11,91.16,21.95,0.2915,0,0
REQ-004613,9,DOWNTOWN,SUBURB_NORTH,STANDARD,20.29,53.3,RAIN,10.7,7.4,8.8,0.43,0,28,26,0.93,REGULAR,47.01,0.37,0.074,0.0,0.2,1.64,77.1,60.83,16.27,0.6511,0,0
REQ-004614,13,AIRPORT,FINANCIAL_DISTRICT,XL,16.76,33.7,THUNDERSTORM,56.9,1.8,28.2,0.38,1,58,53,0.91,REGULAR,61.42,1.2,0.168,0.0,0.0,2.37,145.57,117.59,27.98,0.2445,0,0
REQ-004615,13,AIRPORT,SUBURB_NORTH,STANDARD,18.61,57.3,CLEAR,0.0,10.0,12.7,0.28,0,60,44,0.73,REGULAR,46.31,0.0,0.011,0.0,0.0,1.01,46.77,35.12,11.65,0.8944,1,0
REQ-004616,21,TECH_CORRIDOR,FINANCIAL_DISTRICT,PREMIUM,27.05,52.4,CLEAR,0.0,10.0,19.9,0.39,0,12,43,3.58,REGULAR,128.28,0.0,0.053,0.903,0.0,1.96,251.43,200.89,50.54,0.4641,0,0
REQ-004617,14,AIRPORT,DOWNTOWN,STANDARD,18.51,42.0,CLEAR,0.0,10.0,12.6,0.09,0,37,52,1.41,REGULAR,40.84,0.0,0.0,0.143,0.0,1.14,46.56,35.49,11.07,0.861,1,0
REQ-004618,16,FINANCIAL_DISTRICT,TECH_CORRIDOR,STANDARD,7.94,22.8,CLEAR,0.0,10.0,21.5,0.06,0,13,57,4.38,GOLD,20.91,0.0,0.0,1.183,0.0,2.18,45.58,36.65,8.93,0.4521,1,0
REQ-004619,11,FINANCIAL_DISTRICT,SUBURB_NORTH,COMFORT,10.45,20.8,CLEAR,0.0,10.0,5.4,0.06,0,45,51,1.13,REGULAR,31.1,0.0,0.0,0.0,0.0,1.0,31.1,23.33,7.77,0.8966,1,0
REQ-004620,17,AIRPORT,DOWNTOWN,STANDARD,21.01,54.9,DRIZZLE,0.0,10.0,22.7,0.77,0,59,64,1.08,REGULAR,48.47,0.1,0.569,0.0,0.25,1.92,93.06,74.25,18.81,0.488,1,0
REQ-004621,3,FINANCIAL_DISTRICT,TECH_CORRIDOR,PREMIUM,5.55,16.4,FOG,0.0,10.0,29.6,0.27,0,27,20,0.74,PLATINUM,37.48,0.2,0.009,0.0,0.15,1.36,50.97,39.58,11.39,0.8944,1,0
REQ-004622,9,SUBURB_NORTH,FINANCIAL_DISTRICT,PREMIUM,9.48,20.0,CLEAR,0.0,10.0,21.7,0.6,0,20,78,3.9,REGULAR,51.54,0.0,0.348,1.015,0.2,2.56,131.94,107.0,24.94,0.1702,0,0
REQ-004623,16,FINANCIAL_DISTRICT,SUBURB_NORTH,STANDARD,16.7,40.5,BLIZZARD,42.7,2.8,-2.1,0.45,1,39,77,1.97,REGULAR,38.05,1.2,0.206,0.339,0.0,2.75,104.64,85.14,19.5,0.1151,0,0
REQ-004624,18,AIRPORT,TECH_CORRIDOR,PREMIUM,15.64,29.1,DRIZZLE,0.0,10.0,6.9,0.45,0,45,30,0.67,REGULAR,76.52,0.133,0.086,0.0,0.25,1.47,112.48,87.96,24.52,0.7373,1,0
REQ-004625,5,FINANCIAL_DISTRICT,TECH_CORRIDOR,COMFORT,8.89,22.3,CLEAR,0.0,10.0,26.2,0.11,0,26,79,3.04,REGULAR,29.21,0.0,0.0,0.714,0.0,1.71,49.95,39.54,10.41,0.6121,0,0
REQ-004626,7,AIRPORT,SUBURB_NORTH,PREMIUM,11.39,32.0,HEAVY_RAIN,55.4,2.8,19.2,0.71,0,29,32,1.1,REGULAR,67.09,1.12,0.486,0.0,0.2,2.81,188.52,153.53,34.99,0.1012,0,0
REQ-004627,1,TECH_CORRIDOR,SUBURB_NORTH,STANDARD,23.05,42.1,CLEAR,0.0,10.0,10.4,0.15,0,38,51,1.34,PLATINUM,46.54,0.052,0.0,0.119,0.15,1.32,61.43,47.56,13.87,0.9031,1,0
REQ-004628,17,FINANCIAL_DISTRICT,TECH_CORRIDOR,COMFORT,5.35,14.3,CLEAR,0.0,10.0,26.0,0.84,0,10,15,1.5,GOLD,19.77,0.0,0.674,0.175,0.25,2.1,41.52,33.32,8.2,0.5,0,0
REQ-004629,16,AIRPORT,SUBURB_NORTH,XL,21.06,43.3,CLEAR,0.0,10.0,25.3,0.24,0,38,13,0.34,REGULAR,76.21,0.0,0.003,0.0,0.0,1.0,76.21,57.16,19.05,0.8966,1,0
REQ-004630,21,FINANCIAL_DISTRICT,TECH_CORRIDOR,COMFORT,4.95,13.6,CLEAR,0.0,10.0,15.9,0.2,0,56,44,0.79,GOLD,18.79,0.0,0.0,0.0,0.0,1.0,18.79,14.09,4.7,0.9334,1,0
REQ-004631,4,TECH_CORRIDOR,AIRPORT,COMFORT,4.26,8.8,CLEAR,0.0,10.0,16.0,0.44,0,18,68,3.78,REGULAR,15.49,0.0,0.08,0.973,0.0,2.05,31.75,25.44,6.31,0.411,1,0
REQ-004632,4,TECH_CORRIDOR,AIRPORT,PREMIUM,16.84,50.5,CLEAR,0.0,10.0,18.2,0.16,0,57,47,0.82,REGULAR,98.07,0.057,0.0,0.0,0.0,1.06,103.95,78.55,25.4,0.8825,0,0
REQ-004633,0,AIRPORT,DOWNTOWN,COMFORT,9.44,27.8,CLEAR,0.0,10.0,20.1,0.39,0,20,67,3.35,GOLD,32.59,0.0,0.053,0.823,0.15,2.03,66.16,52.98,13.18,0.5419,1,0
REQ-004634,10,TECH_CORRIDOR,FINANCIAL_DISTRICT,PREMIUM,25.68,66.7,DRIZZLE,0.0,10.0,23.6,0.11,1,31,20,0.65,REGULAR,136.6,0.138,0.12,0.0,0.0,1.26,172.12,132.64,39.48,0.8229,1,0
REQ-004635,1,TECH_CORRIDOR,FINANCIAL_DISTRICT,COMFORT,26.26,65.9,CLEAR,0.0,10.0,6.8,0.35,1,46,31,0.67,REGULAR,77.49,0.0,0.154,0.0,0.15,1.3,100.74,77.88,22.86,0.8085,0,0
REQ-004636,9,TECH_CORRIDOR,SUBURB_NORTH,XL,27.49,75.6,CLEAR,0.0,10.0,30.1,0.47,0,8,67,8.38,GOLD,109.09,0.067,0.099,1.2,0.2,2.57,280.36,227.4,52.96,0.2445,0,0
REQ-004637,4,DOWNTOWN,TECH_CORRIDOR,PREMIUM,9.56,25.9,RAIN,14.0,4.2,18.2,0.31,0,54,40,0.74,PLATINUM,56.78,0.407,0.02,0.0,0.0,1.43,81.2,63.34,17.86,0.8774,1,0
REQ-004638,23,TECH_CORRIDOR,AIRPORT,STANDARD,4.31,12.2,DRIZZLE,0.0,10.0,28.6,0.1,0,49,31,0.63,REGULAR,12.66,0.1,0.0,0.0,0.15,1.25,15.82,12.18,3.64,0.8264,1,0
REQ-004639,9,SUBURB_NORTH,AIRPORT,XL,12.28,34.2,CLEAR,0.0,10.0,13.8,0.6,0,22,42,1.91,REGULAR,52.31,0.0,0.349,0.318,0.2,1.87,97.82,77.92,19.9,0.518,1,0
REQ-004640,2,FINANCIAL_DISTRICT,SUBURB_NORTH,STANDARD,26.61,61.5,CLEAR,0.0,10.0,13.3,0.16,0,55,11,0.2,REGULAR,57.78,0.0,0.0,0.0,0.15,1.15,66.45,50.7,15.75,0.8581,1,0
REQ-004641,20,AIRPORT,FINANCIAL_DISTRICT,XL,23.93,54.5,CLEAR,0.0,10.0,9.1,0.06,0,8,31,3.88,REGULAR,88.95,0.0,0.0,1.008,0.0,2.01,178.79,143.08,35.71,0.4344,0,0
REQ-004642,20,AIRPORT,DOWNTOWN,XL,13.86,33.2,DRIZZLE,0.0,10.0,23.1,0.13,0,41,80,1.95,REGULAR,55.03,0.1,0.0,0.332,0.0,1.43,78.69,61.38,17.31,0.7555,1,0
REQ-004643,13,DOWNTOWN,FINANCIAL_DISTRICT,STANDARD,19.79,52.2,BLIZZARD,59.7,0.9,-0.8,0.44,0,49,54,1.1,REGULAR,46.01,1.2,0.08,0.0,0.0,2.28,104.9,84.56,20.34,0.2866,0,0
REQ-004644,19,TECH_CORRIDOR,DOWNTOWN,XL,23.3,71.5,HEAVY_RAIN,46.3,0.9,12.2,0.64,0,58,55,0.95,REGULAR,97.83,1.2,0.395,0.0,0.25,2.85,278.82,227.21,51.61,0.0928,0,0
REQ-004645,14,DOWNTOWN,FINANCIAL_DISTRICT,COMFORT,25.24,59.7,CLEAR,0.0,10.0,18.7,0.05,2,13,32,2.46,GOLD,73.02,0.0,0.24,0.511,0.0,1.75,127.78,101.31,26.47,0.6985,0,0
REQ-004646,3,FINANCIAL_DISTRICT,TECH_CORRIDOR,XL,13.19,24.5,CLEAR,0.0,10.0,16.7,0.22,0,55,18,0.33,REGULAR,48.4,0.056,0.001,0.0,0.15,1.21,58.56,44.94,13.62,0.8397,0,0
REQ-004647,20,TECH_CORRIDOR,AIRPORT,XL,10.87,30.3,HEAVY_RAIN,54.5,2.2,28.7,0.38,1,17,42,2.47,REGULAR,47.01,1.18,0.168,0.515,0.0,2.86,134.45,109.58,24.87,0.0908,0,0
REQ-004648,17,SUBURB_NORTH,TECH_CORRIDOR,PREMIUM,17.15,40.4,CLEAR,0.0,10.0,7.4,0.45,1,28,31,1.11,PLATINUM,90.36,0.0,0.206,0.0,0.25,1.46,131.93,103.1,28.83,0.8694,0,0
REQ-004649,21,DOWNTOWN,TECH_CORRIDOR,COMFORT,21.22,46.3,THUNDERSTORM,57.2,2.7,10.1,0.4,1,44,34,0.77,REGULAR,60.35,1.2,0.178,0.0,0.0,2.38,143.63,116.05,27.58,0.2401,1,0
REQ-004650,21,SUBURB_NORTH,DOWNTOWN,PREMIUM,7.87,21.9,THUNDERSTORM,44.7,0.8,17.9,0.4,0,11,20,1.82,GOLD,48.65,1.2,0.058,0.287,0.0,2.54,123.57,100.17,23.4,0.2581,0,0
REQ-004651,14,AIRPORT,SUBURB_NORTH,COMFORT,26.94,62.1,DRIZZLE,0.0,10.0,17.8,0.35,1,46,34,0.74,REGULAR,76.9,0.1,0.154,0.0,0.0,1.25,96.12,74.01,22.11,0.8264,1,0
REQ-004652,17,AIRPORT,TECH_CORRIDOR,STANDARD,12.18,31.0,CLEAR,0.0,10.0,18.4,0.45,0,51,15,0.29,PLATINUM,29.07,0.0,0.086,0.0,0.25,1.34,38.95,30.2,8.75,0.8988,1,0
REQ-004653,11,DOWNTOWN,AIRPORT,PREMIUM,24.72,69.3,FOG,0.0,10.0,17.9,0.3,1,16,73,4.56,REGULAR,136.12,0.2,0.137,1.2,0.0,2.54,345.74,280.27,65.47,0.1771,0,0
REQ-004654,9,SUBURB_NORTH,AIRPORT,XL,25.77,79.0,CLEAR,0.0,10.0,20.0,0.45,0,8,72,9.0,REGULAR,107.52,0.0,0.086,1.2,0.2,2.49,267.72,216.81,50.91,0.1953,0,0
REQ-004655,18,TECH_CORRIDOR,FINANCIAL_DISTRICT,XL,15.37,38.9,CLEAR,0.0,10.0,19.9,0.67,0,33,61,1.85,PLATINUM,61.62,0.0,0.433,0.297,0.25,1.98,122.01,97.55,24.46,0.6566,1,0
REQ-004656,7,DOWNTOWN,SUBURB_NORTH,XL,8.73,15.9,CLEAR,0.0,10.0,10.3,0.69,0,44,24,0.55,GOLD,33.87,0.0,0.458,0.0,0.2,1.66,56.22,44.4,11.82,0.7419,0,0
REQ-004657,18,SUBURB_NORTH,AIRPORT,COMFORT,25.4,57.4,CLEAR,0.0,10.0,26.2,0.53,0,59,71,1.2,PLATINUM,72.24,0.0,0.273,0.0,0.25,1.52,109.8,86.11,23.69,0.8522,1,0
REQ-004658,18,FINANCIAL_DISTRICT,DOWNTOWN,XL,4.97,12.5,CLEAR,0.0,10.0,23.8,0.45,0,26,77,2.96,REGULAR,23.94,0.0,0.086,0.686,0.25,2.02,48.36,38.71,9.65,0.4285,1,0
REQ-004659,22,SUBURB_NORTH,DOWNTOWN,PREMIUM,14.8,44.4,CLEAR,0.0,10.0,15.8,0.06,0,21,16,0.76,REGULAR,87.18,0.0,0.0,0.0,0.0,1.0,87.18,65.39,21.79,0.8966,1,0
REQ-004660,19,SUBURB_NORTH,FINANCIAL_DISTRICT,COMFORT,15.53,31.3,HEAVY_RAIN,53.8,1.7,27.3,0.58,0,18,55,3.06,REGULAR,44.21,1.2,0.325,0.721,0.25,3.5,154.74,127.11,27.63,0.021,0,0
REQ-004661,15,AIRPORT,TECH_CORRIDOR,PREMIUM,8.04,15.9,CLEAR,0.0,10.0,26.4,0.23,0,10,38,3.8,REGULAR,44.03,0.0,0.002,0.98,0.0,1.98,87.18,69.7,17.48,0.4521,0,0
REQ-004662,5,TECH_CORRIDOR,AIRPORT,COMFORT,17.96,42.6,CLEAR,0.0,10.0,20.8,0.44,0,29,66,2.28,REGULAR,53.3,0.0,0.08,0.448,0.0,1.53,81.55,63.99,17.56,0.7085,1,0
REQ-004663,11,FINANCIAL_DISTRICT,DOWNTOWN,STANDARD,20.0,36.8,CLEAR,0.0,10.0,11.8,0.29,0,39,49,1.26,REGULAR,40.88,0.0,0.014,0.091,0.0,1.1,44.97,34.14,10.83,0.8721,1,0
REQ-004664,6,TECH_CORRIDOR,SUBURB_NORTH,XL,25.53,65.1,THUNDERSTORM,47.3,3.0,7.6,0.38,0,55,26,0.47,PLATINUM,98.67,1.2,0.048,0.0,0.0,2.25,222.01,178.84,43.17,0.5,1,0
REQ-004665,6,SUBURB_NORTH,FINANCIAL_DISTRICT,COMFORT,26.45,47.8,RAIN,14.0,7.4,15.2,0.25,0,13,18,1.38,GOLD,69.65,0.407,0.005,0.133,0.0,1.54,107.26,84.21,23.05,0.7931,1,0
REQ-004666,3,FINANCIAL_DISTRICT,DOWNTOWN,XL,15.54,30.4,CLEAR,0.0,10.0,11.7,0.27,0,31,71,2.29,GOLD,56.87,0.079,0.009,0.451,0.15,1.69,96.11,76.01,20.1,0.7279,1,0
REQ-004667,5,AIRPORT,TECH_CORRIDOR,PREMIUM,4.81,11.5,DRIZZLE,0.0,10.0,22.6,0.05,0,34,77,2.26,REGULAR,31.25,0.138,0.0,0.441,0.0,1.58,49.38,38.85,10.53,0.6831,1,0
REQ-004668,0,SUBURB_NORTH,FINANCIAL_DISTRICT,PREMIUM,13.3,27.3,DRIZZLE,0.0,10.0,10.5,0.08,0,54,19,0.35,REGULAR,68.44,0.163,0.0,0.0,0.15,1.31,89.66,69.37,20.29,0.8047,1,0
REQ-004669,21,SUBURB_NORTH,TECH_CORRIDOR,COMFORT,21.55,49.0,CLEAR,0.0,10.0,8.5,0.39,0,52,38,0.73,REGULAR,62.11,0.041,0.053,0.0,0.0,1.09,67.7,51.33,16.37,0.8748,1,0
REQ-004670,16,AIRPORT,DOWNTOWN,PREMIUM,9.27,23.3,CLEAR,0.0,10.0,7.7,0.14,0,37,28,0.76,REGULAR,53.76,0.0,0.0,0.0,0.0,1.0,53.76,40.32,13.44,0.8966,1,0
REQ-004671,23,DOWNTOWN,FINANCIAL_DISTRICT,STANDARD,9.04,22.4,CLEAR,0.0,10.0,30.2,0.42,0,59,57,0.97,REGULAR,22.14,0.0,0.069,0.0,0.15,1.22,27.01,20.74,6.27,0.8364,1,0
REQ-004672,9,DOWNTOWN,FINANCIAL_DISTRICT,XL,22.67,43.2,DRIZZLE,0.0,10.0,30.9,0.58,1,34,78,2.29,PLATINUM,79.53,0.1,0.447,0.451,0.2,2.2,174.97,140.77,34.2,0.53,1,0
REQ-004673,2,SUBURB_NORTH,AIRPORT,COMFORT,18.3,48.2,RAIN,5.0,5.4,19.1,0.44,0,16,15,0.94,REGULAR,56.39,0.375,0.08,0.0,0.15,1.6,90.22,71.05,19.17,0.6726,1,0
REQ-004674,15,SUBURB_NORTH,AIRPORT,STANDARD,11.43,28.0,CLEAR,0.0,10.0,31.8,0.15,0,35,60,1.71,REGULAR,27.09,0.009,0.0,0.248,0.0,1.26,34.13,26.3,7.83,0.8229,1,0
REQ-004675,0,TECH_CORRIDOR,AIRPORT,PREMIUM,25.63,74.8,CLEAR,0.0,10.0,14.7,0.25,0,14,51,3.64,REGULAR,143.34,0.0,0.005,0.924,0.15,2.08,298.15,239.09,59.06,0.3936,0,0
REQ-004676,7,SUBURB_NORTH,AIRPORT,STANDARD,18.23,42.8,CLEAR,0.0,10.0,27.3,0.71,0,58,35,0.6,GOLD,40.77,0.0,0.486,0.0,0.2,1.69,68.9,54.49,14.41,0.7279,0,0
REQ-004677,5,TECH_CORRIDOR,SUBURB_NORTH,COMFORT,25.07,49.8,DRIZZLE,0.0,10.0,31.0,0.45,0,32,40,1.25,REGULAR,68.28,0.1,0.086,0.087,0.0,1.27,86.72,66.88,19.84,0.8194,1,0
REQ-004678,1,FINANCIAL_DISTRICT,TECH_CORRIDOR,STANDARD,6.52,15.5,CLEAR,0.0,10.0,21.4,0.23,0,49,17,0.35,REGULAR,16.57,0.062,0.002,0.0,0.15,1.21,20.05,15.39,4.66,0.8397,1,0
REQ-004679,2,SUBURB_NORTH,DOWNTOWN,STANDARD,16.27,47.6,CLEAR,0.0,10.0,15.4,0.28,0,11,52,4.73,GOLD,40.0,0.0,0.011,1.2,0.15,2.36,94.4,76.24,18.16,0.3489,1,0
REQ-004680,8,SUBURB_NORTH,FINANCIAL_DISTRICT,XL,5.33,13.0,CLEAR,0.0,10.0,30.3,0.8,0,26,32,1.23,REGULAR,24.99,0.0,0.612,0.08,0.2,1.89,47.23,37.65,9.58,0.506,1,0
REQ-004681,12,SUBURB_NORTH,DOWNTOWN,COMFORT,13.42,30.6,RAIN,9.7,5.7,16.9,0.16,0,42,39,0.93,GOLD,40.41,0.369,0.0,0.0,0.0,1.37,55.36,43.02,12.34,0.8522,1,0
REQ-004682,15,SUBURB_NORTH,AIRPORT,STANDARD,24.95,62.8,DRIZZLE,0.0,10.0,31.1,0.11,1,41,31,0.76,REGULAR,56.17,0.1,0.12,0.0,0.0,1.22,68.53,52.63,15.9,0.8364,0,0
REQ-004683,7,SUBURB_NORTH,DOWNTOWN,COMFORT,21.55,66.3,CLEAR,0.0,10.0,6.9,0.75,0,10,19,1.9,REGULAR,69.9,0.043,0.54,0.315,0.2,2.1,146.79,117.78,29.01,0.3823,1,0
REQ-004684,19,SUBURB_NORTH,DOWNTOWN,COMFORT,5.87,14.9,THUNDERSTORM,38.3,2.4,21.1,0.62,0,23,29,1.26,REGULAR,20.9,1.2,0.371,0.091,0.25,2.91,60.82,49.61,11.21,0.0814,0,0
REQ-004685,17,FINANCIAL_DISTRICT,DOWNTOWN,STANDARD,5.97,12.4,DRIZZLE,0.0,10.0,9.4,0.4,0,25,22,0.88,REGULAR,14.8,0.1,0.058,0.0,0.25,1.41,20.87,16.26,4.61,0.7642,1,0
REQ-004686,18,TECH_CORRIDOR,SUBURB_NORTH,STANDARD,2.56,5.6,DRIZZLE,0.0,10.0,18.6,0.6,2,18,11,0.61,GOLD,8.16,0.1,0.589,0.0,0.25,1.94,15.83,12.64,3.19,0.5948,1,0
REQ-004687,17,SUBURB_NORTH,DOWNTOWN,XL,25.34,47.3,CLEAR,0.0,10.0,27.6,0.75,0,47,26,0.55,REGULAR,87.59,0.056,0.54,0.0,0.25,1.85,162.04,128.97,33.07,0.53,1,0
REQ-004688,6,TECH_CORRIDOR,SUBURB_NORTH,COMFORT,24.49,74.8,DRIZZLE,0.0,10.0,10.1,0.17,0,12,33,2.75,REGULAR,78.57,0.152,0.0,0.612,0.0,1.76,138.28,109.68,28.6,0.5832,1,0
REQ-004689,20,TECH_CORRIDOR,DOWNTOWN,XL,12.83,26.7,CLEAR,0.0,10.0,26.3,0.3,0,24,76,3.17,REGULAR,48.96,0.0,0.017,0.759,0.0,1.78,87.15,69.18,17.97,0.5715,0,0
REQ-004690,9,FINANCIAL_DISTRICT,TECH_CORRIDOR,STANDARD,12.15,37.9,CLEAR,0.0,10.0,11.4,0.73,0,16,39,2.44,REGULAR,31.45,0.0,0.514,0.504,0.2,2.22,69.82,56.2,13.62,0.3169,0,0
REQ-004691,1,DOWNTOWN,TECH_CORRIDOR,COMFORT,23.73,48.8,SNOW,12.2,6.7,-5.0,0.35,0,47,48,1.02,REGULAR,65.61,0.637,0.034,0.0,0.15,1.82,119.41,94.94,24.47,0.5479,0,0
REQ-004692,1,AIRPORT,SUBURB_NORTH,COMFORT,9.29,25.3,CLEAR,0.0,10.0,16.2,0.26,0,8,67,8.38,GOLD,31.21,0.0,0.007,1.2,0.15,2.36,73.66,59.49,14.17,0.3489,0,0
REQ-004693,21,FINANCIAL_DISTRICT,DOWNTOWN,PREMIUM,20.24,42.9,RAIN,7.1,6.9,5.7,0.12,1,53,30,0.57,GOLD,101.13,0.407,0.12,0.0,0.0,1.53,154.73,121.41,33.32,0.7971,0,0
REQ-004694,0,SUBURB_NORTH,TECH_CORRIDOR,XL,4.67,11.5,HEAVY_RAIN,39.6,2.3,18.0,0.36,0,19,17,0.89,REGULAR,22.71,1.016,0.039,0.0,0.15,2.21,50.19,40.39,9.8,0.3221,0,0
REQ-004695,1,FINANCIAL_DISTRICT,DOWNTOWN,STANDARD,4.84,12.5,DRIZZLE,0.0,10.0,9.7,0.12,0,20,79,3.95,GOLD,13.43,0.1,0.0,1.032,0.15,2.28,30.62,24.68,5.94,0.3936,0,0
REQ-004696,14,TECH_CORRIDOR,DOWNTOWN,XL,4.98,11.0,CLEAR,0.0,10.0,27.8,0.16,1,13,60,4.62,REGULAR,23.06,0.0,0.12,1.2,0.0,2.32,53.5,43.17,10.33,0.2674,0,0
REQ-004697,15,FINANCIAL_DISTRICT,SUBURB_NORTH,XL,11.58,24.4,CLEAR,0.0,10.0,17.9,0.18,0,19,16,0.84,REGULAR,44.96,0.0,0.0,0.0,0.0,1.0,44.96,33.72,11.24,0.8966,1,0
REQ-004698,16,FINANCIAL_DISTRICT,AIRPORT,PREMIUM,3.63,8.4,THUNDERSTORM,33.2,1.1,21.5,0.16,0,33,61,1.85,REGULAR,25.3,1.2,0.0,0.297,0.0,2.5,63.25,51.23,12.02,0.1915,0,0
REQ-004699,19,TECH_CORRIDOR,AIRPORT,XL,6.0,18.3,CLEAR,0.0,10.0,7.9,0.75,1,10,18,1.8,REGULAR,29.58,0.0,0.661,0.28,0.25,2.19,64.78,52.11,12.67,0.3327,1,0
REQ-004700,23,SUBURB_NORTH,DOWNTOWN,PREMIUM,13.94,26.0,CLEAR,0.0,10.0,9.3,0.43,0,30,14,0.47,REGULAR,69.13,0.0,0.074,0.0,0.15,1.22,84.34,64.78,19.56,0.8364,1,0
REQ-004701,15,AIRPORT,SUBURB_NORTH,COMFORT,7.33,21.1,CLEAR,0.0,10.0,14.6,0.35,0,23,42,1.83,PLATINUM,26.09,0.069,0.034,0.29,0.0,1.39,36.27,28.22,8.05,0.8874,1,0
REQ-004702,23,TECH_CORRIDOR,DOWNTOWN,XL,4.18,9.2,HEAVY_RAIN,42.7,2.7,5.3,0.28,0,44,23,0.52,GOLD,20.3,1.01,0.011,0.0,0.15,2.17,44.05,35.41,8.64,0.4581,0,0
REQ-004703,17,AIRPORT,TECH_CORRIDOR,COMFORT,16.36,40.5,CLEAR,0.0,10.0,27.5,0.45,1,43,33,0.77,REGULAR,49.72,0.0,0.206,0.0,0.25,1.46,72.59,56.73,15.86,0.7419,0,0
REQ-004704,21,FINANCIAL_DISTRICT,TECH_CORRIDOR,COMFORT,8.77,23.6,CLEAR,0.0,10.0,7.3,0.32,0,28,39,1.39,REGULAR,29.59,0.082,0.023,0.136,0.0,1.24,36.69,28.23,8.46,0.8298,1,0
REQ-004705,20,AIRPORT,SUBURB_NORTH,STANDARD,10.71,24.1,CLEAR,0.0,10.0,23.5,0.12,1,56,60,1.07,GOLD,24.83,0.0,0.12,0.0,0.0,1.12,27.81,21.16,6.65,0.9131,0,0
REQ-004706,9,FINANCIAL_DISTRICT,TECH_CORRIDOR,PREMIUM,4.46,8.3,CLEAR,0.0,10.0,17.7,0.69,0,45,77,1.71,REGULAR,27.55,0.071,0.458,0.248,0.2,1.98,54.55,43.61,10.94,0.4521,0,0
REQ-004707,6,FINANCIAL_DISTRICT,TECH_CORRIDOR,PREMIUM,26.43,55.6,HEAVY_RAIN,44.8,2.8,25.0,0.26,0,17,50,2.94,GOLD,129.26,1.076,0.007,0.679,0.0,2.76,356.76,290.32,66.44,0.1702,0,0
REQ-004708,11,DOWNTOWN,SUBURB_NORTH,PREMIUM,19.98,45.9,FOG,0.0,10.0,13.7,0.4,0,22,52,2.36,GOLD,102.96,0.2,0.058,0.476,0.0,1.73,178.12,141.11,37.01,0.7085,1,0
REQ-004709,9,FINANCIAL_DISTRICT,DOWNTOWN,COMFORT,11.26,22.3,RAIN,7.0,5.9,14.1,0.51,0,60,33,0.55,PLATINUM,33.12,0.329,0.251,0.0,0.2,1.78,58.95,46.8,12.15,0.7555,1,0
REQ-004710,3,FINANCIAL_DISTRICT,DOWNTOWN,PREMIUM,22.12,67.4,CLEAR,0.0,10.0,17.2,0.2,0,50,64,1.28,GOLD,127.23,0.0,0.0,0.098,0.15,1.25,159.04,122.46,36.58,0.8849,1,0
REQ-004711,13,DOWNTOWN,SUBURB_NORTH,PREMIUM,25.34,49.3,CLEAR,0.0,10.0,8.1,0.17,0,27,79,2.93,PLATINUM,120.85,0.0,0.0,0.675,0.0,1.68,203.03,160.49,42.54,0.7971,1,0
REQ-004712,20,AIRPORT,DOWNTOWN,XL,10.49,20.2,RAIN,9.5,4.1,27.7,0.32,0,11,50,4.55,REGULAR,40.15,0.357,0.023,1.2,0.0,2.58,103.59,84.04,19.55,0.1636,0,0
REQ-004713,2,DOWNTOWN,AIRPORT,PREMIUM,4.72,13.5,THUNDERSTORM,43.4,2.1,29.5,0.23,1,20,63,3.15,GOLD,32.69,1.2,0.122,0.752,0.15,3.22,105.26,86.2,19.06,0.0637,0,0
REQ-004714,15,DOWNTOWN,TECH_CORRIDOR,COMFORT,5.95,16.6,DRIZZLE,0.0,10.0,20.1,0.28,0,35,17,0.49,REGULAR,21.79,0.11,0.011,0.0,0.0,1.12,24.4,18.56,5.84,0.8667,1,0
REQ-004715,8,AIRPORT,SUBURB_NORTH,STANDARD,10.59,30.2,CLEAR,0.0,10.0,23.7,0.67,1,59,23,0.39,REGULAR,26.81,0.0,0.554,0.0,0.2,1.75,46.92,37.2,9.72,0.589,0,0
REQ-004716,12,SUBURB_NORTH,AIRPORT,XL,22.12,63.5,CLEAR,0.0,10.0,5.4,0.15,1,51,54,1.06,GOLD,90.55,0.0,0.12,0.0,0.0,1.12,101.42,77.15,24.27,0.9131,1,0
REQ-004717,19,DOWNTOWN,AIRPORT,COMFORT,10.13,30.5,CLEAR,0.0,10.0,19.4,0.71,0,22,18,0.82,REGULAR,34.93,0.007,0.485,0.0,0.25,1.74,60.78,48.17,12.61,0.5948,1,0
REQ-004718,8,FINANCIAL_DISTRICT,TECH_CORRIDOR,PREMIUM,12.6,27.2,CLEAR,0.0,10.0,22.8,0.45,0,56,16,0.29,REGULAR,66.4,0.06,0.086,0.0,0.2,1.35,89.64,69.55,20.09,0.7892,0,0
REQ-004719,23,DOWNTOWN,TECH_CORRIDOR,XL,5.29,15.2,CLEAR,0.0,10.0,9.1,0.34,0,18,24,1.33,REGULAR,26.23,0.0,0.03,0.116,0.15,1.3,34.1,26.36,7.74,0.8085,1,0
REQ-004720,22,TECH_CORRIDOR,AIRPORT,COMFORT,15.18,43.8,DRIZZLE,0.0,10.0,8.0,0.18,2,13,33,2.54,REGULAR,49.26,0.1,0.24,0.539,0.0,1.88,92.61,73.79,18.82,0.512,0,0
REQ-004721,13,FINANCIAL_DISTRICT,AIRPORT,PREMIUM,2.19,4.4,CLEAR,0.0,10.0,31.6,0.12,1,14,31,2.21,REGULAR,17.87,0.0,0.12,0.423,0.0,1.54,27.52,21.6,5.92,0.7035,1,0
REQ-004722,6,TECH_CORRIDOR,AIRPORT,XL,25.0,45.1,CLEAR,0.0,10.0,29.3,0.31,0,14,45,3.21,REGULAR,85.56,0.0,0.02,0.773,0.0,1.79,153.15,121.62,31.53,0.5656,1,0
REQ-004723,18,SUBURB_NORTH,TECH_CORRIDOR,XL,24.35,57.3,CLEAR,0.0,10.0,24.6,0.67,0,28,52,1.86,REGULAR,91.52,0.0,0.434,0.301,0.25,1.98,181.21,144.88,36.33,0.4521,0,0
REQ-004724,4,SUBURB_NORTH,TECH_CORRIDOR,STANDARD,8.09,16.6,CLEAR,0.0,10.0,31.1,0.16,0,38,21,0.55,REGULAR,18.92,0.035,0.0,0.0,0.0,1.03,19.49,14.67,4.82,0.8897,1,0
REQ-004725,11,DOWNTOWN,SUBURB_NORTH,STANDARD,21.13,43.7,CLEAR,0.0,10.0,7.6,0.09,0,54,21,0.39,REGULAR,44.7,0.0,0.0,0.0,0.0,1.0,44.7,33.53,11.17,0.8966,1,0
REQ-004726,12,FINANCIAL_DISTRICT,SUBURB_NORTH,PREMIUM,18.69,58.9,HEAVY_RAIN,55.7,2.4,22.2,0.22,0,37,71,1.92,REGULAR,110.39,1.165,0.001,0.322,0.0,2.49,274.87,222.6,52.27,0.1953,0,0
REQ-004727,16,TECH_CORRIDOR,DOWNTOWN,XL,11.4,30.1,CLEAR,0.0,10.0,19.0,0.14,0,25,37,1.48,REGULAR,48.0,0.0,0.0,0.168,0.0,1.17,56.16,42.94,13.22,0.8522,1,0
REQ-004728,20,TECH_CORRIDOR,FINANCIAL_DISTRICT,STANDARD,17.75,55.6,CLEAR,0.0,10.0,7.0,0.26,0,8,18,2.25,REGULAR,44.65,0.0,0.007,0.438,0.0,1.44,64.3,50.19,14.11,0.751,1,0
REQ-004729,13,TECH_CORRIDOR,AIRPORT,STANDARD,26.56,70.4,CLEAR,0.0,10.0,25.4,0.06,2,20,14,0.7,REGULAR,60.84,0.0,0.24,0.0,0.0,1.24,75.44,58.04,17.4,0.8298,1,0
REQ-004730,6,SUBURB_NORTH,DOWNTOWN,COMFORT,16.56,38.0,CLEAR,0.0,10.0,22.9,0.06,0,9,19,2.11,REGULAR,48.92,0.0,0.0,0.388,0.0,1.39,68.0,52.91,15.09,0.7728,1,0
REQ-004731,4,DOWNTOWN,SUBURB_NORTH,XL,14.88,41.7,CLEAR,0.0,10.0,9.8,0.33,0,14,13,0.93,REGULAR,62.27,0.0,0.027,0.0,0.0,1.03,64.14,48.29,15.85,0.8897,1,0
REQ-004732,17,SUBURB_NORTH,FINANCIAL_DISTRICT,COMFORT,16.69,33.7,DRIZZLE,0.0,10.0,13.0,0.69,1,51,29,0.57,REGULAR,47.21,0.1,0.578,0.0,0.25,1.93,91.12,72.73,18.39,0.482,0,0
REQ-004733,8,TECH_CORRIDOR,AIRPORT,STANDARD,11.14,20.8,RAIN,12.2,4.3,29.0,0.78,0,58,56,0.97,REGULAR,24.21,0.387,0.583,0.0,0.2,2.17,52.54,42.24,10.3,0.3434,1,0
REQ-004734,7,DOWNTOWN,FINANCIAL_DISTRICT,PREMIUM,26.25,49.5,CLEAR,0.0,10.0,30.6,0.85,0,8,35,4.38,REGULAR,123.57,0.0,0.69,1.183,0.2,3.07,379.36,310.1,69.26,0.0569,0,0
REQ-004735,10,TECH_CORRIDOR,SUBURB_NORTH,COMFORT,19.36,49.0,DRIZZLE,0.0,10.0,28.4,0.3,0,54,59,1.09,REGULAR,58.49,0.1,0.017,0.0,0.0,1.12,65.51,49.83,15.68,0.8667,1,0
REQ-004736,0,TECH_CORRIDOR,DOWNTOWN,STANDARD,17.15,42.9,HEAVY_RAIN,29.4,0.9,7.6,0.36,0,12,72,6.0,REGULAR,39.45,1.041,0.039,1.2,0.15,3.43,135.31,111.07,24.24,0.0248,0,0
REQ-004737,14,TECH_CORRIDOR,SUBURB_NORTH,STANDARD,13.75,41.7,RAIN,8.8,5.2,25.9,0.3,0,33,74,2.24,REGULAR,34.79,0.349,0.017,0.434,0.0,1.8,62.62,49.75,12.87,0.5597,1,0
REQ-004738,18,AIRPORT,TECH_CORRIDOR,PREMIUM,26.28,83.4,CLEAR,0.0,10.0,24.3,0.83,0,42,56,1.33,REGULAR,152.47,0.0,0.66,0.116,0.25,2.03,309.51,247.84,61.67,0.4226,0,0
REQ-004739,3,SUBURB_NORTH,DOWNTOWN,STANDARD,8.5,17.5,BLIZZARD,22.2,1.3,-9.2,0.09,0,38,68,1.79,REGULAR,19.74,1.2,0.0,0.276,0.15,2.63,51.92,42.16,9.76,0.1478,0,0
REQ-004740,7,TECH_CORRIDOR,FINANCIAL_DISTRICT,PREMIUM,17.49,44.3,DRIZZLE,0.0,10.0,24.8,0.67,0,25,17,0.68,REGULAR,94.62,0.168,0.432,0.0,0.2,1.8,170.32,135.31,35.01,0.5597,1,0
REQ-004741,3,AIRPORT,SUBURB_NORTH,COMFORT,2.72,5.4,CLEAR,0.0,10.0,29.8,0.08,0,30,24,0.8,REGULAR,11.42,0.0,0.0,0.0,0.15,1.15,13.13,10.02,3.11,0.8581,1,0
REQ-004742,23,TECH_CORRIDOR,AIRPORT,STANDARD,7.15,19.5,CLEAR,0.0,10.0,8.8,0.09,0,60,37,0.62,REGULAR,18.76,0.0,0.0,0.0,0.15,1.15,21.57,16.46,5.11,0.8581,1,0
REQ-004743,10,DOWNTOWN,FINANCIAL_DISTRICT,STANDARD,7.85,23.6,CLEAR,0.0,10.0,12.2,0.1,0,50,32,0.64,REGULAR,21.07,0.0,0.0,0.0,0.0,1.0,21.07,15.8,5.27,0.8966,1,0
REQ-004744,17,FINANCIAL_DISTRICT,TECH_CORRIDOR,COMFORT,7.56,21.1,CLEAR,0.0,10.0,22.1,0.58,0,13,26,2.0,REGULAR,26.47,0.0,0.325,0.35,0.25,1.92,50.82,40.55,10.27,0.488,0,0
REQ-004745,4,AIRPORT,SUBURB_NORTH,STANDARD,10.65,27.3,HEAVY_RAIN,45.9,0.6,17.7,0.4,0,26,45,1.73,GOLD,25.86,1.2,0.058,0.256,0.0,2.51,64.91,52.59,12.32,0.2721,0,0
REQ-004746,18,DOWNTOWN,AIRPORT,PREMIUM,13.03,39.7,CLEAR,0.0,10.0,25.4,0.57,0,34,57,1.68,REGULAR,78.23,0.075,0.315,0.238,0.25,1.88,147.07,117.19,29.88,0.512,0,0
REQ-004747,15,DOWNTOWN,AIRPORT,COMFORT,17.15,49.0,CLEAR,0.0,10.0,13.1,0.13,0,15,70,4.67,REGULAR,54.85,0.05,0.0,1.2,0.0,2.25,123.41,99.41,24.0,0.3015,0,0
REQ-004748,13,TECH_CORRIDOR,SUBURB_NORTH,PREMIUM,14.36,38.1,RAIN,12.2,4.5,21.2,0.28,0,23,46,2.0,REGULAR,80.59,0.387,0.011,0.35,0.0,1.75,141.03,111.82,29.21,0.589,1,0
REQ-004749,6,DOWNTOWN,SUBURB_NORTH,XL,21.64,52.0,DRIZZLE,0.0,10.0,10.9,0.42,1,10,21,2.1,REGULAR,82.64,0.1,0.189,0.385,0.0,1.67,138.01,109.04,28.97,0.6346,1,0
REQ-004750,4,FINANCIAL_DISTRICT,DOWNTOWN,XL,7.23,18.8,RAIN,13.7,5.0,6.5,0.29,0,28,27,0.96,REGULAR,32.46,0.404,0.014,0.0,0.0,1.42,46.09,35.93,10.16,0.7599,0,0
REQ-004751,11,TECH_CORRIDOR,FINANCIAL_DISTRICT,PREMIUM,18.37,33.5,BLIZZARD,46.2,1.9,-14.9,0.13,0,41,11,0.27,REGULAR,87.91,1.2,0.0,0.0,0.0,2.2,193.4,155.6,37.8,0.3274,0,0
REQ-004752,21,FINANCIAL_DISTRICT,AIRPORT,COMFORT,27.76,68.7,DRIZZLE,0.0,10.0,24.6,0.32,0,29,33,1.14,REGULAR,81.22,0.1,0.023,0.0,0.0,1.12,90.97,69.2,21.77,0.8667,1,0
REQ-004753,5,AIRPORT,DOWNTOWN,COMFORT,13.26,38.3,CLEAR,0.0,10.0,7.6,0.06,0,58,70,1.21,GOLD,43.61,0.0,0.0,0.073,0.0,1.07,46.66,35.3,11.36,0.9222,1,0
REQ-004754,22,AIRPORT,FINANCIAL_DISTRICT,STANDARD,7.4,17.0,CLEAR,0.0,10.0,16.0,0.43,0,40,66,1.65,REGULAR,18.2,0.0,0.074,0.227,0.0,1.3,23.66,18.29,5.37,0.8085,1,0
REQ-004755,17,DOWNTOWN,SUBURB_NORTH,PREMIUM,10.36,28.7,RAIN,4.4,7.0,5.4,0.58,0,54,79,1.46,REGULAR,61.4,0.299,0.326,0.161,0.25,2.04,125.26,100.33,24.93,0.4168,0,0
REQ-004756,15,TECH_CORRIDOR,DOWNTOWN,STANDARD,6.04,11.8,CLEAR,0.0,10.0,11.4,0.44,1,13,53,4.08,GOLD,14.68,0.0,0.2,1.078,0.0,2.28,33.47,26.98,6.49,0.3936,1,0
REQ-004757,18,FINANCIAL_DISTRICT,AIRPORT,XL,17.93,42.9,CLEAR,0.0,10.0,28.7,0.55,0,16,72,4.5,REGULAR,69.39,0.0,0.292,1.2,0.25,2.74,190.13,154.67,35.46,0.1175,1,0
REQ-004758,13,SUBURB_NORTH,TECH_CORRIDOR,COMFORT,3.55,8.6,CLEAR,0.0,10.0,6.4,0.34,1,53,71,1.34,REGULAR,14.23,0.0,0.15,0.119,0.0,1.27,18.07,13.94,4.13,0.8194,1,0
REQ-004759,5,SUBURB_NORTH,AIRPORT,PREMIUM,18.07,43.1,CLEAR,0.0,10.0,30.0,0.21,1,60,12,0.2,REGULAR,95.23,0.0,0.12,0.0,0.0,1.12,106.66,81.14,25.52,0.8667,1,0
REQ-004760,0,AIRPORT,FINANCIAL_DISTRICT,STANDARD,8.17,18.6,SNOW,8.3,5.6,-2.6,0.18,0,25,66,2.64,GOLD,19.72,0.587,0.0,0.574,0.15,2.31,45.55,36.75,8.8,0.3766,1,0
REQ-004761,7,SUBURB_NORTH,TECH_CORRIDOR,COMFORT,22.21,69.2,CLEAR,0.0,10.0,27.5,0.47,0,51,25,0.49,GOLD,72.29,0.038,0.099,0.0,0.2,1.34,96.87,75.11,21.76,0.861,1,0
REQ-004762,3,AIRPORT,TECH_CORRIDOR,XL,19.23,41.3,CLEAR,0.0,10.0,27.7,0.39,1,20,46,2.3,REGULAR,71.16,0.0,0.173,0.455,0.15,1.78,126.66,100.54,26.12,0.5715,1,0
REQ-004763,10,AIRPORT,DOWNTOWN,COMFORT,22.06,63.3,DRIZZLE,0.0,10.0,26.5,0.36,0,28,78,2.79,GOLD,69.38,0.1,0.039,0.626,0.0,1.77,122.8,97.44,25.36,0.6883,0,0
REQ-004764,11,SUBURB_NORTH,DOWNTOWN,COMFORT,27.13,56.1,DRIZZLE,0.0,10.0,26.6,0.17,0,17,77,4.53,PLATINUM,74.51,0.1,0.0,1.2,0.0,2.3,171.37,138.21,33.16,0.47,1,0
REQ-004765,21,TECH_CORRIDOR,AIRPORT,PREMIUM,11.9,37.0,HEAVY_RAIN,35.4,1.1,7.2,0.36,0,8,28,3.5,REGULAR,72.77,1.088,0.039,0.875,0.0,3.0,218.31,178.29,40.02,0.0666,0,0
REQ-004766,14,AIRPORT,SUBURB_NORTH,COMFORT,10.75,25.2,THUNDERSTORM,52.0,0.6,19.5,0.38,0,38,28,0.74,GOLD,33.58,1.2,0.048,0.0,0.0,2.25,75.55,60.86,14.69,0.411,0,0
REQ-004767,7,TECH_CORRIDOR,FINANCIAL_DISTRICT,STANDARD,22.66,50.5,CLEAR,0.0,10.0,28.2,0.85,0,36,20,0.56,REGULAR,48.99,0.035,0.69,0.0,0.2,1.92,94.06,75.05,19.01,0.488,1,0
REQ-004768,1,DOWNTOWN,TECH_CORRIDOR,XL,26.06,70.4,CLEAR,0.0,10.0,16.1,0.35,1,35,14,0.4,GOLD,102.97,0.0,0.154,0.0,0.15,1.3,133.86,103.48,30.38,0.8721,1,0
REQ-004769,11,DOWNTOWN,AIRPORT,COMFORT,24.6,70.3,CLEAR,0.0,10.0,29.0,0.37,0,37,49,1.32,REGULAR,76.72,0.0,0.043,0.112,0.0,1.16,89.0,67.98,21.02,0.8552,0,0
REQ-004770,22,TECH_CORRIDOR,FINANCIAL_DISTRICT,PREMIUM,16.83,42.2,CLEAR,0.0,10.0,14.1,0.09,0,37,21,0.57,REGULAR,90.99,0.0,0.0,0.0,0.0,1.0,90.99,68.24,22.75,0.8966,1,0
REQ-004771,15,FINANCIAL_DISTRICT,DOWNTOWN,XL,22.48,50.4,CLEAR,0.0,10.0,21.3,0.1,0,8,53,6.62,REGULAR,83.45,0.0,0.0,1.2,0.0,2.2,183.59,147.71,35.88,0.3274,0,0
REQ-004772,9,FINANCIAL_DISTRICT,TECH_CORRIDOR,STANDARD,4.87,13.4,RAIN,8.8,6.7,23.1,0.45,0,25,35,1.4,REGULAR,13.78,0.374,0.086,0.14,0.2,1.8,24.8,19.7,5.1,0.5597,1,0
REQ-004773,19,DOWNTOWN,AIRPORT,PREMIUM,26.23,50.9,CLEAR,0.0,10.0,23.3,0.57,0,52,56,1.08,REGULAR,124.71,0.058,0.313,0.0,0.25,1.62,202.03,159.25,42.78,0.662,1,0
REQ-004774,0,TECH_CORRIDOR,SUBURB_NORTH,COMFORT,17.15,38.5,CLEAR,0.0,10.0,14.8,0.08,1,39,21,0.54,REGULAR,50.12,0.0,0.12,0.0,0.15,1.27,63.65,49.09,14.56,0.8194,1,0
REQ-004775,6,TECH_CORRIDOR,FINANCIAL_DISTRICT,COMFORT,18.05,49.8,CLEAR,0.0,10.0,15.8,0.11,0,22,55,2.5,REGULAR,56.69,0.0,0.0,0.525,0.0,1.52,86.17,67.58,18.59,0.7134,1,0
REQ-004776,16,TECH_CORRIDOR,AIRPORT,PREMIUM,6.86,14.3,RAIN,12.7,7.3,22.8,0.15,0,49,69,1.41,PLATINUM,39.37,0.393,0.0,0.143,0.0,1.54,60.63,47.6,13.03,0.8461,1,0
REQ-004777,18,SUBURB_NORTH,TECH_CORRIDOR,COMFORT,16.09,37.5,CLEAR,0.0,10.0,28.8,0.41,1,16,16,1.0,REGULAR,47.93,0.0,0.183,0.0,0.25,1.43,68.54,53.47,15.07,0.7555,1,0
REQ-004778,7,FINANCIAL_DISTRICT,SUBURB_NORTH,STANDARD,2.27,4.6,RAIN,12.2,4.1,26.1,0.73,0,32,40,1.25,REGULAR,7.45,0.387,0.514,0.087,0.2,2.19,16.32,13.13,3.19,0.3327,0,0
REQ-004779,15,SUBURB_NORTH,AIRPORT,PREMIUM,13.08,33.3,CLEAR,0.0,10.0,31.8,0.1,0,44,21,0.48,REGULAR,72.92,0.002,0.0,0.0,0.0,1.0,72.92,54.69,18.23,0.8966,1,0
REQ-004780,21,DOWNTOWN,FINANCIAL_DISTRICT,XL,7.01,21.6,THUNDERSTORM,21.3,1.3,20.4,0.15,0,52,42,0.81,REGULAR,33.68,1.16,0.0,0.0,0.0,2.16,72.75,58.47,14.28,0.3489,0,0
REQ-004781,2,SUBURB_NORTH,AIRPORT,XL,5.58,10.6,CLEAR,0.0,10.0,17.0,0.3,0,10,39,3.9,REGULAR,24.08,0.0,0.017,1.015,0.15,2.18,52.49,42.21,10.28,0.338,0,0
REQ-004782,3,DOWNTOWN,SUBURB_NORTH,STANDARD,18.44,47.5,CLEAR,0.0,10.0,5.5,0.16,0,59,61,1.03,REGULAR,42.67,0.031,0.0,0.0,0.15,1.18,50.35,38.53,11.82,0.8492,1,0
REQ-004783,2,TECH_CORRIDOR,FINANCIAL_DISTRICT,COMFORT,15.45,28.6,SNOW,11.7,7.0,-0.2,0.33,0,39,38,0.97,REGULAR,42.86,0.536,0.027,0.0,0.15,1.71,73.29,58.01,15.28,0.6121,1,0
REQ-004784,22,AIRPORT,DOWNTOWN,PREMIUM,8.32,20.9,CLEAR,0.0,10.0,27.7,0.07,1,50,30,0.6,REGULAR,49.06,0.059,0.12,0.0,0.0,1.18,57.89,44.3,13.59,0.8492,1,0
REQ-004785,22,DOWNTOWN,FINANCIAL_DISTRICT,XL,25.9,72.3,CLEAR,0.0,10.0,24.1,0.25,0,15,67,4.47,REGULAR,103.77,0.0,0.005,1.2,0.0,2.21,229.33,184.55,44.78,0.3221,0,0
REQ-004786,1,TECH_CORRIDOR,DOWNTOWN,COMFORT,19.59,41.7,HEAVY_RAIN,55.3,1.1,14.7,0.38,0,52,10,0.19,REGULAR,55.59,1.2,0.048,0.0,0.15,2.4,133.42,107.85,25.57,0.2315,0,0
REQ-004787,9,DOWNTOWN,TECH_CORRIDOR,STANDARD,17.88,49.8,DRIZZLE,0.0,10.0,28.7,0.43,0,46,13,0.28,REGULAR,42.78,0.1,0.074,0.0,0.2,1.37,58.61,45.54,13.07,0.7811,0,0
REQ-004788,1,TECH_CORRIDOR,DOWNTOWN,XL,7.53,24.1,CLEAR,0.0,10.0,5.8,0.4,0,19,51,2.68,GOLD,36.27,0.076,0.058,0.588,0.15,1.87,67.82,54.02,13.8,0.6346,1,0
REQ-004789,5,FINANCIAL_DISTRICT,TECH_CORRIDOR,STANDARD,14.22,30.4,CLEAR,0.0,10.0,22.7,0.4,0,12,17,1.42,GOLD,31.42,0.0,0.058,0.147,0.0,1.21,38.02,29.18,8.84,0.8944,1,0
REQ-004790,17,TECH_CORRIDOR,AIRPORT,STANDARD,12.64,34.5,RAIN,12.6,4.3,18.5,0.57,0,32,72,2.25,REGULAR,30.87,0.469,0.314,0.438,0.25,2.47,76.25,61.73,14.52,0.2029,0,0
REQ-004791,2,DOWNTOWN,SUBURB_NORTH,XL,25.98,51.2,CLEAR,0.0,10.0,25.2,0.41,1,30,36,1.2,REGULAR,91.28,0.0,0.183,0.0,0.15,1.33,121.4,94.06,27.34,0.7971,0,0
REQ-004792,19,AIRPORT,FINANCIAL_DISTRICT,XL,5.61,17.6,RAIN,7.9,7.8,26.3,0.8,0,58,11,0.19,REGULAR,28.34,0.339,0.614,0.0,0.25,2.2,62.35,50.16,12.19,0.3274,0,0
REQ-004793,3,FINANCIAL_DISTRICT,DOWNTOWN,PREMIUM,23.37,42.5,RAIN,9.0,7.5,22.3,0.07,0,60,71,1.18,REGULAR,109.56,0.351,0.0,0.0,0.15,1.5,164.34,128.73,35.61,0.7231,1,0
REQ-004794,2,AIRPORT,DOWNTOWN,STANDARD,8.2,24.8,CLEAR,0.0,10.0,18.1,0.24,1,22,11,0.5,PLATINUM,21.93,0.0,0.123,0.0,0.15,1.27,27.85,21.48,6.37,0.9131,1,0
REQ-004795,11,TECH_CORRIDOR,AIRPORT,STANDARD,15.1,43.0,CLEAR,0.0,10.0,23.5,0.17,0,15,35,2.33,PLATINUM,36.93,0.0,0.0,0.465,0.0,1.47,54.29,42.45,11.84,0.8667,1,0
REQ-004796,7,FINANCIAL_DISTRICT,AIRPORT,COMFORT,18.89,41.2,CLEAR,0.0,10.0,7.2,0.74,0,39,30,0.77,REGULAR,54.21,0.039,0.527,0.0,0.2,1.77,95.95,76.14,19.81,0.5774,1,0
REQ-004797,10,FINANCIAL_DISTRICT,DOWNTOWN,PREMIUM,25.66,71.8,FOG,0.0,10.0,27.4,0.14,0,50,46,0.92,PLATINUM,140.88,0.2,0.0,0.0,0.0,1.2,169.06,129.61,39.45,0.9255,1,0
REQ-004798,13,SUBURB_NORTH,TECH_CORRIDOR,STANDARD,13.64,43.5,CLEAR,0.0,10.0,7.4,0.17,0,60,38,0.63,REGULAR,35.27,0.0,0.0,0.0,0.0,1.0,35.27,26.45,8.82,0.8966,1,0
REQ-004799,15,TECH_CORRIDOR,SUBURB_NORTH,XL,4.79,10.8,DRIZZLE,0.0,10.0,27.6,0.39,0,45,70,1.56,REGULAR,22.54,0.1,0.053,0.196,0.0,1.35,30.43,23.61,6.82,0.7892,1,0
REQ-004800,19,SUBURB_NORTH,FINANCIAL_DISTRICT,STANDARD,3.83,11.4,CLEAR,0.0,10.0,9.2,0.74,0,39,80,2.05,PLATINUM,11.78,0.0,0.526,0.367,0.25,2.14,25.21,20.25,4.96,0.5656,0,0
REQ-004801,17,FINANCIAL_DISTRICT,AIRPORT,XL,18.23,50.7,CLEAR,0.0,10.0,12.1,0.59,0,60,59,0.98,REGULAR,74.7,0.0,0.337,0.0,0.25,1.59,118.77,93.48,25.29,0.6779,1,0
REQ-004802,13,DOWNTOWN,AIRPORT,COMFORT,26.25,53.5,CLEAR,0.0,10.0,25.8,0.19,0,54,59,1.09,GOLD,71.88,0.0,0.0,0.0,0.0,1.0,71.88,53.91,17.97,0.9334,1,0
REQ-004803,21,DOWNTOWN,SUBURB_NORTH,COMFORT,25.09,50.3,CLEAR,0.0,10.0,21.2,0.37,0,40,61,1.52,REGULAR,68.53,0.003,0.043,0.182,0.0,1.23,84.29,64.79,19.5,0.8331,0,0
REQ-004804,4,TECH_CORRIDOR,AIRPORT,PREMIUM,24.98,63.4,DRIZZLE,0.0,10.0,7.2,0.05,0,34,22,0.65,PLATINUM,131.83,0.1,0.0,0.0,0.0,1.1,145.01,110.08,34.93,0.9405,1,0
REQ-004805,1,TECH_CORRIDOR,DOWNTOWN,PREMIUM,4.74,12.0,CLEAR,0.0,10.0,7.2,0.18,1,8,18,2.25,REGULAR,31.47,0.0,0.12,0.438,0.15,1.71,53.81,42.59,11.22,0.6121,1,0
REQ-004806,5,SUBURB_NORTH,DOWNTOWN,COMFORT,12.53,33.9,HEAVY_RAIN,52.4,2.0,27.2,0.16,0,16,75,4.69,PLATINUM,40.42,1.19,0.0,1.2,0.0,3.39,137.02,112.42,24.6,0.0609,0,0
REQ-004807,8,AIRPORT,FINANCIAL_DISTRICT,XL,23.22,68.4,CLEAR,0.0,10.0,7.6,0.66,0,37,39,1.05,REGULAR,95.8,0.057,0.42,0.0,0.2,1.68,160.94,127.22,33.72,0.629,0,0
REQ-004808,22,AIRPORT,DOWNTOWN,XL,8.19,15.2,CLEAR,0.0,10.0,11.0,0.17,0,10,31,3.1,REGULAR,32.32,0.0,0.0,0.735,0.0,1.73,55.91,44.29,11.62,0.6006,1,0
REQ-004809,19,SUBURB_NORTH,AIRPORT,XL,20.21,50.0,CLEAR,0.0,10.0,7.9,0.65,1,40,45,1.12,PLATINUM,78.44,0.0,0.529,0.0,0.25,1.78,139.62,110.83,28.79,0.7555,0,0
REQ-004810,2,DOWNTOWN,TECH_CORRIDOR,COMFORT,15.22,37.5,CLEAR,0.0,10.0,8.0,0.11,0,46,79,1.72,GOLD,46.49,0.069,0.0,0.252,0.15,1.47,68.34,53.44,14.9,0.8194,1,0
REQ-004811,11,FINANCIAL_DISTRICT,AIRPORT,COMFORT,7.49,17.9,SNOW,10.4,7.2,-9.0,0.19,2,17,26,1.53,PLATINUM,24.91,0.697,0.24,0.185,0.0,2.12,52.81,42.4,10.41,0.5774,1,0
REQ-004812,1,SUBURB_NORTH,DOWNTOWN,PREMIUM,13.88,37.9,CLEAR,0.0,10.0,9.6,0.19,0,52,18,0.35,REGULAR,79.07,0.0,0.0,0.0,0.15,1.15,90.93,69.38,21.55,0.8581,1,0
REQ-004813,18,AIRPORT,FINANCIAL_DISTRICT,COMFORT,20.31,39.8,CLEAR,0.0,10.0,16.7,0.54,0,49,60,1.22,GOLD,55.92,0.0,0.282,0.077,0.25,1.61,90.03,70.93,19.1,0.7642,1,0
REQ-004814,4,SUBURB_NORTH,DOWNTOWN,XL,12.31,37.7,HEAVY_RAIN,20.4,1.8,21.5,0.37,1,39,32,0.82,REGULAR,54.47,0.915,0.163,0.0,0.0,2.08,113.3,90.86,22.44,0.3936,1,0
REQ-004815,5,SUBURB_NORTH,FINANCIAL_DISTRICT,PREMIUM,6.43,17.0,HEAVY_RAIN,26.5,0.5,11.6,0.4,1,20,50,2.5,REGULAR,40.45,1.048,0.178,0.525,0.0,2.75,111.24,90.51,20.73,0.1151,0,0
REQ-004816,8,AIRPORT,FINANCIAL_DISTRICT,STANDARD,16.86,32.6,CLEAR,0.0,10.0,31.4,0.47,0,60,33,0.55,REGULAR,35.48,0.0,0.099,0.0,0.2,1.3,46.12,35.65,10.47,0.8085,0,0
REQ-004817,7,SUBURB_NORTH,TECH_CORRIDOR,COMFORT,13.65,39.2,THUNDERSTORM,54.1,2.9,27.3,0.69,1,57,30,0.53,REGULAR,44.66,1.2,0.578,0.0,0.2,2.98,133.09,108.66,24.43,0.0697,0,0
REQ-004818,10,TECH_CORRIDOR,DOWNTOWN,PREMIUM,9.15,23.2,RAIN,10.7,7.3,21.4,0.1,1,35,52,1.49,GOLD,53.34,0.37,0.12,0.171,0.0,1.66,88.54,69.93,18.61,0.7419,1,0
REQ-004819,7,AIRPORT,SUBURB_NORTH,PREMIUM,18.65,58.8,RAIN,8.3,4.3,17.3,0.6,0,53,72,1.36,GOLD,110.2,0.343,0.347,0.126,0.2,2.02,222.6,178.19,44.41,0.5479,0,0
REQ-004820,11,TECH_CORRIDOR,SUBURB_NORTH,COMFORT,5.95,14.2,DRIZZLE,0.0,10.0,25.3,0.19,0,14,27,1.93,REGULAR,20.71,0.109,0.0,0.325,0.0,1.43,29.62,23.11,6.51,0.7555,1,0
REQ-004821,10,AIRPORT,FINANCIAL_DISTRICT,PREMIUM,20.52,61.8,RAIN,8.5,4.2,9.0,0.42,0,31,28,0.9,REGULAR,117.99,0.403,0.069,0.0,0.0,1.47,173.45,135.63,37.82,0.7373,1,0
REQ-004822,6,AIRPORT,TECH_CORRIDOR,COMFORT,27.0,86.1,CLEAR,0.0,10.0,8.6,0.13,0,20,11,0.55,REGULAR,87.79,0.0,0.0,0.0,0.0,1.0,87.79,65.84,21.95,0.8966,1,0
REQ-004823,0,FINANCIAL_DISTRICT,AIRPORT,STANDARD,9.83,25.2,DRIZZLE,0.0,10.0,5.3,0.17,0,19,31,1.63,REGULAR,24.11,0.1,0.0,0.22,0.15,1.47,35.44,27.71,7.73,0.7373,1,0
REQ-004824,8,TECH_CORRIDOR,FINANCIAL_DISTRICT,STANDARD,14.83,36.7,RAIN,5.4,5.9,9.5,0.79,0,26,40,1.54,PLATINUM,34.39,0.311,0.598,0.189,0.2,2.3,79.1,63.8,15.3,0.47,0,0
REQ-004825,19,SUBURB_NORTH,FINANCIAL_DISTRICT,COMFORT,10.75,24.9,CLEAR,0.0,10.0,20.1,0.74,0,32,56,1.75,REGULAR,33.45,0.0,0.526,0.262,0.25,2.04,68.24,54.66,13.58,0.4168,0,0
REQ-004826,0,SUBURB_NORTH,AIRPORT,STANDARD,27.1,84.3,CLEAR,0.0,10.0,25.6,0.23,1,17,38,2.24,REGULAR,66.38,0.02,0.122,0.434,0.15,1.73,114.84,90.98,23.86,0.6006,0,0
REQ-004827,21,DOWNTOWN,TECH_CORRIDOR,COMFORT,21.88,54.9,HEAVY_RAIN,49.8,2.5,12.5,0.2,0,33,59,1.79,REGULAR,65.3,1.121,0.0,0.276,0.0,2.4,156.72,126.68,30.04,0.2315,0,0
REQ-004828,13,SUBURB_NORTH,TECH_CORRIDOR,STANDARD,6.79,12.5,DRIZZLE,0.0,10.0,12.6,0.08,0,45,62,1.38,REGULAR,15.87,0.102,0.0,0.133,0.0,1.24,19.68,15.14,4.54,0.8298,1,0
REQ-004829,15,SUBURB_NORTH,FINANCIAL_DISTRICT,XL,20.37,60.5,RAIN,12.2,5.2,21.9,0.27,0,28,45,1.61,REGULAR,85.08,0.387,0.009,0.214,0.0,1.61,136.98,107.92,29.06,0.6673,1,0
REQ-004830,8,SUBURB_NORTH,DOWNTOWN,XL,14.25,41.8,DRIZZLE,0.0,10.0,7.2,0.54,0,8,32,4.0,REGULAR,61.01,0.1,0.282,1.05,0.2,2.63,160.46,130.29,30.17,0.1478,0,0
REQ-004831,14,AIRPORT,DOWNTOWN,XL,19.22,49.7,THUNDERSTORM,40.6,0.7,24.0,0.38,0,27,17,0.63,GOLD,76.18,1.2,0.048,0.0,0.0,2.25,171.41,138.08,33.33,0.411,0,0
REQ-004832,0,TECH_CORRIDOR,DOWNTOWN,XL,14.09,36.3,CLEAR,0.0,10.0,24.7,0.22,0,41,11,0.27,GOLD,57.37,0.0,0.001,0.0,0.15,1.15,65.98,50.35,15.63,0.9072,1,0
REQ-004833,19,SUBURB_NORTH,FINANCIAL_DISTRICT,COMFORT,8.63,15.7,RAIN,5.8,4.5,27.8,0.67,0,28,31,1.11,REGULAR,25.8,0.315,0.433,0.0,0.25,2.0,51.6,41.28,10.32,0.4403,0,0
REQ-004834,20,AIRPORT,SUBURB_NORTH,STANDARD,10.22,21.1,CLEAR,0.0,10.0,21.6,0.11,0,54,27,0.5,REGULAR,23.16,0.004,0.0,0.0,0.0,1.0,23.16,17.37,5.79,0.8966,1,0
REQ-004835,7,DOWNTOWN,TECH_CORRIDOR,STANDARD,9.5,28.2,RAIN,8.9,6.5,22.3,0.71,0,40,49,1.23,REGULAR,24.75,0.353,0.486,0.08,0.2,2.12,52.47,42.12,10.35,0.371,0,0
REQ-004836,0,AIRPORT,SUBURB_NORTH,PREMIUM,12.68,23.4,DRIZZLE,0.0,10.0,28.1,0.2,0,31,35,1.13,GOLD,63.39,0.1,0.0,0.0,0.15,1.25,79.24,61.02,18.22,0.8849,0,0
REQ-004837,8,TECH_CORRIDOR,DOWNTOWN,STANDARD,18.16,33.7,CLEAR,0.0,10.0,27.7,0.56,0,52,78,1.5,REGULAR,37.49,0.0,0.303,0.175,0.2,1.68,62.98,49.78,13.2,0.629,1,0
REQ-004838,14,TECH_CORRIDOR,DOWNTOWN,XL,16.2,33.6,CLEAR,0.0,10.0,19.7,0.05,0,33,13,0.39,REGULAR,60.18,0.0,0.0,0.0,0.0,1.0,60.18,45.13,15.05,0.8966,1,0
REQ-004839,16,FINANCIAL_DISTRICT,DOWNTOWN,STANDARD,14.57,30.9,CLEAR,0.0,10.0,15.4,0.15,0,43,49,1.14,REGULAR,32.02,0.002,0.0,0.0,0.0,1.0,32.02,24.02,8.0,0.8966,1,0
REQ-004840,5,DOWNTOWN,FINANCIAL_DISTRICT,COMFORT,26.55,59.0,CLEAR,0.0,10.0,24.6,0.16,0,31,73,2.35,GOLD,74.86,0.005,0.0,0.472,0.0,1.48,110.79,86.69,24.1,0.8158,1,0
REQ-004841,1,DOWNTOWN,TECH_CORRIDOR,COMFORT,2.84,8.6,CLEAR,0.0,10.0,8.1,0.07,1,31,75,2.42,PLATINUM,13.06,0.0,0.12,0.497,0.15,1.77,23.12,18.35,4.77,0.7599,1,0
REQ-004842,4,SUBURB_NORTH,DOWNTOWN,XL,17.54,41.2,DRIZZLE,0.0,10.0,13.5,0.43,1,14,79,5.64,REGULAR,67.55,0.1,0.194,1.2,0.0,2.49,168.2,136.21,31.99,0.1953,0,0
REQ-004843,4,SUBURB_NORTH,DOWNTOWN,PREMIUM,5.63,16.3,CLEAR,0.0,10.0,8.5,0.1,0,36,72,2.0,GOLD,37.62,0.0,0.0,0.35,0.0,1.35,50.79,39.41,11.38,0.8581,0,0
REQ-004844,22,AIRPORT,DOWNTOWN,COMFORT,13.73,35.0,THUNDERSTORM,51.2,2.5,5.3,0.43,0,17,53,3.12,PLATINUM,42.9,1.2,0.074,0.742,0.0,3.02,129.56,105.84,23.72,0.1361,1,0
REQ-004845,3,DOWNTOWN,AIRPORT,XL,19.39,61.3,RAIN,11.8,6.0,26.1,0.16,0,26,48,1.85,REGULAR,83.5,0.383,0.0,0.297,0.15,1.83,152.81,121.54,31.27,0.5419,0,0
REQ-004846,18,SUBURB_NORTH,FINANCIAL_DISTRICT,PREMIUM,20.18,55.2,DRIZZLE,0.0,10.0,7.2,0.71,1,52,43,0.83,REGULAR,111.42,0.1,0.606,0.0,0.25,1.96,218.38,174.48,43.9,0.4641,1,0
REQ-004847,23,FINANCIAL_DISTRICT,AIRPORT,PREMIUM,13.19,36.1,CLEAR,0.0,10.0,19.7,0.23,0,37,58,1.57,REGULAR,75.61,0.0,0.002,0.2,0.15,1.35,102.07,79.2,22.87,0.7892,0,0
REQ-004848,12,AIRPORT,SUBURB_NORTH,XL,15.16,34.1,CLEAR,0.0,10.0,9.9,0.14,0,52,75,1.44,GOLD,58.3,0.081,0.0,0.154,0.0,1.23,71.71,55.12,16.59,0.8897,1,0
REQ-004849,13,AIRPORT,DOWNTOWN,XL,27.68,80.3,FOG,0.0,10.0,10.3,0.4,0,57,49,0.86,REGULAR,112.31,0.2,0.058,0.0,0.0,1.26,141.51,109.05,32.46,0.8229,1,0
REQ-004850,10,TECH_CORRIDOR,DOWNTOWN,COMFORT,6.09,11.4,CLEAR,0.0,10.0,12.5,0.43,0,56,32,0.57,REGULAR,19.68,0.0,0.074,0.0,0.0,1.07,21.06,15.93,5.13,0.88,1,0
REQ-004851,19,DOWNTOWN,SUBURB_NORTH,COMFORT,2.76,7.9,HEAVY_RAIN,45.8,2.1,15.4,0.7,1,55,41,0.75,REGULAR,12.61,1.134,0.593,0.0,0.25,2.98,37.58,30.68,6.9,0.0697,0,0
REQ-004852,21,FINANCIAL_DISTRICT,SUBURB_NORTH,XL,5.44,13.9,SNOW,10.3,5.3,-11.9,0.42,1,22,31,1.41,GOLD,25.76,0.754,0.189,0.143,0.0,2.09,53.84,43.19,10.65,0.506,0,0
REQ-004853,10,SUBURB_NORTH,AIRPORT,XL,22.04,64.7,DRIZZLE,0.0,10.0,7.1,0.42,0,9,11,1.22,REGULAR,91.1,0.1,0.069,0.077,0.0,1.25,113.88,87.69,26.19,0.8264,1,0
REQ-004854,1,DOWNTOWN,SUBURB_NORTH,COMFORT,17.72,51.8,CLEAR,0.0,10.0,26.6,0.25,0,13,48,3.69,REGULAR,57.05,0.0,0.005,0.941,0.15,2.1,119.8,96.12,23.68,0.3823,0,0
REQ-004855,0,TECH_CORRIDOR,DOWNTOWN,PREMIUM,15.34,31.7,CLEAR,0.0,10.0,17.5,0.19,1,15,15,1.0,REGULAR,77.9,0.0,0.12,0.0,0.15,1.27,98.93,76.3,22.63,0.8194,0,0
REQ-004856,16,TECH_CORRIDOR,FINANCIAL_DISTRICT,STANDARD,18.48,51.1,CLEAR,0.0,10.0,18.7,0.3,0,58,44,0.76,PLATINUM,43.98,0.0,0.017,0.0,0.0,1.02,44.86,33.73,11.13,0.9504,1,0
REQ-004857,19,DOWNTOWN,TECH_CORRIDOR,COMFORT,14.16,28.9,CLEAR,0.0,10.0,26.5,0.59,1,35,35,1.0,GOLD,40.86,0.0,0.458,0.0,0.25,1.71,69.87,55.3,14.57,0.7183,1,0
REQ-004858,19,TECH_CORRIDOR,SUBURB_NORTH,XL,18.3,56.0,DRIZZLE,0.0,10.0,24.8,0.43,0,29,73,2.52,REGULAR,78.03,0.1,0.074,0.532,0.25,1.96,152.94,122.2,30.74,0.4641,1,0
REQ-004859,8,SUBURB_NORTH,FINANCIAL_DISTRICT,XL,7.79,23.8,CLEAR,0.0,10.0,9.7,0.5,0,54,44,0.81,REGULAR,36.64,0.0,0.244,0.0,0.2,1.44,52.76,41.18,11.58,0.751,0,0
REQ-004860,17,SUBURB_NORTH,AIRPORT,STANDARD,19.49,51.9,CLEAR,0.0,10.0,24.8,0.61,0,29,43,1.48,REGULAR,45.52,0.0,0.361,0.168,0.25,1.78,81.03,64.32,16.71,0.5715,0,0
REQ-004861,15,DOWNTOWN,TECH_CORRIDOR,STANDARD,26.78,66.7,FOG,0.0,10.0,7.7,0.39,0,40,72,1.8,GOLD,59.82,0.23,0.053,0.28,0.0,1.56,93.32,73.34,19.98,0.7852,1,0
REQ-004862,20,SUBURB_NORTH,FINANCIAL_DISTRICT,PREMIUM,10.85,20.3,CLEAR,0.0,10.0,25.1,0.2,0,22,65,2.95,REGULAR,55.63,0.062,0.0,0.682,0.0,1.74,96.8,76.72,20.08,0.5948,1,0
REQ-004863,4,TECH_CORRIDOR,SUBURB_NORTH,PREMIUM,4.93,15.6,RAIN,10.1,4.8,9.0,0.28,0,58,39,0.67,PLATINUM,35.06,0.364,0.011,0.0,0.0,1.37,48.03,37.32,10.71,0.8921,1,0
REQ-004864,10,DOWNTOWN,FINANCIAL_DISTRICT,XL,20.12,51.6,CLEAR,0.0,10.0,18.1,0.24,1,40,22,0.55,REGULAR,79.21,0.017,0.123,0.0,0.0,1.14,90.3,68.83,21.47,0.861,1,0
REQ-004865,10,DOWNTOWN,TECH_CORRIDOR,STANDARD,25.1,66.3,CLEAR,0.0,10.0,29.8,0.27,0,55,38,0.69,REGULAR,57.58,0.0,0.009,0.0,0.0,1.01,58.16,43.68,14.48,0.8944,1,0
REQ-004866,8,SUBURB_NORTH,DOWNTOWN,PREMIUM,2.76,5.8,DRIZZLE,0.0,10.0,15.8,0.48,2,16,74,4.62,REGULAR,20.66,0.1,0.346,1.2,0.2,2.85,58.88,47.98,10.9,0.0928,0,0
REQ-004867,12,FINANCIAL_DISTRICT,SUBURB_NORTH,XL,22.6,54.3,DRIZZLE,0.0,10.0,22.2,0.11,1,56,40,0.71,REGULAR,86.04,0.1,0.12,0.0,0.0,1.22,104.97,80.62,24.35,0.8364,1,0
REQ-004868,0,TECH_CORRIDOR,DOWNTOWN,XL,8.97,21.2,CLEAR,0.0,10.0,20.5,0.29,0,29,30,1.03,REGULAR,37.56,0.0,0.014,0.0,0.15,1.16,43.57,33.28,10.29,0.8552,1,0
REQ-004869,18,FINANCIAL_DISTRICT,DOWNTOWN,XL,24.19,63.1,CLEAR,0.0,10.0,28.1,0.75,1,25,38,1.52,REGULAR,94.66,0.0,0.659,0.182,0.25,2.09,197.84,158.7,39.14,0.3879,1,0
REQ-004870,3,DOWNTOWN,TECH_CORRIDOR,PREMIUM,2.72,6.2,CLEAR,0.0,10.0,7.0,0.15,0,51,47,0.92,REGULAR,20.89,0.0,0.0,0.0,0.15,1.15,24.02,18.33,5.69,0.8581,1,0
REQ-004871,15,FINANCIAL_DISTRICT,TECH_CORRIDOR,XL,19.41,60.2,CLEAR,0.0,10.0,19.4,0.1,0,60,49,0.82,REGULAR,82.88,0.0,0.0,0.0,0.0,1.0,82.88,62.16,20.72,0.8966,1,0
REQ-004872,12,AIRPORT,SUBURB_NORTH,PREMIUM,4.98,13.3,CLEAR,0.0,10.0,26.3,0.34,0,43,40,0.93,REGULAR,33.24,0.0,0.03,0.0,0.0,1.03,34.24,25.78,8.46,0.8897,1,0
REQ-004873,4,SUBURB_NORTH,DOWNTOWN,COMFORT,26.81,83.3,CLEAR,0.0,10.0,15.2,0.39,1,28,12,0.43,REGULAR,86.22,0.056,0.173,0.0,0.0,1.23,106.05,81.52,24.53,0.8331,1,0
REQ-004874,15,TECH_CORRIDOR,FINANCIAL_DISTRICT,COMFORT,5.77,16.5,CLEAR,0.0,10.0,12.5,0.44,0,28,72,2.57,REGULAR,21.44,0.059,0.08,0.549,0.0,1.69,36.23,28.65,7.58,0.6234,1,0
REQ-004875,0,DOWNTOWN,FINANCIAL_DISTRICT,XL,8.37,22.8,CLEAR,0.0,10.0,17.0,0.23,0,15,75,5.0,REGULAR,37.26,0.0,0.002,1.2,0.15,2.35,87.56,70.7,16.86,0.2535,0,0
REQ-004876,17,AIRPORT,DOWNTOWN,XL,27.09,54.1,CLEAR,0.0,10.0,11.8,0.42,0,40,47,1.18,REGULAR,95.35,0.077,0.069,0.0,0.25,1.4,133.49,103.93,29.56,0.7685,0,0
REQ-004877,7,SUBURB_NORTH,TECH_CORRIDOR,PREMIUM,12.19,24.3,RAIN,11.5,7.9,10.5,0.77,1,19,69,3.63,REGULAR,62.79,0.379,0.689,0.92,0.2,3.19,200.3,163.98,36.32,0.0433,0,0
REQ-004878,21,AIRPORT,DOWNTOWN,XL,11.59,27.9,RAIN,12.0,5.9,29.7,0.08,1,56,63,1.12,REGULAR,47.08,0.385,0.12,0.0,0.0,1.5,70.62,55.32,15.3,0.7231,0,0
REQ-004879,8,AIRPORT,TECH_CORRIDOR,STANDARD,13.98,31.2,CLEAR,0.0,10.0,21.9,0.48,0,29,29,1.0,PLATINUM,31.4,0.034,0.106,0.0,0.2,1.34,42.08,32.63,9.45,0.8988,1,0
REQ-004880,12,SUBURB_NORTH,DOWNTOWN,XL,22.41,64.7,CLEAR,0.0,10.0,23.3,0.42,0,28,36,1.29,GOLD,91.88,0.047,0.069,0.102,0.0,1.22,112.09,86.09,26.0,0.8921,1,0
REQ-004881,16,SUBURB_NORTH,FINANCIAL_DISTRICT,STANDARD,14.66,46.9,CLEAR,0.0,10.0,24.4,0.15,1,17,25,1.47,GOLD,37.73,0.0,0.12,0.164,0.0,1.28,48.29,37.27,11.02,0.8774,1,0
REQ-004882,21,FINANCIAL_DISTRICT,SUBURB_NORTH,PREMIUM,13.82,43.7,CLEAR,0.0,10.0,28.4,0.24,0,13,64,4.92,REGULAR,83.85,0.0,0.003,1.2,0.0,2.2,184.47,148.41,36.06,0.3274,1,0
REQ-004883,3,AIRPORT,TECH_CORRIDOR,STANDARD,23.81,63.1,CLEAR,0.0,10.0,24.7,0.45,0,15,43,2.87,GOLD,54.85,0.0,0.086,0.654,0.15,1.89,103.67,82.63,21.04,0.6234,1,0
REQ-004884,1,FINANCIAL_DISTRICT,AIRPORT,XL,5.58,14.3,DRIZZLE,0.0,10.0,19.2,0.1,0,22,45,2.05,GOLD,26.3,0.1,0.0,0.367,0.15,1.62,42.61,33.59,9.02,0.7599,1,0
REQ-004885,18,FINANCIAL_DISTRICT,AIRPORT,PREMIUM,25.99,64.7,DRIZZLE,0.0,10.0,18.4,0.66,0,32,16,0.5,REGULAR,135.76,0.1,0.419,0.0,0.25,1.77,240.3,190.68,49.62,0.5774,0,0
REQ-004886,16,FINANCIAL_DISTRICT,SUBURB_NORTH,PREMIUM,11.28,26.2,SNOW,5.9,5.0,-7.3,0.39,0,47,46,0.98,REGULAR,61.85,0.625,0.053,0.0,0.0,1.68,103.91,82.14,21.77,0.629,1,0
REQ-004887,9,TECH_CORRIDOR,DOWNTOWN,STANDARD,14.72,33.6,RAIN,10.0,6.3,24.8,0.51,0,23,65,2.83,REGULAR,33.16,0.362,0.252,0.64,0.2,2.45,81.24,65.74,15.5,0.2108,0,0
REQ-004888,22,SUBURB_NORTH,FINANCIAL_DISTRICT,PREMIUM,7.93,17.4,CLEAR,0.0,10.0,18.6,0.18,0,59,27,0.46,GOLD,44.99,0.0,0.0,0.0,0.0,1.0,44.99,33.74,11.25,0.9334,1,0
REQ-004889,22,SUBURB_NORTH,FINANCIAL_DISTRICT,XL,15.98,36.2,CLEAR,0.0,10.0,30.9,0.14,0,44,70,1.59,REGULAR,61.28,0.0,0.0,0.207,0.0,1.21,74.15,56.9,17.25,0.8397,1,0
REQ-004890,1,SUBURB_NORTH,DOWNTOWN,STANDARD,9.31,22.1,RAIN,13.1,7.1,23.7,0.1,0,58,27,0.47,GOLD,22.38,0.397,0.0,0.0,0.15,1.55,34.69,27.25,7.44,0.7892,1,0
REQ-004891,22,FINANCIAL_DISTRICT,DOWNTOWN,XL,6.18,14.5,CLEAR,0.0,10.0,24.5,0.08,0,60,67,1.12,GOLD,27.68,0.0,0.0,0.0,0.0,1.0,27.68,20.76,6.92,0.9334,1,0
REQ-004892,19,SUBURB_NORTH,TECH_CORRIDOR,COMFORT,10.26,32.8,CLEAR,0.0,10.0,22.7,0.75,1,15,43,2.87,GOLD,36.19,0.041,0.661,0.654,0.25,2.61,94.46,76.67,17.79,0.2272,0,0
REQ-004893,15,DOWNTOWN,SUBURB_NORTH,XL,22.62,44.0,THUNDERSTORM,40.9,1.1,23.6,0.05,0,41,34,0.83,REGULAR,79.9,1.2,0.0,0.0,0.0,2.2,175.78,141.42,34.36,0.3274,0,0
REQ-004894,2,FINANCIAL_DISTRICT,AIRPORT,PREMIUM,14.23,29.9,RAIN,10.0,4.6,18.7,0.34,0,37,64,1.73,GOLD,73.25,0.389,0.03,0.256,0.15,1.82,133.31,105.99,27.32,0.662,1,0
REQ-004895,19,SUBURB_NORTH,AIRPORT,COMFORT,12.55,27.0,DRIZZLE,0.0,10.0,29.9,0.67,0,27,26,0.96,REGULAR,37.36,0.117,0.432,0.0,0.25,1.8,67.25,53.43,13.82,0.5597,1,0
REQ-004896,22,TECH_CORRIDOR,DOWNTOWN,PREMIUM,15.67,43.8,CLEAR,0.0,10.0,20.0,0.35,0,27,47,1.74,REGULAR,89.11,0.0,0.034,0.259,0.0,1.29,114.95,88.8,26.15,0.8121,1,0
REQ-004897,11,TECH_CORRIDOR,DOWNTOWN,XL,20.11,60.6,RAIN,10.7,6.7,22.5,0.07,0,15,18,1.2,GOLD,84.59,0.37,0.0,0.0,0.0,1.37,115.89,90.05,25.84,0.8522,1,0
REQ-004898,14,DOWNTOWN,FINANCIAL_DISTRICT,STANDARD,16.36,46.2,RAIN,5.0,6.3,5.5,0.36,0,20,26,1.3,GOLD,39.62,0.355,0.039,0.105,0.0,1.5,59.43,46.55,12.88,0.8085,0,0
REQ-004899,23,SUBURB_NORTH,TECH_CORRIDOR,XL,21.94,60.6,DRIZZLE,0.0,10.0,6.9,0.36,0,25,73,2.92,GOLD,88.43,0.1,0.039,0.672,0.15,1.96,173.32,138.48,34.84,0.5832,0,0
REQ-004900,15,FINANCIAL_DISTRICT,SUBURB_NORTH,XL,18.18,45.3,CLEAR,0.0,10.0,13.0,0.25,0,17,78,4.59,REGULAR,71.36,0.0,0.005,1.2,0.0,2.21,157.71,126.92,30.79,0.3221,1,0
REQ-004901,2,DOWNTOWN,TECH_CORRIDOR,STANDARD,26.05,55.6,DRIZZLE,0.0,10.0,28.5,0.38,0,43,27,0.63,GOLD,55.02,0.1,0.048,0.0,0.15,1.3,71.53,55.3,16.23,0.8721,1,0
REQ-004902,5,SUBURB_NORTH,DOWNTOWN,COMFORT,24.87,66.7,RAIN,6.6,7.4,9.0,0.23,0,48,47,0.98,GOLD,75.56,0.344,0.002,0.0,0.0,1.35,102.01,79.15,22.86,0.8581,1,0
REQ-004903,8,AIRPORT,TECH_CORRIDOR,STANDARD,15.85,38.4,FOG,0.0,10.0,20.5,0.7,0,9,29,3.22,REGULAR,36.25,0.2,0.472,0.777,0.2,2.65,96.06,78.03,18.03,0.1419,0,0
REQ-004904,4,TECH_CORRIDOR,SUBURB_NORTH,XL,25.11,76.1,RAIN,7.3,4.1,6.1,0.37,0,29,64,2.21,GOLD,104.39,0.345,0.043,0.423,0.0,1.81,188.95,150.17,38.78,0.6673,0,0
REQ-004905,8,SUBURB_NORTH,AIRPORT,XL,22.41,64.7,RAIN,5.2,4.8,28.2,0.85,0,57,48,0.84,REGULAR,91.88,0.308,0.689,0.0,0.2,2.2,202.14,162.63,39.51,0.3274,0,0
REQ-004906,4,SUBURB_NORTH,FINANCIAL_DISTRICT,COMFORT,26.18,78.8,DRIZZLE,0.0,10.0,20.6,0.21,0,10,75,7.5,REGULAR,83.16,0.1,0.0,1.2,0.0,2.3,191.27,154.26,37.01,0.2769,0,0
REQ-004907,21,TECH_CORRIDOR,DOWNTOWN,COMFORT,13.24,35.0,RAIN,12.7,7.7,20.9,0.12,0,27,64,2.37,REGULAR,42.1,0.393,0.0,0.479,0.0,1.87,78.73,62.71,16.02,0.518,1,0
REQ-004908,0,FINANCIAL_DISTRICT,SUBURB_NORTH,XL,16.0,45.1,DRIZZLE,0.0,10.0,24.9,0.07,0,48,65,1.35,GOLD,66.66,0.1,0.0,0.123,0.15,1.37,91.32,70.96,20.36,0.8522,1,0
REQ-004909,3,AIRPORT,TECH_CORRIDOR,STANDARD,10.65,29.4,RAIN,10.0,5.6,11.1,0.32,0,46,56,1.22,REGULAR,26.6,0.362,0.023,0.077,0.15,1.61,42.83,33.75,9.08,0.6673,1,0
REQ-004910,4,DOWNTOWN,AIRPORT,STANDARD,21.4,39.4,DRIZZLE,0.0,10.0,18.7,0.11,0,27,13,0.48,GOLD,43.54,0.1,0.0,0.0,0.0,1.1,47.89,36.35,11.54,0.9168,1,0
REQ-004911,3,FINANCIAL_DISTRICT,SUBURB_NORTH,STANDARD,14.95,36.6,DRIZZLE,0.0,10.0,8.4,0.15,0,22,58,2.64,GOLD,34.5,0.1,0.0,0.574,0.15,1.82,62.79,49.92,12.87,0.662,1,0
REQ-004912,10,TECH_CORRIDOR,DOWNTOWN,STANDARD,3.19,6.2,DRIZZLE,0.0,10.0,30.9,0.26,0,47,55,1.17,REGULAR,9.16,0.159,0.007,0.0,0.0,1.17,10.72,8.2,2.52,0.8522,1,0
REQ-004913,6,SUBURB_NORTH,TECH_CORRIDOR,STANDARD,11.56,35.2,CLEAR,0.0,10.0,12.2,0.07,0,30,64,2.13,GOLD,29.77,0.071,0.0,0.395,0.0,1.47,43.76,34.22,9.54,0.8194,1,0
REQ-004914,23,DOWNTOWN,SUBURB_NORTH,XL,20.33,47.8,DRIZZLE,0.0,10.0,9.0,0.37,0,26,34,1.31,REGULAR,77.37,0.1,0.043,0.109,0.15,1.4,108.32,84.33,23.99,0.7685,0,0
REQ-004915,17,DOWNTOWN,FINANCIAL_DISTRICT,COMFORT,18.43,49.8,BLIZZARD,33.7,0.7,-5.2,0.83,0,51,12,0.24,REGULAR,57.32,1.2,0.66,0.0,0.25,3.11,178.27,145.8,32.47,0.052,0,0
REQ-004916,2,SUBURB_NORTH,DOWNTOWN,COMFORT,3.39,7.4,CLEAR,0.0,10.0,25.6,0.11,1,34,40,1.18,REGULAR,13.42,0.003,0.12,0.0,0.15,1.27,17.04,13.14,3.9,0.8194,0,0
REQ-004917,20,AIRPORT,SUBURB_NORTH,XL,27.65,74.1,DRIZZLE,0.0,10.0,25.7,0.08,0,39,10,0.26,REGULAR,108.52,0.147,0.0,0.0,0.0,1.15,124.8,95.23,29.57,0.8581,0,0
REQ-004918,18,DOWNTOWN,FINANCIAL_DISTRICT,XL,5.14,14.3,CLEAR,0.0,10.0,10.4,0.44,1,52,23,0.44,REGULAR,25.37,0.0,0.2,0.0,0.25,1.45,36.79,28.73,8.06,0.7465,0,0
REQ-004919,17,SUBURB_NORTH,AIRPORT,STANDARD,13.7,35.0,DRIZZLE,0.0,10.0,6.3,0.61,0,23,31,1.35,PLATINUM,32.37,0.1,0.359,0.123,0.25,1.83,59.24,47.12,12.12,0.7326,1,0
REQ-004920,4,TECH_CORRIDOR,FINANCIAL_DISTRICT,STANDARD,18.52,58.4,CLEAR,0.0,10.0,31.7,0.13,0,15,68,4.53,GOLD,46.59,0.061,0.0,1.2,0.0,2.26,105.29,84.84,20.45,0.4052,0,0
REQ-004921,14,TECH_CORRIDOR,FINANCIAL_DISTRICT,COMFORT,24.91,50.5,FOG,0.0,10.0,16.9,0.26,1,27,23,0.85,REGULAR,68.33,0.2,0.127,0.0,0.0,1.33,90.88,70.41,20.47,0.7971,1,0
REQ-004922,15,SUBURB_NORTH,FINANCIAL_DISTRICT,COMFORT,2.63,6.2,THUNDERSTORM,24.7,1.2,24.1,0.07,0,41,43,1.05,GOLD,11.63,1.2,0.0,0.0,0.0,2.2,25.59,20.59,5.0,0.4403,1,0
REQ-004923,9,SUBURB_NORTH,TECH_CORRIDOR,PREMIUM,19.61,38.6,CLEAR,0.0,10.0,10.6,0.67,0,21,33,1.57,REGULAR,95.72,0.0,0.434,0.2,0.2,1.83,175.17,139.32,35.85,0.5419,1,0
REQ-004924,11,AIRPORT,TECH_CORRIDOR,STANDARD,23.42,43.5,CLEAR,0.0,10.0,25.7,0.19,0,32,78,2.44,REGULAR,47.5,0.0,0.0,0.504,0.0,1.5,71.25,55.81,15.44,0.7231,1,0
REQ-004925,19,TECH_CORRIDOR,DOWNTOWN,STANDARD,2.92,7.8,HEAVY_RAIN,43.9,2.4,12.1,0.68,0,31,73,2.35,REGULAR,9.38,1.054,0.446,0.472,0.25,3.22,30.2,24.73,5.47,0.0404,0,0
REQ-004926,11,SUBURB_NORTH,FINANCIAL_DISTRICT,STANDARD,11.32,22.8,RAIN,8.3,4.5,30.2,0.28,1,25,49,1.96,REGULAR,25.13,0.343,0.131,0.336,0.0,1.81,45.49,36.15,9.34,0.5538,0,0
REQ-004927,2,TECH_CORRIDOR,AIRPORT,XL,23.46,71.6,SNOW,12.2,4.0,-3.6,0.35,0,8,73,9.12,REGULAR,98.23,0.609,0.034,1.2,0.15,2.99,293.71,239.83,53.88,0.0681,0,0
REQ-004928,11,FINANCIAL_DISTRICT,AIRPORT,PREMIUM,11.05,34.2,CLEAR,0.0,10.0,25.6,0.32,0,16,48,3.0,PLATINUM,68.01,0.023,0.023,0.7,0.0,1.75,119.02,94.37,24.65,0.7685,1,0
REQ-004929,19,TECH_CORRIDOR,DOWNTOWN,COMFORT,20.63,50.4,DRIZZLE,0.0,10.0,20.0,0.49,0,14,13,0.93,REGULAR,61.22,0.1,0.113,0.0,0.25,1.46,89.38,69.85,19.53,0.7419,1,0
REQ-004930,17,AIRPORT,DOWNTOWN,PREMIUM,6.42,17.8,CLEAR,0.0,10.0,15.0,0.64,0,22,45,2.05,REGULAR,41.11,0.0,0.395,0.367,0.25,2.01,82.63,66.12,16.51,0.4344,1,0
REQ-004931,3,FINANCIAL_DISTRICT,AIRPORT,XL,6.4,14.1,CLEAR,0.0,10.0,24.3,0.34,0,55,45,0.82,REGULAR,27.9,0.0,0.03,0.0,0.15,1.18,32.92,25.19,7.73,0.8492,0,0
REQ-004932,13,FINANCIAL_DISTRICT,SUBURB_NORTH,STANDARD,8.39,18.7,DRIZZLE,0.0,10.0,9.4,0.27,0,15,54,3.6,REGULAR,20.03,0.1,0.009,0.91,0.0,2.02,40.46,32.39,8.07,0.4285,0,0
REQ-004933,3,AIRPORT,TECH_CORRIDOR,STANDARD,7.88,18.6,DRIZZLE,0.0,10.0,10.2,0.2,0,56,60,1.07,REGULAR,19.36,0.101,0.0,0.0,0.15,1.25,24.2,18.63,5.57,0.8264,1,0
REQ-004934,19,AIRPORT,TECH_CORRIDOR,STANDARD,14.57,45.9,CLEAR,0.0,10.0,7.6,0.49,0,32,58,1.81,REGULAR,37.27,0.0,0.113,0.283,0.25,1.65,61.5,48.55,12.95,0.6457,1,0
REQ-004935,4,DOWNTOWN,TECH_CORRIDOR,PREMIUM,2.72,5.1,FOG,0.0,10.0,24.0,0.24,0,43,27,0.63,REGULAR,19.95,0.2,0.003,0.0,0.0,1.2,23.94,18.35,5.59,0.8429,1,0
REQ-004936,5,SUBURB_NORTH,DOWNTOWN,COMFORT,24.68,45.3,DRIZZLE,0.0,10.0,18.0,0.09,0,17,65,3.82,REGULAR,65.6,0.1,0.0,0.987,0.0,2.09,137.1,109.97,27.13,0.3879,1,0
REQ-004937,5,SUBURB_NORTH,FINANCIAL_DISTRICT,PREMIUM,8.38,19.5,CLEAR,0.0,10.0,13.1,0.35,1,19,23,1.21,REGULAR,48.03,0.0,0.154,0.073,0.0,1.23,59.08,45.41,13.67,0.8331,0,0
REQ-004938,20,AIRPORT,DOWNTOWN,PREMIUM,18.74,59.7,CLEAR,0.0,10.0,30.4,0.27,0,16,35,2.19,REGULAR,111.22,0.041,0.009,0.416,0.0,1.47,163.49,127.84,35.65,0.7373,1,0
REQ-004939,4,AIRPORT,SUBURB_NORTH,PREMIUM,20.74,40.6,RAIN,12.3,4.4,13.1,0.17,0,9,58,6.44,REGULAR,100.58,0.388,0.0,1.2,0.0,2.59,260.5,211.37,49.13,0.1603,0,0
REQ-004940,12,SUBURB_NORTH,AIRPORT,PREMIUM,8.38,17.9,RAIN,10.5,6.0,18.9,0.16,0,32,47,1.47,REGULAR,46.67,0.368,0.0,0.164,0.0,1.53,71.41,56.03,15.38,0.7085,1,0
REQ-004941,21,FINANCIAL_DISTRICT,TECH_CORRIDOR,XL,19.78,57.8,CLEAR,0.0,10.0,15.6,0.45,0,41,27,0.66,REGULAR,82.22,0.037,0.086,0.0,0.0,1.12,92.09,70.05,22.04,0.8667,1,0
REQ-004942,0,TECH_CORRIDOR,DOWNTOWN,COMFORT,20.3,59.7,CLEAR,0.0,10.0,31.4,0.34,0,41,53,1.29,REGULAR,64.86,0.0,0.03,0.102,0.15,1.28,83.02,64.08,18.94,0.8158,1,0
REQ-004943,1,DOWNTOWN,AIRPORT,XL,18.0,45.0,HEAVY_RAIN,38.6,1.4,13.6,0.37,0,54,59,1.09,REGULAR,70.8,1.134,0.043,0.0,0.15,2.33,164.96,133.14,31.82,0.2627,0,0
REQ-004944,6,DOWNTOWN,FINANCIAL_DISTRICT,PREMIUM,26.05,65.4,RAIN,10.3,7.6,7.5,0.1,0,49,68,1.39,REGULAR,136.53,0.366,0.0,0.136,0.0,1.5,204.8,160.43,44.37,0.7231,1,0
REQ-004945,11,DOWNTOWN,SUBURB_NORTH,COMFORT,14.79,32.4,DRIZZLE,0.0,10.0,31.0,0.19,0,42,32,0.76,REGULAR,43.48,0.1,0.0,0.0,0.0,1.1,47.83,36.31,11.52,0.8721,1,0
REQ-004946,10,TECH_CORRIDOR,FINANCIAL_DISTRICT,XL,21.79,48.9,THUNDERSTORM,20.6,1.0,7.6,0.38,0,23,36,1.57,REGULAR,81.1,1.2,0.048,0.2,0.0,2.45,198.69,160.78,37.91,0.2108,0,0
REQ-004947,2,TECH_CORRIDOR,AIRPORT,PREMIUM,25.96,77.4,CLEAR,0.0,10.0,29.0,0.34,0,34,76,2.24,REGULAR,146.48,0.002,0.03,0.434,0.15,1.62,237.3,187.06,50.24,0.662,1,0
REQ-004948,22,TECH_CORRIDOR,FINANCIAL_DISTRICT,XL,24.33,72.4,CLEAR,0.0,10.0,8.5,0.09,0,55,54,0.98,REGULAR,100.53,0.0,0.0,0.0,0.0,1.0,100.53,75.4,25.13,0.8966,1,0
REQ-004949,12,DOWNTOWN,FINANCIAL_DISTRICT,PREMIUM,11.05,29.6,DRIZZLE,0.0,10.0,12.8,0.12,0,20,14,0.7,REGULAR,64.1,0.1,0.0,0.0,0.0,1.1,70.51,53.52,16.99,0.8721,1,0
REQ-004950,2,AIRPORT,FINANCIAL_DISTRICT,COMFORT,5.87,15.5,RAIN,3.5,6.3,30.0,0.22,0,20,69,3.45,REGULAR,21.17,0.289,0.001,0.858,0.15,2.3,48.69,39.27,9.42,0.2769,0,0
REQ-004951,22,FINANCIAL_DISTRICT,TECH_CORRIDOR,PREMIUM,21.83,69.8,CLEAR,0.0,10.0,15.0,0.27,0,23,76,3.3,REGULAR,128.45,0.0,0.009,0.805,0.0,1.81,232.49,184.77,47.72,0.5538,0,0
REQ-004952,14,TECH_CORRIDOR,SUBURB_NORTH,STANDARD,12.86,34.1,HEAVY_RAIN,34.7,1.2,7.4,0.26,0,49,39,0.8,REGULAR,31.01,1.07,0.007,0.0,0.0,2.08,64.5,51.72,12.78,0.3936,1,0
REQ-004953,8,AIRPORT,DOWNTOWN,STANDARD,24.25,52.3,RAIN,6.6,7.2,24.5,0.66,0,55,59,1.07,REGULAR,51.61,0.324,0.42,0.0,0.2,1.94,100.12,79.94,20.18,0.476,0,0
REQ-004954,6,AIRPORT,TECH_CORRIDOR,PREMIUM,7.12,13.0,RAIN,8.5,5.7,23.3,0.38,0,58,32,0.55,PLATINUM,38.99,0.346,0.048,0.0,0.0,1.39,54.2,42.17,12.03,0.8874,1,0
REQ-004955,15,TECH_CORRIDOR,DOWNTOWN,XL,21.46,40.8,CLEAR,0.0,10.0,28.4,0.3,0,39,55,1.41,REGULAR,75.55,0.0,0.017,0.143,0.0,1.16,87.64,66.94,20.7,0.8552,1,0
REQ-004956,11,SUBURB_NORTH,FINANCIAL_DISTRICT,COMFORT,16.4,39.7,CLEAR,0.0,10.0,19.5,0.22,0,38,67,1.76,REGULAR,49.43,0.0,0.001,0.266,0.0,1.27,62.78,48.42,14.36,0.8194,1,0
REQ-004957,23,FINANCIAL_DISTRICT,AIRPORT,STANDARD,18.6,56.1,CLEAR,0.0,10.0,29.0,0.23,0,51,77,1.51,REGULAR,45.88,0.0,0.002,0.178,0.15,1.33,61.02,47.28,13.74,0.7971,1,0
REQ-004958,11,DOWNTOWN,FINANCIAL_DISTRICT,XL,10.18,29.8,CLEAR,0.0,10.0,31.0,0.08,0,54,28,0.52,REGULAR,45.26,0.0,0.0,0.0,0.0,1.0,45.26,33.95,11.31,0.8966,1,0
REQ-004959,15,AIRPORT,DOWNTOWN,COMFORT,4.96,10.1,CLEAR,0.0,10.0,21.6,0.29,0,36,27,0.75,REGULAR,17.22,0.0,0.014,0.0,0.0,1.01,17.39,13.06,4.33,0.8944,1,0
REQ-004960,19,FINANCIAL_DISTRICT,AIRPORT,XL,8.68,25.4,DRIZZLE,0.0,10.0,29.5,0.84,0,18,53,2.94,REGULAR,39.47,0.1,0.674,0.679,0.25,2.7,106.57,86.64,19.93,0.1279,1,0
REQ-004961,17,DOWNTOWN,TECH_CORRIDOR,COMFORT,7.85,15.7,DRIZZLE,0.0,10.0,12.4,0.53,0,50,67,1.34,GOLD,24.51,0.147,0.271,0.119,0.25,1.79,43.87,34.84,9.03,0.6779,1,0
REQ-004962,16,TECH_CORRIDOR,SUBURB_NORTH,STANDARD,11.3,24.4,CLEAR,0.0,10.0,14.7,0.4,0,49,42,0.86,REGULAR,25.66,0.004,0.058,0.0,0.0,1.06,27.2,20.55,6.65,0.8825,1,0
REQ-004963,23,TECH_CORRIDOR,FINANCIAL_DISTRICT,COMFORT,7.12,22.5,CLEAR,0.0,10.0,7.4,0.32,0,57,37,0.65,REGULAR,26.37,0.0,0.023,0.0,0.15,1.17,30.85,23.59,7.26,0.8522,1,0
REQ-004964,12,DOWNTOWN,TECH_CORRIDOR,STANDARD,27.58,78.8,CLEAR,0.0,10.0,22.2,0.2,0,41,66,1.61,REGULAR,65.05,0.0,0.0,0.214,0.0,1.21,78.71,60.4,18.31,0.8397,1,0
REQ-004965,9,DOWNTOWN,AIRPORT,XL,14.64,43.6,CLEAR,0.0,10.0,27.2,0.52,2,11,39,3.55,REGULAR,62.9,0.0,0.501,0.892,0.2,2.59,162.91,132.18,30.73,0.1603,0,0
REQ-004966,2,TECH_CORRIDOR,AIRPORT,XL,7.89,21.4,CLEAR,0.0,10.0,24.5,0.31,0,22,78,3.55,REGULAR,35.41,0.017,0.02,0.892,0.15,2.08,73.65,59.06,14.59,0.3936,0,0
REQ-004967,0,SUBURB_NORTH,DOWNTOWN,COMFORT,7.58,22.3,CLEAR,0.0,10.0,14.3,0.29,1,32,66,2.06,REGULAR,27.05,0.0,0.134,0.371,0.15,1.65,44.63,35.23,9.4,0.6457,1,0
REQ-004968,16,FINANCIAL_DISTRICT,DOWNTOWN,PREMIUM,21.97,40.9,CLEAR,0.0,10.0,13.7,0.4,0,19,26,1.37,PLATINUM,104.29,0.0,0.058,0.13,0.0,1.19,124.11,95.06,29.05,0.9272,1,0
REQ-004969,16,FINANCIAL_DISTRICT,AIRPORT,STANDARD,22.62,70.9,RAIN,6.7,5.1,7.3,0.16,0,14,58,4.14,GOLD,56.1,0.401,0.0,1.099,0.0,2.5,140.25,113.6,26.65,0.2769,0,0
REQ-004970,13,DOWNTOWN,TECH_CORRIDOR,COMFORT,10.45,21.9,RAIN,3.9,4.8,19.0,0.26,0,32,73,2.28,GOLD,31.6,0.357,0.007,0.448,0.0,1.81,57.2,45.46,11.74,0.6673,1,0
REQ-004971,6,DOWNTOWN,FINANCIAL_DISTRICT,STANDARD,19.69,42.1,DRIZZLE,0.0,10.0,25.4,0.42,0,31,71,2.29,REGULAR,42.34,0.1,0.069,0.451,0.0,1.62,68.59,54.07,14.52,0.662,1,0
REQ-004972,22,AIRPORT,TECH_CORRIDOR,COMFORT,16.4,42.4,CLEAR,0.0,10.0,16.0,0.19,0,47,21,0.45,REGULAR,50.64,0.0,0.0,0.0,0.0,1.0,50.64,37.98,12.66,0.8966,1,0
REQ-004973,1,SUBURB_NORTH,TECH_CORRIDOR,PREMIUM,22.66,70.9,DRIZZLE,0.0,10.0,9.9,0.14,0,58,67,1.16,GOLD,131.72,0.1,0.0,0.0,0.15,1.25,164.65,126.78,37.87,0.8849,0,0
REQ-004974,19,TECH_CORRIDOR,FINANCIAL_DISTRICT,STANDARD,20.29,61.7,RAIN,7.9,5.9,22.3,0.58,0,52,39,0.75,REGULAR,49.95,0.339,0.326,0.0,0.25,1.92,95.9,76.52,19.38,0.488,1,0
REQ-004975,22,AIRPORT,SUBURB_NORTH,COMFORT,7.78,22.7,HEAVY_RAIN,58.4,1.0,25.4,0.11,0,47,23,0.49,REGULAR,27.55,1.2,0.0,0.0,0.0,2.2,60.61,48.76,11.85,0.3274,0,0
REQ-004976,7,TECH_CORRIDOR,SUBURB_NORTH,COMFORT,24.83,48.0,CLEAR,0.0,10.0,21.3,0.64,0,39,69,1.77,REGULAR,67.07,0.0,0.396,0.269,0.2,1.86,124.75,99.33,25.42,0.524,1,0
REQ-004977,21,AIRPORT,FINANCIAL_DISTRICT,STANDARD,15.35,36.2,DRIZZLE,0.0,10.0,14.8,0.43,1,55,13,0.24,GOLD,34.86,0.1,0.194,0.0,0.0,1.29,44.97,34.74,10.23,0.8748,1,0
REQ-004978,18,TECH_CORRIDOR,DOWNTOWN,STANDARD,6.67,21.0,CLEAR,0.0,10.0,11.9,0.58,0,44,67,1.52,REGULAR,18.69,0.061,0.326,0.182,0.25,1.82,34.02,27.05,6.97,0.5479,0,0
REQ-004979,1,TECH_CORRIDOR,AIRPORT,COMFORT,22.66,64.5,THUNDERSTORM,29.1,2.0,26.0,0.26,0,57,15,0.26,REGULAR,70.92,1.177,0.007,0.0,0.15,2.33,165.24,133.36,31.88,0.2627,0,0
REQ-004980,2,TECH_CORRIDOR,AIRPORT,STANDARD,27.44,78.2,CLEAR,0.0,10.0,10.5,0.1,2,46,49,1.07,GOLD,64.67,0.0,0.24,0.0,0.15,1.39,89.89,69.94,19.95,0.8461,1,0
REQ-004981,1,DOWNTOWN,FINANCIAL_DISTRICT,COMFORT,24.54,50.6,CLEAR,0.0,10.0,30.5,0.27,0,14,80,5.71,REGULAR,67.76,0.0,0.009,1.2,0.15,2.36,159.91,129.15,30.76,0.249,1,0
REQ-004982,12,AIRPORT,FINANCIAL_DISTRICT,COMFORT,11.61,35.0,CLEAR,0.0,10.0,24.2,0.27,0,58,56,0.97,REGULAR,39.41,0.0,0.009,0.0,0.0,1.01,39.8,29.89,9.91,0.8944,1,0
REQ-004983,10,DOWNTOWN,AIRPORT,COMFORT,12.37,28.3,CLEAR,0.0,10.0,22.2,0.15,0,34,47,1.38,REGULAR,37.65,0.0,0.0,0.133,0.0,1.13,42.54,32.39,10.15,0.8639,1,0
REQ-004984,12,FINANCIAL_DISTRICT,AIRPORT,COMFORT,23.15,61.7,CLEAR,0.0,10.0,28.2,0.31,1,13,29,2.23,REGULAR,70.47,0.0,0.14,0.43,0.0,1.57,110.64,87.0,23.64,0.6883,0,0
REQ-004985,11,DOWNTOWN,SUBURB_NORTH,COMFORT,14.32,34.2,CLEAR,0.0,10.0,30.3,0.13,0,14,67,4.79,REGULAR,43.52,0.0,0.0,1.2,0.0,2.2,95.74,77.03,18.71,0.3274,1,0
REQ-004986,15,SUBURB_NORTH,FINANCIAL_DISTRICT,PREMIUM,12.71,32.6,DRIZZLE,0.0,10.0,8.0,0.11,0,39,42,1.08,PLATINUM,71.3,0.1,0.0,0.0,0.0,1.1,78.43,59.54,18.89,0.9405,0,0
REQ-004987,16,AIRPORT,DOWNTOWN,PREMIUM,22.99,56.7,BLIZZARD,57.9,0.8,-4.5,0.19,0,36,19,0.53,REGULAR,120.57,1.2,0.0,0.0,0.0,2.2,265.25,213.41,51.84,0.3274,0,0
REQ-004988,6,SUBURB_NORTH,AIRPORT,PREMIUM,24.33,59.3,HEAVY_RAIN,35.3,2.2,26.1,0.07,0,47,57,1.21,REGULAR,126.52,0.977,0.0,0.073,0.0,2.05,259.37,207.81,51.56,0.411,1,0
REQ-004989,19,AIRPORT,DOWNTOWN,COMFORT,22.59,45.4,CLEAR,0.0,10.0,16.7,0.55,0,59,61,1.03,REGULAR,62.2,0.0,0.292,0.0,0.25,1.54,95.79,75.2,20.59,0.7035,0,0
REQ-004990,11,FINANCIAL_DISTRICT,SUBURB_NORTH,PREMIUM,4.62,10.2,CLEAR,0.0,10.0,15.0,0.09,0,28,57,2.04,REGULAR,29.61,0.0,0.0,0.364,0.0,1.36,40.27,31.27,9.0,0.7852,0,0
REQ-004991,18,TECH_CORRIDOR,FINANCIAL_DISTRICT,STANDARD,27.22,65.8,THUNDERSTORM,45.5,1.3,29.3,0.56,0,8,74,9.25,REGULAR,60.05,1.2,0.303,1.2,0.25,3.5,210.17,172.64,37.53,0.021,0,1
REQ-004992,8,AIRPORT,FINANCIAL_DISTRICT,PREMIUM,22.12,49.1,DRIZZLE,0.0,10.0,17.9,0.75,2,43,74,1.72,GOLD,111.67,0.177,0.781,0.252,0.2,2.41,269.12,217.58,51.54,0.3221,0,0
REQ-004993,18,SUBURB_NORTH,FINANCIAL_DISTRICT,XL,23.84,46.2,CLEAR,0.0,10.0,25.1,0.78,0,43,48,1.12,REGULAR,83.78,0.0,0.584,0.0,0.25,1.83,153.32,121.94,31.38,0.5419,1,0
REQ-004994,2,FINANCIAL_DISTRICT,AIRPORT,XL,20.9,63.7,RAIN,12.3,5.7,24.3,0.24,0,43,16,0.37,REGULAR,88.11,0.406,0.003,0.0,0.15,1.56,137.45,108.02,29.43,0.6934,1,0
REQ-004995,5,SUBURB_NORTH,TECH_CORRIDOR,PREMIUM,12.87,31.4,CLEAR,0.0,10.0,22.2,0.33,0,46,15,0.33,REGULAR,70.73,0.0,0.027,0.0,0.0,1.03,72.85,54.85,18.0,0.8897,1,0
REQ-004996,13,DOWNTOWN,SUBURB_NORTH,XL,2.81,8.3,CLEAR,0.0,10.0,29.8,0.17,2,10,39,3.9,REGULAR,16.88,0.036,0.24,1.015,0.0,2.29,38.66,31.17,7.49,0.2817,0,0
REQ-004997,7,AIRPORT,TECH_CORRIDOR,COMFORT,9.87,29.0,CLEAR,0.0,10.0,15.8,0.83,2,49,78,1.59,REGULAR,33.84,0.0,0.898,0.207,0.2,2.31,78.17,63.06,15.11,0.2721,1,0
REQ-004998,5,FINANCIAL_DISTRICT,DOWNTOWN,STANDARD,12.36,32.1,DRIZZLE,0.0,10.0,12.7,0.41,0,24,32,1.33,REGULAR,29.68,0.1,0.063,0.116,0.0,1.28,37.99,29.32,8.67,0.8158,1,0
REQ-004999,14,TECH_CORRIDOR,DOWNTOWN,PREMIUM,23.02,73.1,RAIN,14.6,7.3,26.7,0.05,1,25,68,2.72,REGULAR,134.59,0.481,0.12,0.602,0.0,2.2,296.1,238.23,57.87,0.3274,0,0
REQ-005000,9,TECH_CORRIDOR,DOWNTOWN,XL,4.27,9.9,CLEAR,0.0,10.0,19.1,0.57,0,19,17,0.89,GOLD,20.91,0.0,0.314,0.0,0.2,1.51,31.57,24.74,6.83,0.8047,1,0
